agency,board,month,requests,slaBreachRate,repeatComplaintRate,escalationRate,openComplaintLoad,avgResolutionDays,nextBreachRate,failed,score,probability
DEP,1,2022-01,149,0.2348993288590604,0.30136986301369861,0,21,0.55616861979166665,0.26804123711340205,0,20.654184274914666,0.11846689895470383
DEP,1,2022-02,97,0.26804123711340205,0.16494845360824742,0,19,2.8434343434343434,0.25954198473282442,0,23.147136569454918,0.11846689895470383
DEP,1,2022-03,131,0.25954198473282442,0.2265625,0,30,2.3391377314814812,0.22321428571428573,0,22.771891791968862,0.11846689895470383
DEP,1,2022-04,112,0.22321428571428573,0.18867924528301888,0,30,2.1176525297619047,0.26470588235294118,0,19.62349802427034,0.083051611493744876
DEP,1,2022-05,170,0.26470588235294118,0.25179856115107913,0,53,2.0556783824640972,0.1941747572815534,0,23.487809656962735,0.11846689895470383
DEP,1,2022-06,206,0.1941747572815534,0.28476821192052981,0.0048543689320388345,52,3.486141304347826,0.12865497076023391,0,18.364649909309851,0.078378378378378383
DEP,1,2022-07,342,0.12865497076023391,0.36148648648648651,0,49,2.6438788244766505,0.18867924528301888,0,13.249882430134717,0.027397260273972601
DEP,1,2022-08,318,0.18867924528301888,0.44787644787644787,0,55,3.2608907585470086,0.26623376623376621,0,18.694460080650984,0.078378378378378383
DEP,1,2022-09,154,0.26623376623376621,0.421875,0,48,8.589604899930988,0.32558139534883723,0,25.964064046787158,0.13513513513513514
DEP,1,2022-10,129,0.32558139534883723,0.33333333333333331,0,57,1.9298379629629629,0.21782178217821782,0,28.77799285215826,0.19
DEP,1,2022-11,101,0.21782178217821782,0.36585365853658536,0,57,5.9047923542354237,0.30769230769230771,0,21.2668887213364,0.11846689895470383
DEP,1,2022-12,130,0.30769230769230771,0.17475728155339806,0,69,8.8373057909604515,0.23684210526315788,0,28.327094958083091,0.19
DEP,1,2023-01,114,0.23684210526315788,0.28205128205128205,0.008771929824561403,64,7.1830590569561155,0.13907284768211919,0,22.792218298988995,0.11846689895470383
DEP,1,2023-02,151,0.13907284768211919,0.15853658536585366,0.019867549668874173,64,4.2924530905077267,0.26666666666666666,0,13.719911523047676,0.078378378378378383
DEP,1,2023-03,75,0.26666666666666666,0.24285714285714285,0.013333333333333334,62,5.7681186868686867,0.18367346938775511,0,24.646669846310548,0.11846689895470383
DEP,1,2023-04,147,0.18367346938775511,0.21495327102803738,0.0068027210884353739,79,1.5643589743589743,0.26229508196721313,0,17.013972415395184,0.078378378378378383
DEP,1,2023-05,122,0.26229508196721313,0.43396226415094341,0.040983606557377046,77,1.864079301075269,0.30172413793103448,0,24.619814336840374,0.11846689895470383
DEP,1,2023-06,116,0.30172413793103448,0.26881720430107525,0.017241379310344827,75,5.5656838512241054,0.14722222222222223,0,27.690374808620405,0.18181818181818182
DEP,1,2023-07,360,0.14722222222222223,0.44625407166123776,0.0055555555555555558,76,1.3743365057257815,0.21461187214611871,0,15.171028390395009,0.078378378378378383
DEP,1,2023-08,219,0.21461187214611871,0.37967914438502676,0.0091324200913242004,90,1.118380758807588,0.12969283276450511,0,20.33483404040474,0.11846689895470383
DEP,1,2023-09,293,0.12969283276450511,0.36328125,0.0034129692832764505,82,4.821998431155408,0.2558139534883721,0,14.228209885945473,0.078378378378378383
DEP,1,2023-10,172,0.2558139534883721,0.3105590062111801,0.011627906976744186,84,1.5401307189542486,0.32692307692307693,0,23.334657023800339,0.11846689895470383
DEP,1,2023-11,156,0.32692307692307693,0.34285714285714286,0.00641025641025641,94,4.196294710806697,0.2857142857142857,0,29.897767069777373,0.19
DEP,1,2023-12,154,0.2857142857142857,0.42372881355932202,0.01948051948051948,99,2.4385579791200596,0.25217391304347825,0,26.705077805864143,0.1702127659574468
DEP,1,2024-01,230,0.25217391304347825,0.38970588235294118,0,105,3.3181268601190474,0.16129032258064516,0,24.027589650805457,0.11846689895470383
DEP,1,2024-02,217,0.16129032258064516,0.5043478260869565,0,101,2.8266308446455506,0.25903614457831325,0,17.170568895665927,0.078378378378378383
DEP,1,2024-03,166,0.25903614457831325,0.35199999999999998,0,108,3.0747161076170508,0.27205882352941174,0,24.361891347343594,0.11846689895470383
DEP,1,2024-04,136,0.27205882352941174,0.5,0,101,6.7866404428904428,0.24427480916030533,0,26.953765941492861,0.17582417582417584
DEP,1,2024-05,131,0.24427480916030533,0.42307692307692307,0,108,5.014364919354839,0.21072796934865901,0,23.998497310564858,0.11846689895470383
DEP,1,2024-06,261,0.21072796934865901,0.51769911504424782,0,121,1.6264840949820789,0.28082191780821919,0,21.118703746692209,0.11846689895470383
DEP,1,2024-07,292,0.28082191780821919,0.48623853211009177,0.0034246575342465752,123,6.3778424329501915,0.25570776255707761,0,27.739276732741434,0.18181818181818182
DEP,1,2024-08,219,0.25570776255707761,0.58947368421052626,0,122,2.4919381313131312,0.33333333333333331,0,25.292762316947144,0.11846689895470383
DEP,1,2024-09,141,0.33333333333333331,0.37391304347826088,0,129,2.6216625207296849,0.15121951219512195,0,30.530205108689543,0.19
DEP,1,2024-10,205,0.15121951219512195,0.40366972477064222,0,125,3.5313895534290274,0.21705426356589147,0,16.284202923955604,0.078378378378378383
DEP,1,2024-11,129,0.21705426356589147,0.39423076923076922,0.0077519379844961239,122,5.0590067340067337,0.20833333333333334,0,21.874644980161595,0.11846689895470383
DEP,1,2024-12,120,0.20833333333333334,0.46000000000000002,0,122,13.714438657407408,0.36486486486486486,1,23.529231225173739,0.11846689895470383
DEP,1,2025-01,148,0.36486486486486486,0.34259259259259262,0,135,18.979387860082305,0.33333333333333331,0,36.85707158446786,0.3271604938271605
DEP,1,2025-02,135,0.33333333333333331,0.36956521739130432,0,145,2.2395500000000004,0.20833333333333334,0,30.58727845656324,0.19
DEP,1,2025-03,144,0.20833333333333334,0.41489361702127658,0,153,2.5159415849673201,0.37777777777777777,1,20.964723687006423,0.11846689895470383
DEP,1,2025-04,90,0.37777777777777777,0.4935064935064935,0,152,12.434218559218559,0.34399999999999997,0,37.265739950995126,0.3271604938271605
DEP,1,2025-05,125,0.34399999999999997,0.49450549450549453,0,157,2.496053240740741,0.16849816849816851,0,32.253812055732645,0.23474178403755869
DEP,1,2025-06,273,0.16849816849816851,0.50943396226415094,0,166,3.0791429924242424,0.1484848484848485,0,18.52280895477405,0.078378378378378383
DEP,1,2025-07,330,0.1484848484848485,0.59398496240601506,0,177,2.7868948101706721,0.23505976095617531,0,17.391646948473795,0.078378378378378383
DEP,1,2025-08,251,0.23505976095617531,0.45806451612903226,0,196,0.90162535919540232,0.27544910179640719,0,23.390548815117246,0.11846689895470383
DEP,1,2025-09,167,0.27544910179640719,0.37606837606837606,0,184,4.1735373991309741,0.31874999999999998,0,26.863857218024332,0.17582417582417584
DEP,1,2025-10,160,0.31874999999999998,0.44444444444444442,0,195,10.980331841909022,0.26704545454545453,0,32.408304687835916,0.23474178403755869
DEP,1,2025-11,176,0.26704545454545453,0.54166666666666663,0,199,2.4788032945736433,0.38524590163934425,1,26.775021090896882,0.17582417582417584
DEP,2,2022-01,68,0.36764705882352944,0.16176470588235295,0,15,1.1643605870020963,0.3888888888888889,1,30.657157018041914,0.23474178403755869
DEP,2,2022-02,54,0.3888888888888889,0.075471698113207544,0,13,3.5155505952380954,0.22580645161290322,0,32.46397773804194,0.23474178403755869
DEP,2,2022-03,62,0.22580645161290322,0.17741935483870969,0.016129032258064516,16,2.9354519774011298,0.21590909090909091,0,19.90143980776217,0.11846689895470383
DEP,2,2022-04,88,0.21590909090909091,0.30232558139534882,0,16,1.5835306186868687,0.14741035856573706,0,19.331440196652817,0.078378378378378383
DEP,2,2022-05,251,0.14741035856573706,0.27542372881355931,0,23,1.4689179189435335,0.28888888888888886,0,13.764050243413232,0.078378378378378383
DEP,2,2022-06,45,0.28888888888888886,0.25,0,19,8.5503401360544231,0.34545454545454546,0,26.599883077820021,0.1702127659574468
DEP,2,2022-07,110,0.34545454545454546,0.19607843137254902,0,26,6.0345738942826319,0.31147540983606559,0,30.330439676733043,0.19
DEP,2,2022-08,122,0.31147540983606559,0.26373626373626374,0,31,4.6896545584045581,0.30534351145038169,0,27.68305435203991,0.18134438558489993
DEP,2,2022-09,131,0.30534351145038169,0.26470588235294118,0,38,4.7129368279569892,0.24657534246575341,0,27.277208959024954,0.17582417582417584
DEP,2,2022-10,73,0.24657534246575341,0.39393939393939392,0,32,3.3393899437412098,0.23880597014925373,0,22.830991233710595,0.11846689895470383
DEP,2,2022-11,67,0.23880597014925373,0.27777777777777779,0,35,4.799359809027778,0.27433628318584069,0,22.00832259381373,0.11846689895470383
DEP,2,2022-12,113,0.27433628318584069,0.20000000000000001,0,51,0.88198024054982815,0.22093023255813954,0,23.698379592285271,0.11846689895470383
DEP,2,2023-01,86,0.22093023255813954,0.26666666666666666,0.069767441860465115,39,11.1656320861678,0.28205128205128205,0,22.430793319839317,0.11846689895470383
DEP,2,2023-02,78,0.28205128205128205,0.34848484848484851,0.01282051282051282,46,5.6784722222222221,0.3559322033898305,1,26.211800368552503,0.16666666666666666
DEP,2,2023-03,59,0.3559322033898305,0.21428571428571427,0,41,16.912749565972224,0.30769230769230771,0,34.010667993796417,0.3271604938271605
DEP,2,2023-04,65,0.30769230769230771,0.33333333333333331,0,49,1.3932383040935674,0.35164835164835168,1,27.134098023747541,0.17582417582417584
DEP,2,2023-05,91,0.35164835164835168,0.33823529411764708,0,58,3.0473407859078594,0.25842696629213485,0,31.164716471476744,0.23474178403755869
DEP,2,2023-06,89,0.25842696629213485,0.24528301886792453,0,56,9.0939636752136739,0.26126126126126126,0,24.661651776507632,0.11846689895470383
DEP,2,2023-07,111,0.26126126126126126,0.30769230769230771,0.027027027027027029,60,5.0065745067497405,0.20610687022900764,0,24.404213178520411,0.11846689895470383
DEP,2,2023-08,131,0.20610687022900764,0.35483870967741937,0.0076335877862595417,59,8.0161984427609436,0.17088607594936708,0,20.837069889841811,0.11846689895470383
DEP,2,2023-09,158,0.17088607594936708,0.45528455284552843,0.025316455696202531,60,1.6291887827317764,0.17941952506596306,0,17.098957548195152,0.078378378378378383
DEP,2,2023-10,379,0.17941952506596306,0.31578947368421051,0,62,1.4876105216622457,0.40000000000000002,1,16.945072112344366,0.078378378378378383
DEP,2,2023-11,80,0.40000000000000002,0.34375,0,65,16.925496031746032,0.30263157894736842,0,38.44121804700012,0.35869565217391303
DEP,2,2023-12,76,0.30263157894736842,0.37704918032786883,0,59,3.2095613143631434,0.30526315789473685,0,27.486719631485791,0.17582417582417584
DEP,2,2024-01,95,0.30526315789473685,0.40277777777777779,0,63,3.0931089743589744,0.21839080459770116,0,27.840606292889778,0.18181818181818182
DEP,2,2024-02,87,0.21839080459770116,0.30769230769230771,0,62,8.4824416035353529,0.2857142857142857,0,21.688811919990627,0.11846689895470383
DEP,2,2024-03,98,0.2857142857142857,0.43010752688172044,0,62,2.1260770975056689,0.30656934306569344,0,26.172336586442206,0.13513513513513514
DEP,2,2024-04,137,0.30656934306569344,0.34831460674157305,0,74,4.720933333333333,0.38636363636363635,1,28.177390016893071,0.19
DEP,2,2024-05,88,0.38636363636363635,0.36986301369863012,0,77,5.8486356209150321,0.57786885245901642,1,34.969182886523967,0.3271604938271605
DEP,2,2024-06,244,0.57786885245901642,0.48113207547169812,0,82,2.8586849139934913,0.31967213114754101,0,50.186622087402455,0.65714285714285714
DEP,2,2024-07,122,0.31967213114754101,0.45121951219512196,0,81,6.3537601626016267,0.51351351351351349,1,30.203468999095964,0.19
DEP,2,2024-08,148,0.51351351351351349,0.54545454545454541,0,80,4.4586875466070097,0.21311475409836064,0,45.719793279196551,0.57692307692307687
DEP,2,2024-09,61,0.21311475409836064,0.45714285714285713,0,79,3.0220206093189965,0.21782178217821782,0,20.893493639295013,0.11846689895470383
DEP,2,2024-10,101,0.21782178217821782,0.421875,0,78,11.922957516339869,0.13709677419354838,0,23.203764696127703,0.11846689895470383
DEP,2,2024-11,124,0.13709677419354838,0.43636363636363634,0,76,1.3279651675485009,0.22535211267605634,0,14.272716271061245,0.078378378378378383
DEP,2,2024-12,71,0.22535211267605634,0.33333333333333331,0,77,5.5682738095238093,0.2932330827067669,0,21.838850103796762,0.11846689895470383
DEP,2,2025-01,133,0.2932330827067669,0.46250000000000002,0,83,2.8682852143482065,0.25675675675675674,0,27.335563721004952,0.17582417582417584
DEP,2,2025-02,74,0.25675675675675674,0.29999999999999999,0,83,2.0656625375375377,0.22772277227722773,0,23.413738869105877,0.11846689895470383
DEP,2,2025-03,101,0.22772277227722773,0.50847457627118642,0,92,0.91936141304347818,0.30769230769230771,0,21.955832502664631,0.11846689895470383
DEP,2,2025-04,104,0.30769230769230771,0.52173913043478259,0,99,4.1483319014891187,0.31428571428571428,0,29.26331938440271,0.19
DEP,2,2025-05,70,0.31428571428571428,0.49122807017543857,0,99,3.0077777777777777,0.37804878048780488,1,29.366496018955484,0.19
DEP,2,2025-06,82,0.37804878048780488,0.43939393939393939,0,108,1.7352073820395737,0.27950310559006208,0,34.000706220695861,0.3271604938271605
DEP,2,2025-07,161,0.27950310559006208,0.54782608695652169,0,113,1.8946358618233619,0.30188679245283018,0,26.750296803997308,0.17582417582417584
DEP,2,2025-08,106,0.30188679245283018,0.379746835443038,0,119,2.4597986111111112,0.26666666666666666,0,27.898935930214243,0.18181818181818182
DEP,2,2025-09,90,0.26666666666666666,0.46875,0,111,9.4768424036281189,0.3595505617977528,1,27.113247341834978,0.17582417582417584
DEP,2,2025-10,89,0.3595505617977528,0.63636363636363635,0,117,8.0405204149933081,0.37037037037037035,1,35.103495468169754,0.3271604938271605
DEP,2,2025-11,54,0.37037037037037035,0.44,0,107,25.122504340277779,0.38823529411764707,1,37.965567634558987,0.35869565217391303
DEP,3,2022-01,137,0.31386861313868614,0.15441176470588236,0,21,1.0277717911877395,0.2982456140350877,0,26.349279877954199,0.1702127659574468
DEP,3,2022-02,114,0.2982456140350877,0.21929824561403508,0.008771929824561403,27,2.4453446502057612,0.30769230769230771,0,25.869169749796292,0.11846689895470383
DEP,3,2022-03,65,0.30769230769230771,0.20634920634920634,0,17,7.3492129629629623,0.27058823529411763,0,27.578496326706183,0.17582417582417584
DEP,3,2022-04,85,0.27058823529411763,0.07792207792207792,0,23,2.5164644866385375,0.28205128205128205,0,22.880325598690774,0.11846689895470383
DEP,3,2022-05,117,0.28205128205128205,0.13829787234042554,0,27,2.3153638151425762,0.32075471698113206,0,24.093796206431126,0.11846689895470383
DEP,3,2022-06,106,0.32075471698113206,0.097826086956521743,0,35,4.6702876984126984,0.18571428571428572,0,27.633694556775822,0.17582417582417584
DEP,3,2022-07,210,0.18571428571428572,0.20212765957446807,0,39,3.1376045037756208,0.25766871165644173,0,17.029295032455021,0.078378378378378383
DEP,3,2022-08,163,0.25766871165644173,0.23076923076923078,0,39,3.9600119291070213,0.32258064516129031,0,23.124781783297529,0.11846689895470383
DEP,3,2022-09,186,0.32258064516129031,0.21264367816091953,0,43,2.1803914835164835,0.29702970297029702,0,27.845559836862822,0.18181818181818182
DEP,3,2022-10,101,0.29702970297029702,0.2441860465116279,0.0099009900990099011,34,6.7119255050505053,0.29347826086956524,0,26.992812440366087,0.17582417582417584
DEP,3,2022-11,92,0.29347826086956524,0.31325301204819278,0,36,5.580486111111111,0.40909090909090912,1,26.75619094424804,0.17582417582417584
DEP,3,2022-12,88,0.40909090909090912,0.27848101265822783,0,45,10.236963783403656,0.2857142857142857,0,37.036274131260384,0.3271604938271605
DEP,3,2023-01,91,0.2857142857142857,0.25609756097560976,0.01098901098901099,49,4.7394955300127712,0.24299065420560748,0,25.84187989755296,0.11846689895470383
DEP,3,2023-02,107,0.24299065420560748,0.14705882352941177,0,50,4.3519785115303984,0.19178082191780821,0,21.742147860124604,0.11846689895470383
DEP,3,2023-03,73,0.19178082191780821,0.22580645161290322,0.013698630136986301,43,6.3507204861111113,0.27272727272727271,0,18.509498550553602,0.078378378378378383
DEP,3,2023-04,99,0.27272727272727271,0.24444444444444444,0,64,4.5913728632478632,0.2857142857142857,0,24.813655447715334,0.11846689895470383
DEP,3,2023-05,140,0.2857142857142857,0.28099173553719009,0,54,3.0718240740740739,0.23157894736842105,0,25.567157688536536,0.11846689895470383
DEP,3,2023-06,95,0.23157894736842105,0.30769230769230771,0,50,3.0417718855218858,0.15730337078651685,0,21.320222172573942,0.11846689895470383
DEP,3,2023-07,178,0.15730337078651685,0.42281879194630873,0.0056179775280898875,60,0.84752397486772479,0.17687074829931973,0,15.565288241529762,0.078378378378378383
DEP,3,2023-08,147,0.17687074829931973,0.33620689655172414,0,52,4.5811021505376353,0.2129032258064516,0,17.474130624577391,0.078378378378378383
DEP,3,2023-09,155,0.2129032258064516,0.27692307692307694,0.0064516129032258064,51,1.8245459401709401,0.30434782608695654,0,19.425190136030832,0.078378378378378383
DEP,3,2023-10,138,0.30434782608695654,0.25961538461538464,0,55,3.6576388888888891,0.24731182795698925,0,27.101142365370407,0.17582417582417584
DEP,3,2023-11,93,0.24731182795698925,0.40000000000000002,0.010752688172043012,56,5.3212560386473431,0.34453781512605042,0,23.700937747244033,0.11846689895470383
DEP,3,2023-12,119,0.34453781512605042,0.40909090909090912,0,61,4.1536854288499026,0.3473684210526316,1,31.245589057829655,0.23474178403755869
DEP,3,2024-01,95,0.3473684210526316,0.30588235294117649,0,61,4.4674049707602341,0.33766233766233766,0,31.030738295769513,0.23474178403755869
DEP,3,2024-02,77,0.33766233766233766,0.26153846153846155,0,73,3.6130982905982907,0.2608695652173913,0,29.956382648190186,0.19
DEP,3,2024-03,92,0.2608695652173913,0.37037037037037035,0,69,3.6033203124999997,0.2839506172839506,0,24.312344375997846,0.11846689895470383
DEP,3,2024-04,81,0.2839506172839506,0.3188405797101449,0,68,13.153997289972899,0.3247863247863248,0,28.166025539569468,0.19
DEP,3,2024-05,117,0.3247863247863248,0.45833333333333331,0,67,11.640136534839923,0.24022346368715083,0,31.759041501333023,0.23474178403755869
DEP,3,2024-06,179,0.24022346368715083,0.47887323943661969,0,74,2.2276970284237727,0.3728813559322034,1,22.928508897503058,0.11846689895470383
DEP,3,2024-07,177,0.3728813559322034,0.4375,0,85,3.5925995649263727,0.26993865030674846,0,33.776209277724817,0.23474178403755869
DEP,3,2024-08,163,0.26993865030674846,0.40310077519379844,0,69,4.8310211049037859,0.31034482758620691,0,25.494023323374027,0.11846689895470383
DEP,3,2024-09,87,0.31034482758620691,0.32758620689655171,0,74,2.2094004065040651,0.18666666666666668,0,27.777408536150979,0.18181818181818182
DEP,3,2024-10,75,0.18666666666666668,0.42424242424242425,0,72,3.7678571428571428,0.17346938775510204,0,18.716536987935132,0.078378378378378383
DEP,3,2024-11,98,0.17346938775510204,0.35999999999999999,0,70,1.1749166666666668,0.33043478260869563,0,16.700540934760394,0.078378378378378383
DEP,3,2024-12,115,0.33043478260869563,0.32467532467532467,0,79,8.3859014675052403,0.19463087248322147,0,30.894687766337686,0.23474178403755869
DEP,3,2025-01,149,0.19463087248322147,0.36363636363636365,0,88,3.3141468253968256,0.25252525252525254,0,19.112395558414399,0.078378378378378383
DEP,3,2025-02,99,0.25252525252525254,0.32203389830508472,0,90,2.327720504009164,0.23762376237623761,0,23.322134782938395,0.11846689895470383
DEP,3,2025-03,101,0.23762376237623761,0.38461538461538464,0,94,16.463588201603667,0.34848484848484851,1,25.853286030813148,0.11846689895470383
DEP,3,2025-04,66,0.34848484848484851,0.48214285714285715,0,97,3.9466269841269845,0.40697674418604651,1,32.259444537903853,0.23474178403755869
DEP,3,2025-05,86,0.40697674418604651,0.375,0,101,7.3741446476964772,0.19298245614035087,0,37.26214469717884,0.3271604938271605
DEP,3,2025-06,228,0.19298245614035087,0.42780748663101603,0,112,1.9091333845366103,0.18909090909090909,0,19.221408471335828,0.078378378378378383
DEP,3,2025-07,275,0.18909090909090909,0.50467289719626163,0,113,1.8851885644768855,0.22651933701657459,0,19.299323499211994,0.078378378378378383
DEP,3,2025-08,181,0.22651933701657459,0.34234234234234234,0,116,1.521746254681648,0.27522935779816515,0,21.427193148441866,0.11846689895470383
DEP,3,2025-09,109,0.27522935779816515,0.37313432835820898,0,114,3.7175112612612615,0.25899280575539568,0,25.979858085229491,0.13513513513513514
DEP,3,2025-10,139,0.25899280575539568,0.376,0,128,8.3417999999999992,0.35789473684210527,1,25.945631245165139,0.13513513513513514
DEP,3,2025-11,95,0.35789473684210527,0.2988505747126437,0,121,3.7927355664488016,0.37614678899082571,1,32.313884318212445,0.23474178403755869
DEP,4,2022-01,63,0.41269841269841268,0.11290322580645161,0,15,1.1709056712962962,0.43902439024390244,1,34.018507657093622,0.3271604938271605
DEP,4,2022-02,41,0.43902439024390244,0.26829268292682928,0,8,5.4085937500000005,0.28358208955223879,0,37.836854795273439,0.35869565217391303
DEP,4,2022-03,67,0.28358208955223879,0.15151515151515152,0,13,2.5812612007168463,0.25,0,24.197077373465845,0.11846689895470383
DEP,4,2022-04,72,0.25,0.2638888888888889,0,15,2.696418650793651,0.23026315789473684,0,22.121054093175111,0.11846689895470383
DEP,4,2022-05,152,0.23026315789473684,0.192,0,36,1.5357347328244275,0.12698412698412698,0,20.129061386970939,0.11846689895470383
DEP,4,2022-06,189,0.12698412698412698,0.39726027397260272,0.0052910052910052907,23,1.2621252750275027,0.085798816568047331,0,12.716325615696023,0.027397260273972601
DEP,4,2022-07,338,0.085798816568047331,0.38762214983713356,0,29,1.3113600234270415,0.12374581939799331,0,9.4222880890353622,0.017391304347826087
DEP,4,2022-08,299,0.12374581939799331,0.43321299638989169,0,22,2.0275304103122731,0.22,0,12.782313421416299,0.027397260273972601
DEP,4,2022-09,200,0.22,0.33333333333333331,0,30,1.0263274016203703,0.22222222222222221,0,19.829616208078949,0.11846689895470383
DEP,4,2022-10,72,0.22222222222222221,0.33823529411764708,0,23,3.6090101969057669,0.17333333333333334,0,20.572922292884435,0.11846689895470383
DEP,4,2022-11,75,0.17333333333333334,0.35714285714285715,0,24,1.7033971471471472,0.36507936507936506,1,16.312959275686072,0.078378378378378383
DEP,4,2022-12,63,0.36507936507936506,0.28301886792452829,0,29,4.0520114942528735,0.20967741935483872,0,31.89462131127366,0.23474178403755869
DEP,4,2023-01,62,0.20967741935483872,0.2711864406779661,0.016129032258064516,23,5.9797589869281049,0.26315789473684209,0,19.879578069789094,0.11846689895470383
DEP,4,2023-02,38,0.26315789473684209,0.37037037037037035,0,29,4.947916666666667,0.125,0,24.391134080955975,0.11846689895470383
DEP,4,2023-03,48,0.125,0.28125,0,25,6.6416533119658121,0.14150943396226415,0,13.254003008561646,0.027397260273972601
DEP,4,2023-04,106,0.14150943396226415,0.34444444444444444,0.018867924528301886,49,2.8997374661246615,0.26865671641791045,0,14.348326331198225,0.078378378378378383
DEP,4,2023-05,134,0.26865671641791045,0.44736842105263158,0,43,1.9657837301587302,0.14285714285714285,0,24.654150307970585,0.11846689895470383
DEP,4,2023-06,119,0.14285714285714285,0.48514851485148514,0,29,4.3158208020050131,0.12465373961218837,0,15.190392379344141,0.078378378378378383
DEP,4,2023-07,361,0.12465373961218837,0.54208754208754206,0,39,0.88804605887939214,0.15032679738562091,0,13.308302648332463,0.027397260273972601
DEP,4,2023-08,153,0.15032679738562091,0.47142857142857142,0,33,2.8683525506638716,0.13725490196078433,0,15.416964277617867,0.078378378378378383
DEP,4,2023-09,255,0.13725490196078433,0.5,0,42,0.87794997741644087,0.1834862385321101,0,14.135396940835131,0.078378378378378383
DEP,4,2023-10,109,0.1834862385321101,0.44086021505376344,0.0091743119266055051,45,1.6222680817610065,0.21818181818181817,0,17.793249601976463,0.078378378378378383
DEP,4,2023-11,55,0.21818181818181817,0.36170212765957449,0,43,1.6368908382066276,0.25,0,20.109478283079454,0.11846689895470383
DEP,4,2023-12,84,0.25,0.37735849056603776,0,44,14.17597891566265,0.25,0,25.731284782182325,0.11846689895470383
DEP,4,2024-01,84,0.25,0.29999999999999999,0,46,6.2479081978319781,0.3235294117647059,0,23.4768460073815,0.11846689895470383
DEP,4,2024-02,68,0.3235294117647059,0.36065573770491804,0,46,3.9440767973856206,0.16494845360824742,0,29.113569913702701,0.19
DEP,4,2024-03,97,0.16494845360824742,0.42682926829268292,0,41,2.9205814270152506,0.27710843373493976,0,16.461066474955963,0.078378378378378383
DEP,4,2024-04,83,0.27710843373493976,0.32203389830508472,0,47,2.3424062049062049,0.21590909090909091,0,24.835807019364633,0.11846689895470383
DEP,4,2024-05,88,0.21590909090909091,0.50632911392405067,0,49,2.1049095607235144,0.15740740740740741,0,20.825996335086078,0.11846689895470383
DEP,4,2024-06,324,0.15740740740740741,0.53676470588235292,0,62,1.0364840121471954,0.19733333333333333,0,16.181502070325809,0.078378378378378383
DEP,4,2024-07,375,0.19733333333333333,0.58188153310104529,0,59,1.8365593768371546,0.14107883817427386,0,19.759924126086769,0.11846689895470383
DEP,4,2024-08,241,0.14107883817427386,0.63033175355450233,0,54,1.9659891598915988,0.20909090909090908,0,15.479585941856707,0.078378378378378383
DEP,4,2024-09,110,0.20909090909090908,0.6179775280898876,0,52,3.4551587301587299,0.1650485436893204,0,21.192331988378026,0.11846689895470383
DEP,4,2024-10,103,0.1650485436893204,0.42352941176470588,0,45,4.7849494949494948,0.19780219780219779,0,16.939226427748292,0.078378378378378383
DEP,4,2024-11,91,0.19780219780219779,0.58904109589041098,0,50,1.2903746770025841,0.2807017543859649,0,19.607560008198391,0.078378378378378383
DEP,4,2024-12,57,0.2807017543859649,0.4375,0,54,1.5723794549266248,0.26363636363636361,0,25.591452270242787,0.11846689895470383
DEP,4,2025-01,110,0.26363636363636361,0.34177215189873417,0,62,2.345547385620915,0.25,0,24.01671974973279,0.11846689895470383
DEP,4,2025-02,56,0.25,0.31818181818181818,0,57,3.2168146630236794,0.32727272727272727,0,22.962364328344623,0.11846689895470383
DEP,4,2025-03,55,0.32727272727272727,0.41860465116279072,0,66,1.8814009661835751,0.29166666666666669,0,29.423657001313494,0.19
DEP,4,2025-04,72,0.29166666666666669,0.53703703703703709,0,70,8.3637459150326805,0.25925925925925924,0,28.754235480567736,0.19
DEP,4,2025-05,108,0.25925925925925924,0.5280898876404494,0,74,1.8109241452991454,0.10284463894967177,0,24.598154869929392,0.11846689895470383
DEP,4,2025-06,457,0.10284463894967177,0.53066666666666662,0,94,0.86209318586320871,0.14595660749506903,0,12.084156079157438,0.027397260273972601
DEP,4,2025-07,507,0.14595660749506903,0.65183246073298429,0,97,1.2083388447971781,0.18110236220472442,0,16.253274327688423,0.078378378378378383
DEP,4,2025-08,254,0.18110236220472442,0.59605911330049266,0,87,1.8184343434343435,0.26595744680851063,0,18.825259621219963,0.078378378378378383
DEP,4,2025-09,94,0.26595744680851063,0.6071428571428571,0,85,3.7427300347222219,0.31147540983606559,0,26.106302662144664,0.13513513513513514
DEP,4,2025-10,122,0.31147540983606559,0.54205607476635509,0.0081967213114754103,85,2.9727459016393443,0.44,1,29.279830076116792,0.19
DEP,4,2025-11,50,0.44,0.39583333333333331,0,84,27.48916122004357,0.46296296296296297,1,43.070928255179474,0.5
DEP,5,2022-01,112,0.33035714285714285,0.12962962962962962,0,26,1.141812015503876,0.28000000000000003,0,27.624696932700967,0.17582417582417584
DEP,5,2022-02,100,0.28000000000000003,0.32323232323232326,0.02,25,3.3111936193619362,0.32051282051282054,0,25.170394896042097,0.11846689895470383
DEP,5,2022-03,156,0.32051282051282054,0.20512820512820512,0.00641025641025641,47,2.9458074212271974,0.41935483870967744,1,27.899433340060742,0.18216123640001344
DEP,5,2022-04,93,0.41935483870967744,0.19780219780219779,0.010752688172043012,49,6.1550824175824168,0.3087248322147651,0,36.577703389869662,0.3271604938271605
DEP,5,2022-05,149,0.3087248322147651,0.22480620155038761,0.026845637583892617,68,2.9461378205128201,0.20909090909090908,0,27.379974021571503,0.17582417582417584
DEP,5,2022-06,110,0.20909090909090908,0.1875,0.018181818181818181,42,10.555647467320261,0.12430939226519337,0,20.716401801846342,0.11846689895470383
DEP,5,2022-07,362,0.12430939226519337,0.27596439169139464,0.0027624309392265192,52,2.5557804608585859,0.17915309446254071,0,12.499296417922565,0.027397260273972601
DEP,5,2022-08,307,0.17915309446254071,0.35687732342007433,0.0032573289902280132,52,2.7564038183134274,0.30081300813008133,0,17.341619085968009,0.078378378378378383
DEP,5,2022-09,123,0.30081300813008133,0.23853211009174313,0.024390243902439025,52,4.2840334236675703,0.2696629213483146,0,26.952286811682846,0.17582417582417584
DEP,5,2022-10,89,0.2696629213483146,0.30120481927710846,0.02247191011235955,50,4.7075015262515265,0.27586206896551724,0,24.843718939101525,0.11846689895470383
DEP,5,2022-11,87,0.27586206896551724,0.25974025974025972,0.011494252873563218,50,5.7475255427841638,0.32467532467532467,0,25.325225154246461,0.11846689895470383
DEP,5,2022-12,154,0.32467532467532467,0.21705426356589147,0.012987012987012988,72,4.3311237373737379,0.21238938053097345,0,28.920394540091021,0.19
DEP,5,2023-01,113,0.21238938053097345,0.30681818181818182,0.017699115044247787,62,2.9096318879855465,0.28947368421052633,0,19.965093187594327,0.11846689895470383
DEP,5,2023-02,76,0.28947368421052633,0.3188405797101449,0,64,3.1878096846846846,0.24786324786324787,0,26.190944012391398,0.16666666666666666
DEP,5,2023-03,117,0.24786324786324787,0.25961538461538464,0.0085470085470085479,75,1.6029219077568135,0.25641025641025639,0,22.347898026440721,0.11846689895470383
DEP,5,2023-04,117,0.25641025641025639,0.32075471698113206,0.0085470085470085479,85,15.938103582554517,0.25547445255474455,0,26.858894648341344,0.17582417582417584
DEP,5,2023-05,137,0.25547445255474455,0.3504273504273504,0,72,9.724111111111112,0.27722772277227725,0,25.271158396793631,0.11846689895470383
DEP,5,2023-06,101,0.27722772277227725,0.36170212765957449,0.019801980198019802,68,7.3629365079365083,0.13496932515337423,0,26.561783501231794,0.1702127659574468
DEP,5,2023-07,326,0.13496932515337423,0.40202702702702703,0.0061349693251533744,78,1.5238989978902955,0.19186046511627908,0,14.029426052224588,0.078378378378378383
DEP,5,2023-08,172,0.19186046511627908,0.35064935064935066,0,70,3.0316203703703706,0.28440366972477066,0,18.567433078761429,0.078378378378378383
DEP,5,2023-09,218,0.28440366972477066,0.35175879396984927,0.027522935779816515,89,1.7357272473478504,0.19811320754716982,0,26.006983370921741,0.13513513513513514
DEP,5,2023-10,106,0.19811320754716982,0.39772727272727271,0,80,3.3332487922705316,0.30188679245283018,0,19.481061533626601,0.078378378378378383
DEP,5,2023-11,106,0.30188679245283018,0.29213483146067415,0.028301886792452831,84,7.5460852396514166,0.38235294117647056,1,28.442654455834681,0.19
DEP,5,2023-12,136,0.38235294117647056,0.40350877192982454,0.029411764705882353,102,2.659622175141243,0.40170940170940173,1,34.469222507854703,0.3271604938271605
DEP,5,2024-01,117,0.40170940170940173,0.31958762886597936,0.0085470085470085479,100,8.0168242296918759,0.24113475177304963,0,36.748936065389934,0.3271604938271605
DEP,5,2024-02,141,0.24113475177304963,0.34482758620689657,0.0070921985815602835,99,4.4651995305164318,0.15333333333333332,0,23.165126975391697,0.11846689895470383
DEP,5,2024-03,150,0.15333333333333332,0.39449541284403672,0.0066666666666666671,92,3.7681219037508846,0.33050847457627119,0,16.146853613271222,0.078378378378378383
DEP,5,2024-04,118,0.33050847457627119,0.29999999999999999,0.016949152542372881,103,3.693659138110073,0.23076923076923078,0,29.998795218415111,0.19
DEP,5,2024-05,130,0.23076923076923078,0.3504273504273504,0.0076923076923076927,105,5.2071777343749996,0.19607843137254902,0,22.607358928347761,0.11846689895470383
DEP,5,2024-06,255,0.19607843137254902,0.39090909090909093,0.0039215686274509803,116,2.8190459927140252,0.28528528528528529,0,19.563453197558168,0.078378378378378383
DEP,5,2024-07,333,0.28528528528528529,0.47232472324723246,0.006006006006006006,117,2.544927627175368,0.21698113207547171,0,27.062789619692225,0.17582417582417584
DEP,5,2024-08,212,0.21698113207547171,0.51851851851851849,0.014150943396226415,108,4.9210124434389142,0.34453781512605042,0,22.340731400621287,0.11846689895470383
DEP,5,2024-09,119,0.34453781512605042,0.42424242424242425,0,113,4.4018213937621837,0.20689655172413793,0,31.932482902595375,0.23474178403755869
DEP,5,2024-10,116,0.20689655172413793,0.39393939393939392,0,109,4.5305092592592597,0.2288135593220339,0,20.757893198113621,0.11846689895470383
DEP,5,2024-11,118,0.2288135593220339,0.44086021505376344,0,110,2.7321343779677112,0.35643564356435642,1,22.328002841144727,0.11846689895470383
DEP,5,2024-12,101,0.35643564356435642,0.4157303370786517,0,115,3.8033926504629627,0.27956989247311825,0,32.720400870029998,0.23474178403755869
DEP,5,2025-01,186,0.27956989247311825,0.31578947368421051,0.010752688172043012,135,2.4662859772423023,0.21621621621621623,0,26.018963165951035,0.13513513513513514
DEP,5,2025-02,185,0.21621621621621623,0.34513274336283184,0,132,3.546472369976359,0.33057851239669422,0,21.269143974508474,0.11846689895470383
DEP,5,2025-03,121,0.33057851239669422,0.30927835051546393,0.024793388429752067,140,2.8231563421828909,0.30434782608695654,0,30.275394438255962,0.19
DEP,5,2025-04,92,0.30434782608695654,0.41860465116279072,0,146,4.3320090439276493,0.26174496644295303,0,29.022789272541822,0.19
DEP,5,2025-05,149,0.26174496644295303,0.48275862068965519,0.020134228187919462,152,1.78235236985237,0.14634146341463414,0,25.492245963457073,0.11846689895470383
DEP,5,2025-06,410,0.14634146341463414,0.45901639344262296,0.0048780487804878049,175,2.0911229543496987,0.16292134831460675,0,16.38272381685352,0.078378378378378383
DEP,5,2025-07,534,0.16292134831460675,0.56451612903225812,0.0037453183520599251,171,1.7252646117306898,0.27196652719665271,0,18.1013168332966,0.078378378378378383
DEP,5,2025-08,239,0.27196652719665271,0.45177664974619292,0.008368200836820083,164,2.0818343495934961,0.28971962616822428,0,26.294968524248546,0.1702127659574468
DEP,5,2025-09,107,0.28971962616822428,0.55000000000000004,0.028037383177570093,161,5.0426704545454548,0.51145038167938928,1,28.978254467851063,0.19
DEP,5,2025-10,131,0.51145038167938928,0.45161290322580644,0.030534351145038167,178,4.5778082358674457,0.44444444444444442,1,46.306930055776412,0.57692307692307687
DEP,5,2025-11,135,0.44444444444444442,0.4098360655737705,0.022222222222222223,182,3.5673293044953351,0.46363636363636362,1,40.49773823207493,0.45238095238095238
DEP,6,2022-01,323,0.095975232198142413,0.45624999999999999,0,16,0.31104325009048134,0.26373626373626374,0,10.203206813564819,0.017391304347826087
DEP,6,2022-02,91,0.26373626373626374,0.20224719101123595,0,15,2.3232185990338166,0.13084112149532709,0,22.822828096211353,0.11846689895470383
DEP,6,2022-03,107,0.13084112149532709,0.18691588785046728,0,13,1.9742737003058104,0.26351351351351349,0,12.010220266412842,0.027397260273972601
DEP,6,2022-04,148,0.26351351351351349,0.19178082191780821,0,27,1.8874792703150911,0.17124542124542125,0,22.776249187830818,0.11846689895470383
DEP,6,2022-05,1092,0.17124542124542125,0.32338308457711445,0,32,0.91757576919145456,0.14814814814814814,0,15.874830191586277,0.078378378378378383
DEP,6,2022-06,216,0.14814814814814814,0.37333333333333335,0,36,1.7606950995807127,0.20689655172413793,0,14.520142196690916,0.078378378378378383
DEP,6,2022-07,116,0.20689655172413793,0.2441860465116279,0,36,3.0243414750957855,0.15508021390374332,0,18.875331501114225,0.078378378378378383
DEP,6,2022-08,187,0.15508021390374332,0.44827586206896552,0,36,3.9006610219845514,0.14705882352941177,0,15.959269593779448,0.078378378378378383
DEP,6,2022-09,272,0.14705882352941177,0.22680412371134021,0,35,2.7639982702482704,0.38157894736842107,1,13.928773377479086,0.078378378378378383
DEP,6,2022-10,76,0.38157894736842107,0.3188405797101449,0,34,4.6282196969696967,0.21568627450980393,0,33.58405425903829,0.23474178403755869
DEP,6,2022-11,51,0.21568627450980393,0.33333333333333331,0,35,5.4347638888888889,0.2857142857142857,0,20.587915917624198,0.11846689895470383
DEP,6,2022-12,77,0.2857142857142857,0.33823529411764708,0,39,7.6704242770167435,0.20161290322580644,0,26.789764856874257,0.17582417582417584
DEP,6,2023-01,124,0.20161290322580644,0.23255813953488372,0.016129032258064516,41,1.8419911202185792,0.14925373134328357,0,18.246528960041385,0.078378378378378383
DEP,6,2023-02,67,0.14925373134328357,0.19565217391304349,0.014925373134328358,46,1.9999551971326164,0.1377245508982036,0,13.957971934551811,0.078378378378378383
DEP,6,2023-03,167,0.1377245508982036,0.31623931623931623,0,51,1.8489026063100138,0.24038461538461539,0,13.581037874224219,0.075814234189328283
DEP,6,2023-04,104,0.24038461538461539,0.22857142857142856,0,53,2.8779003267973859,0.30708661417322836,0,21.62187370340645,0.11846689895470383
DEP,6,2023-05,127,0.30708661417322836,0.28235294117647058,0.031496062992125984,57,2.0562104787714546,0.25352112676056338,0,27.2311033985481,0.17582417582417584
DEP,6,2023-06,71,0.25352112676056338,0.35294117647058826,0,57,2.8859937402190923,0.26241134751773049,0,23.339031848040619,0.11846689895470383
DEP,6,2023-07,141,0.26241134751773049,0.34426229508196721,0,56,1.9794600938967135,0.2967032967032967,0,23.780254143552106,0.11846689895470383
DEP,6,2023-08,91,0.2967032967032967,0.40740740740740738,0.01098901098901099,62,1.9609558823529412,0.29296875,0,26.953559928047792,0.17582417582417584
DEP,6,2023-09,256,0.29296875,0.40000000000000002,0,71,2.3766278677462886,0.25196850393700787,0,26.757390176671688,0.17582417582417584
DEP,6,2023-10,127,0.25196850393700787,0.31034482758620691,0,67,6.5639100932994054,0.3543307086614173,1,23.984268196905607,0.11846689895470383
DEP,6,2023-11,127,0.3543307086614173,0.45833333333333331,0,73,9.67962580348944,0.23484848484848486,0,33.719184888522676,0.23474178403755869
DEP,6,2023-12,132,0.23484848484848486,0.40196078431372551,0,70,4.7498096707818931,0.1990521327014218,0,22.672384545436103,0.11846689895470383
DEP,6,2024-01,211,0.1990521327014218,0.37714285714285717,0,76,3.2572086720867208,0.13178294573643412,0,19.39267366693306,0.078378378378378383
DEP,6,2024-02,129,0.13178294573643412,0.4606741573033708,0,74,2.1508587786259543,0.20134228187919462,0,14.143988261921294,0.078378378378378383
DEP,6,2024-03,149,0.20134228187919462,0.41904761904761906,0,74,1.8379287844891872,0.24210526315789474,0,19.426031447022986,0.078378378378378383
DEP,6,2024-04,95,0.24210526315789474,0.42666666666666669,0,80,3.1522784019975036,0.1984126984126984,0,23.101997085331636,0.11846689895470383
DEP,6,2024-05,126,0.1984126984126984,0.2857142857142857,0,79,3.0311078302712158,0.49925037481259371,1,18.862354305511616,0.078378378378378383
DEP,6,2024-06,667,0.49925037481259371,0.58647798742138368,0,87,2.7877708227954812,0.41772151898734178,1,44.460073478120286,0.57692307692307687
DEP,6,2024-07,79,0.41772151898734178,0.43243243243243246,0,87,5.3531030239099859,0.61891891891891893,1,37.778749609716961,0.35869565217391303
DEP,6,2024-08,370,0.61891891891891893,0.43137254901960786,0,90,3.6605396609143206,0.20689655172413793,0,53.497790119139829,0.66666666666666663
DEP,6,2024-09,145,0.20689655172413793,0.352112676056338,0,101,2.0688951077943614,0.12195121951219512,0,19.877349633512395,0.11846689895470383
DEP,6,2024-10,123,0.12195121951219512,0.43939393939393939,0,90,3.080700663349917,0.17006802721088435,0,13.642439216210683,0.078378378378378383
DEP,6,2024-11,147,0.17006802721088435,0.42857142857142855,0,93,8.0645785108024697,0.21656050955414013,0,18.656926392366707,0.078378378378378383
DEP,6,2024-12,157,0.21656050955414013,0.45833333333333331,0,97,18.76680737109659,0.29203539823008851,0,25.117413549552602,0.11846689895470383
DEP,6,2025-01,113,0.29203539823008851,0.40540540540540543,0,103,2.9724428868120456,0.26363636363636361,0,27.191406320895936,0.17582417582417584
DEP,6,2025-02,110,0.26363636363636361,0.35616438356164382,0,106,3.096683541017653,0.37234042553191488,1,24.734732159022311,0.11846689895470383
DEP,6,2025-03,94,0.37234042553191488,0.36363636363636365,0,118,1.8256775067750677,0.13636363636363635,0,33.292962940161566,0.23474178403755869
DEP,6,2025-04,176,0.13636363636363635,0.50632911392405067,0,115,2.2847959342023589,0.28000000000000003,0,15.205872634338951,0.078378378378378383
DEP,6,2025-05,50,0.28000000000000003,0.26190476190476192,0,117,2.8190538194444446,0.25287356321839083,0,25.623148476048343,0.11846689895470383
DEP,6,2025-06,87,0.25287356321839083,0.4358974358974359,0,117,21.689024584929758,0.30392156862745096,0,28.651492445473806,0.19
DEP,6,2025-07,102,0.30392156862745096,0.57333333333333336,0.0098039215686274508,120,2.8852132435465769,0.23529411764705882,0,29.190642186161941,0.19
DEP,6,2025-08,170,0.23529411764705882,0.47899159663865548,0,129,1.3847222222222222,0.3707865168539326,1,22.917778277638963,0.11846689895470383
DEP,6,2025-09,89,0.3707865168539326,0.51470588235294112,0,131,3.3520274584929757,0.35555555555555557,1,34.425658424165292,0.3271604938271605
DEP,6,2025-10,90,0.35555555555555557,0.49382716049382713,0,132,2.9204822097378274,0.49295774647887325,1,33.010590386469993,0.23474178403755869
DEP,6,2025-11,71,0.49295774647887325,0.515625,0,138,3.7245299145299144,0.19117647058823528,0,44.366985811293254,0.57692307692307687
DEP,7,2022-01,233,0.15879828326180256,0.26293103448275862,0,31,0.26358979647964798,0.37179487179487181,1,14.410372382549568,0.078378378378378383
DEP,7,2022-02,78,0.37179487179487181,0.22368421052631579,0,15,6.258052600472813,0.19277108433734941,0,32.512160412824976,0.23474178403755869
DEP,7,2022-03,83,0.19277108433734941,0.28048780487804881,0,12,2.0608204134366925,0.30882352941176472,0,17.442467998870786,0.078378378378378383
DEP,7,2022-04,68,0.30882352941176472,0.23076923076923078,0,22,2.5734315134099619,0.25,0,26.706333710737702,0.1702127659574468
DEP,7,2022-05,60,0.25,0.045454545454545456,0,27,5.7891161616161622,0.21818181818181817,0,21.893111714935738,0.11846689895470383
DEP,7,2022-06,55,0.21818181818181817,0.2558139534883721,0,22,3.8003356481481481,0.15606936416184972,0,19.872551958192986,0.11846689895470383
DEP,7,2022-07,173,0.15606936416184972,0.23214285714285715,0,33,2.260065157750343,0.19685039370078741,0,14.535013938547054,0.078378378378378383
DEP,7,2022-08,127,0.19685039370078741,0.35483870967741937,0,21,3.4288719024780177,0.23834196891191708,0,18.562048786778437,0.078378378378378383
DEP,7,2022-09,193,0.23834196891191708,0.13829787234042554,0,29,1.2591066066066068,0.26865671641791045,0,20.366636645403648,0.11846689895470383
DEP,7,2022-10,67,0.26865671641791045,0.26530612244897961,0,24,3.5779320987654319,0.17647058823529413,0,23.926237302691096,0.11846689895470383
DEP,7,2022-11,85,0.17647058823529413,0.29850746268656714,0,29,2.2551041666666665,0.35714285714285715,1,16.455285783729153,0.078378378378378383
DEP,7,2022-12,70,0.35714285714285715,0.23636363636363636,0,42,7.003849902534113,0.15238095238095239,0,31.867711521818446,0.23474178403755869
DEP,7,2023-01,105,0.15238095238095239,0.21951219512195122,0,36,2.212625125125125,0.2878787878787879,0,14.197332937476377,0.078378378378378383
DEP,7,2023-02,66,0.2878787878787879,0.25,0,44,2.4745450191570879,0.23364485981308411,0,25.336898644501385,0.11846689895470383
DEP,7,2023-03,107,0.23364485981308411,0.36842105263157893,0.0093457943925233638,53,9.0129109977324262,0.24637681159420291,0,23.290350397845291,0.11846689895470383
DEP,7,2023-04,69,0.24637681159420291,0.25925925925925924,0.014492753623188406,44,2.6759437321937325,0.28358208955223879,0,22.183494140694215,0.11846689895470383
DEP,7,2023-05,67,0.28358208955223879,0.1111111111111111,0,47,8.9727430555555561,0.28358208955223879,0,25.878774075126046,0.11846689895470383
DEP,7,2023-06,67,0.28358208955223879,0.31372549019607843,0,43,4.1912167449139277,0.25099601593625498,0,25.710175747259193,0.11846689895470383
DEP,7,2023-07,251,0.25099601593625498,0.36744186046511629,0,59,0.92501182033096918,0.27522935779816515,0,22.763550786314209,0.11846689895470383
DEP,7,2023-08,109,0.27522935779816515,0.29292929292929293,0.0091743119266055051,56,4.4882564484126988,0.17045454545454544,0,25.192624823272865,0.11846689895470383
DEP,7,2023-09,176,0.17045454545454544,0.38650306748466257,0.005681818181818182,68,1.1558985433604336,0.10000000000000001,0,16.59451652859525,0.078378378378378383
DEP,7,2023-10,170,0.10000000000000001,0.22875816993464052,0,55,1.1906420765027321,0.35384615384615387,1,10.011307075882604,0.017391304347826087
DEP,7,2023-11,65,0.35384615384615387,0.33333333333333331,0,59,9.7810678506375233,0.33750000000000002,0,32.930969150806334,0.23474178403755869
DEP,7,2023-12,80,0.33750000000000002,0.49180327868852458,0,63,4.3672880116959067,0.26050420168067229,0,31.168249943395036,0.23474178403755869
DEP,7,2024-01,119,0.26050420168067229,0.27142857142857141,0,69,3.4914945919370699,0.25742574257425743,0,23.761763574012527,0.11846689895470383
DEP,7,2024-02,101,0.25742574257425743,0.27397260273972601,0,64,8.2775550314465409,0.31428571428571428,0,24.615416912237389,0.11846689895470383
DEP,7,2024-03,35,0.31428571428571428,0.41379310344827586,0,61,6.0176352339181287,0.36842105263157893,1,29.293027934830857,0.19
DEP,7,2024-04,57,0.36842105263157893,0.37037037037037035,0,64,3.2570473251028806,0.22,0,32.78086168726621,0.23474178403755869
DEP,7,2024-05,50,0.22,0.34883720930232559,0,64,2.1339444444444444,0.2537313432835821,0,20.531961886945115,0.11846689895470383
DEP,7,2024-06,134,0.2537313432835821,0.50458715596330272,0,74,11.323062275985663,0.33333333333333331,0,26.304693775848587,0.1702127659574468
DEP,7,2024-07,132,0.33333333333333331,0.38461538461538464,0,70,2.9377297794117645,0.26395939086294418,0,30.032693014476681,0.19
DEP,7,2024-08,197,0.26395939086294418,0.45098039215686275,0,71,2.5340065192743761,0.17142857142857143,0,24.729045400397855,0.11846689895470383
DEP,7,2024-09,105,0.17142857142857143,0.43478260869565216,0,73,2.9694444444444441,0.2978723404255319,0,17.370585948963129,0.078378378378378383
DEP,7,2024-10,47,0.2978723404255319,0.33333333333333331,0,65,8.4142045454545453,0.25333333333333335,0,28.19111257185715,0.19
DEP,7,2024-11,75,0.25333333333333335,0.39344262295081966,0,70,1.5470039682539682,0.64931087289433387,1,23.345503225411996,0.11846689895470383
DEP,7,2024-12,653,0.64931087289433387,0.40157480314960631,0,79,2.2170721187025535,0.10989010989010989,0,55.319469451386162,0.81818181818181823
DEP,7,2025-01,364,0.10989010989010989,0.32380952380952382,0,77,6.2911904219793557,0.18461538461538463,0,12.726531640628808,0.027397260273972601
DEP,7,2025-02,130,0.18461538461538463,0.44117647058823528,0,84,1.1204211833785005,0.33944954128440369,0,18.133737174607305,0.078378378378378383
DEP,7,2025-03,109,0.33944954128440369,0.50574712643678166,0,98,1.5823172514619883,0.36842105263157893,1,31.101957764785453,0.23474178403755869
DEP,7,2025-04,76,0.36842105263157893,0.34482758620689657,0,96,2.9545138888888891,0.34722222222222221,1,32.920771591548124,0.23474178403755869
DEP,7,2025-05,72,0.34722222222222221,0.42857142857142855,0,102,3.4227272727272728,0.1015625,0,31.818836010409647,0.23474178403755869
DEP,7,2025-06,128,0.1015625,0.35576923076923078,0,105,1.3513666666666666,0.2032520325203252,0,11.340441084884427,0.017391304347826087
DEP,7,2025-07,123,0.2032520325203252,0.50442477876106195,0,111,2.1915004748338083,0.24107142857142858,0,20.482717713008608,0.11846689895470383
DEP,7,2025-08,112,0.24107142857142858,0.45054945054945056,0,105,1.7086452448210923,0.30666666666666664,0,23.060149164962972,0.11846689895470383
DEP,7,2025-09,75,0.30666666666666664,0.31372549019607843,0,112,2.2417892156862744,0.36585365853658536,1,27.824966866710021,0.18181818181818182
DEP,7,2025-10,82,0.36585365853658536,0.47058823529411764,0,113,13.172162208504799,0.38372093023255816,1,35.959025041488879,0.3271604938271605
DEP,7,2025-11,86,0.38372093023255816,0.53488372093023251,0,114,3.4821568627450983,0.51923076923076927,1,35.411834305781781,0.3271604938271605
DEP,8,2022-01,66,0.25757575757575757,0.15384615384615385,0,14,0.97307692307692306,0.28205128205128205,0,21.755694175383692,0.11846689895470383
DEP,8,2022-02,39,0.28205128205128205,0.23076923076923078,0,11,4.1333829365079362,0.12307692307692308,0,24.819448054873639,0.11846689895470383
DEP,8,2022-03,65,0.12307692307692308,0.13846153846153847,0,14,2.2531025985663082,0.28205128205128205,0,11.223861468143763,0.017391304347826087
DEP,8,2022-04,39,0.28205128205128205,0.13513513513513514,0,15,3.086440058479532,0.34883720930232559,1,24.134304243889268,0.11846689895470383
DEP,8,2022-05,43,0.34883720930232559,0.18421052631578946,0,20,2.1249086257309941,0.40425531914893614,1,29.54653315114615,0.19
DEP,8,2022-06,47,0.40425531914893614,0.36842105263157893,0,26,2.0983062330623303,0.26530612244897961,0,34.95837923018577,0.3271604938271605
DEP,8,2022-07,98,0.26530612244897961,0.23376623376623376,0,28,5.1411458333333337,0.30232558139534882,0,23.915392489621144,0.11846689895470383
DEP,8,2022-08,86,0.30232558139534882,0.29999999999999999,0.011627906976744186,35,2.7100650492264418,0.28712871287128711,0,26.761351114723364,0.17582417582417584
DEP,8,2022-09,101,0.28712871287128711,0.18947368421052632,0,25,3.9155092592592595,0.30232558139534882,0,25.115874915192531,0.11846689895470383
DEP,8,2022-10,43,0.30232558139534882,0.25641025641025639,0.023255813953488372,29,4.373468660968661,0.30612244897959184,0,26.934157442861263,0.17582417582417584
DEP,8,2022-11,49,0.30612244897959184,0.26530612244897961,0,33,5.9864506172839507,0.29999999999999999,0,27.592863442288351,0.17582417582417584
DEP,8,2022-12,100,0.29999999999999999,0.23529411764705882,0,45,1.14771148989899,0.21621621621621623,0,25.927558754721549,0.13513513513513514
DEP,8,2023-01,74,0.21621621621621623,0.29629629629629628,0.013513513513513514,43,1.991831140350877,0.16216216216216217,0,19.777335064747838,0.11846689895470383
DEP,8,2023-02,37,0.16216216216216217,0.3235294117647059,0,40,7.6986805555555549,0.1875,0,16.849439680650654,0.078378378378378383
DEP,8,2023-03,32,0.1875,0.071428571428571425,0,36,14.066782407407407,0.058823529411764705,0,19.090706112724547,0.078378378378378383
DEP,8,2023-04,102,0.058823529411764705,0.51219512195121952,0,39,7.6736391694725024,0.15315315315315314,0,9.5091179576577609,0.017391304347826087
DEP,8,2023-05,111,0.15315315315315314,0.41176470588235292,0,38,5.497730654761904,0.36363636363636365,1,16.024285584593276,0.078378378378378383
DEP,8,2023-06,44,0.36363636363636365,0.24242424242424243,0,42,5.1927256944444444,0.17241379310344829,0,31.985989967567676,0.23474178403755869
DEP,8,2023-07,116,0.17241379310344829,0.44680851063829785,0,34,8.4619007616487458,0.16770186335403728,0,18.404107937310229,0.078378378378378383
DEP,8,2023-08,161,0.16770186335403728,0.41346153846153844,0,36,6.6986897274633126,0.18085106382978725,0,17.461562773902809,0.078378378378378383
DEP,8,2023-09,94,0.18085106382978725,0.35365853658536583,0,40,2.3076697530864196,0.12676056338028169,0,17.210775091755036,0.078378378378378383
DEP,8,2023-10,213,0.12676056338028169,0.17679558011049723,0.0093896713615023476,32,3.351813097033685,0.39215686274509803,1,12.210023983613288,0.027397260273972601
DEP,8,2023-11,51,0.39215686274509803,0.47727272727272729,0,35,3.5746961805555557,0.26881720430107525,0,34.98205793088308,0.3271604938271605
DEP,8,2023-12,93,0.26881720430107525,0.28301886792452829,0,41,1.8560185185185187,0.26506024096385544,0,23.797858142438404,0.11846689895470383
DEP,8,2024-01,83,0.26506024096385544,0.2978723404255319,0,38,3.5181282299741601,0.22950819672131148,0,23.935722843934471,0.11846689895470383
DEP,8,2024-02,61,0.22950819672131148,0.23684210526315788,0,39,2.3069328703703702,0.34000000000000002,0,20.508461787718051,0.11846689895470383
DEP,8,2024-03,50,0.34000000000000002,0.21621621621621623,0,42,2.5478427895981084,0.19178082191780821,0,29.333897451009008,0.19
DEP,8,2024-04,73,0.19178082191780821,0.2413793103448276,0,39,3.8084886695906435,0.22077922077922077,0,17.870714343324966,0.078378378378378383
DEP,8,2024-05,77,0.22077922077922077,0.46774193548387094,0,46,1.3097619047619049,0.25,0,20.801377177737827,0.11846689895470383
DEP,8,2024-06,120,0.25,0.44642857142857145,0,53,3.6177851524090467,0.3504273504273504,1,23.656667336097641,0.11846689895470383
DEP,8,2024-07,117,0.3504273504273504,0.51578947368421058,0,59,2.9127064564564566,0.24576271186440679,0,31.933346576658685,0.23474178403755869
DEP,8,2024-08,118,0.24576271186440679,0.39047619047619048,0,54,3.9148204607046071,0.1744186046511628,0,23.119308154193785,0.11846689895470383
DEP,8,2024-09,86,0.1744186046511628,0.42424242424242425,0,56,1.7102843915343915,0.21739130434782608,0,17.076622574071234,0.078378378378378383
DEP,8,2024-10,46,0.21739130434782608,0.47368421052631576,0.021739130434782608,52,3.0762499999999999,0.28000000000000003,0,21.153316625722191,0.11846689895470383
DEP,8,2024-11,50,0.28000000000000003,0.34146341463414637,0,53,1.7861536281179138,0.33333333333333331,0,25.09544540749074,0.11846689895470383
DEP,8,2024-12,45,0.33333333333333331,0.5,0,53,20.165833333333335,0.192,0,34.533776880684748,0.3271604938271605
DEP,8,2025-01,125,0.192,0.41666666666666669,0,59,1.5571195144724557,0.071090047393364927,0,18.440607000912504,0.078378378378378383
DEP,8,2025-02,211,0.071090047393364927,0.52229299363057324,0,64,0.57083670442286938,0.38461538461538464,1,9.1140631662843496,0.017391304347826087
DEP,8,2025-03,65,0.38461538461538464,0.4375,0,76,3.9937106918238992,0.34375,0,34.714953077843688,0.3271604938271605
DEP,8,2025-04,32,0.34375,0.21739130434782608,0,70,7.0157346491228072,0.29113924050632911,0,31.001495818055826,0.23474178403755869
DEP,8,2025-05,79,0.29113924050632911,0.30232558139534882,0,72,2.4350198412698414,0.24657534246575341,0,26.147185315987471,0.13513513513513514
DEP,8,2025-06,146,0.24657534246575341,0.51401869158878499,0,81,2.1640967153284669,0.1890547263681592,0,23.671542289311486,0.11846689895470383
DEP,8,2025-07,201,0.1890547263681592,0.51162790697674421,0,95,1.7337603980986336,0.31896551724137934,0,19.104042958333963,0.078378378378378383
DEP,8,2025-08,116,0.31896551724137934,0.53260869565217395,0,84,3.1293307086614175,0.39344262295081966,1,29.817506860877518,0.19
DEP,8,2025-09,61,0.39344262295081966,0.49019607843137253,0,79,3.4922138047138049,0.42168674698795183,1,35.596975305107989,0.3271604938271605
DEP,8,2025-10,83,0.42168674698795183,0.45945945945945948,0,85,8.2652958152958149,0.42028985507246375,1,38.903706110794154,0.35869565217391303
DEP,8,2025-11,69,0.42028985507246375,0.32758620689655171,0,80,6.6102383633633632,0.43636363636363634,1,37.685189511053395,0.35869565217391303
DEP,9,2022-01,45,0.31111111111111112,0.22727272727272727,0,7,1.6630665204678363,0.27500000000000002,0,26.495725289871505,0.1702127659574468
DEP,9,2022-02,40,0.27500000000000002,0.17948717948717949,0,2,3.4876851851851849,0.19565217391304349,0,23.749556507622401,0.11846689895470383
DEP,9,2022-03,46,0.19565217391304349,0.42222222222222222,0,5,0.38603036175710598,0.16666666666666666,0,17.908294908516041,0.078378378378378383
DEP,9,2022-04,42,0.16666666666666666,0.125,0,6,1.1288787262872628,0.26666666666666666,0,14.290949774066904,0.078378378378378383
DEP,9,2022-05,45,0.26666666666666666,0.35714285714285715,0.022222222222222223,9,3.4694113756613754,0.29629629629629628,0,24.152239222506374,0.11846689895470383
DEP,9,2022-06,54,0.29629629629629628,0.25,0,10,2.0316168763102724,0.17567567567567569,0,25.543834617746434,0.11846689895470383
DEP,9,2022-07,74,0.17567567567567569,0.265625,0,11,1.114783105022831,0.20270270270270271,0,15.764514027704877,0.078378378378378383
DEP,9,2022-08,74,0.20270270270270271,0.2857142857142857,0,12,2.6566019786910195,0.25252525252525254,0,18.405073835482149,0.078378378378378383
DEP,9,2022-09,99,0.25252525252525254,0.27835051546391754,0,14,1.3641323024054981,0.2391304347826087,0,22.06734647488349,0.11846689895470383
DEP,9,2022-10,46,0.2391304347826087,0.29999999999999999,0,11,2.1909297052154195,0.25,0,21.269150224943822,0.11846689895470383
DEP,9,2022-11,56,0.25,0.31372549019607843,0,13,3.9426183127572019,0.20370370370370369,0,22.645915118736905,0.11846689895470383
DEP,9,2022-12,54,0.20370370370370369,0.20833333333333334,0,14,6.7592636268343815,0.31746031746031744,0,19.096947096350871,0.078378378378378383
DEP,9,2023-01,63,0.31746031746031744,0.37931034482758619,0.031746031746031744,14,5.5348434744268076,0.21621621621621623,0,28.91934933877468,0.19
DEP,9,2023-02,37,0.21621621621621623,0.38709677419354838,0.027027027027027029,14,2.4281156156156154,0.20000000000000001,0,20.094995860308213,0.11846689895470383
DEP,9,2023-03,50,0.20000000000000001,0.41935483870967744,0,17,3.4715573286052011,0.31818181818181818,0,19.104304346477246,0.078378378378378383
DEP,9,2023-04,44,0.31818181818181818,0.35897435897435898,0,20,3.6837567750677502,0.32653061224489793,0,28.339326241153724,0.19
DEP,9,2023-05,49,0.32653061224489793,0.27500000000000002,0,19,1.4112499999999999,0.15789473684210525,0,28.035311389230969,0.19
DEP,9,2023-06,57,0.15789473684210525,0.32258064516129031,0.017543859649122806,19,8.4951388888888886,0.25409836065573771,0,16.557850905371293,0.078378378378378383
DEP,9,2023-07,122,0.25409836065573771,0.39285714285714285,0,21,1.6077835648148147,0.21311475409836064,0,22.898088463171263,0.11846689895470383
DEP,9,2023-08,61,0.21311475409836064,0.40384615384615385,0,18,1.6512152777777778,0.37037037037037035,1,19.652854261953447,0.1146251306149855
DEP,9,2023-09,81,0.37037037037037035,0.35135135135135137,0.012345679012345678,23,0.98209064327485374,0.35714285714285715,1,31.926183712253678,0.23474178403755869
DEP,9,2023-10,42,0.35714285714285715,0.46153846153846156,0,27,2.3694078947368418,0.27272727272727271,0,31.730185650549853,0.23474178403755869
DEP,9,2023-11,44,0.27272727272727271,0.36842105263157893,0,22,5.0083475056689348,0.32727272727272727,0,25.087023418313162,0.11846689895470383
DEP,9,2023-12,55,0.32727272727272727,0.36363636363636365,0.018181818181818181,23,1.9209104938271606,0.31168831168831168,0,28.792663226635923,0.19
DEP,9,2024-01,77,0.31168831168831168,0.27450980392156865,0,21,4.0577619549929675,0.20930232558139536,0,27.497247383135115,0.17582417582417584
DEP,9,2024-02,43,0.20930232558139536,0.29999999999999999,0,25,2.260434472934473,0.25301204819277107,0,19.048087548223101,0.078378378378378383
DEP,9,2024-03,83,0.25301204819277107,0.31147540983606559,0,29,2.5212816455696205,0.28947368421052633,0,22.70684331604954,0.11846689895470383
DEP,9,2024-04,76,0.28947368421052633,0.29545454545454547,0,28,3.4983676046176049,0.25806451612903225,0,25.765838930869858,0.11846689895470383
DEP,9,2024-05,62,0.25806451612903225,0.36363636363636365,0.032258064516129031,31,3.6631355932203391,0.23931623931623933,0,23.826417479122917,0.11846689895470383
DEP,9,2024-06,117,0.23931623931623933,0.42156862745098039,0,41,1.6715147975077882,0.40350877192982454,1,22.086577827363033,0.11846689895470383
DEP,9,2024-07,114,0.40350877192982454,0.44086021505376344,0,34,3.3402605601469237,0.36363636363636365,1,35.64167520120354,0.3271604938271605
DEP,9,2024-08,66,0.36363636363636365,0.40000000000000002,0,35,2.4522222222222223,0.38297872340425532,1,32.046628829377468,0.23474178403755869
DEP,9,2024-09,47,0.38297872340425532,0.51428571428571423,0,31,9.4793164488017432,0.26415094339622641,0,35.79719765718459,0.3271604938271605
DEP,9,2024-10,53,0.26415094339622641,0.40000000000000002,0,31,3.9288128930817607,0.25,0,24.397154003837954,0.11846689895470383
DEP,9,2024-11,80,0.25,0.59615384615384615,0.025000000000000001,32,6.5784194796061888,0.24675324675324675,0,25.012742287173115,0.11846689895470383
DEP,9,2024-12,77,0.24675324675324675,0.41538461538461541,0,29,5.5447135416666669,0.18333333333333332,0,23.446024983767987,0.11846689895470383
DEP,9,2025-01,120,0.18333333333333332,0.40909090909090912,0,41,0.59741512345679004,0.20289855072463769,0,17.289662406814401,0.078378378378378383
DEP,9,2025-02,69,0.20289855072463769,0.38235294117647056,0,41,2.3712258454106281,0.32432432432432434,0,19.143799482303873,0.078378378378378383
DEP,9,2025-03,37,0.32432432432432434,0.36363636363636365,0,45,3.6552188552188554,0.27450980392156865,0,29.112629218489023,0.19
DEP,9,2025-04,51,0.27450980392156865,0.46153846153846156,0,41,13.96056818181818,0.36842105263157893,1,28.029794662759574,0.19
DEP,9,2025-05,38,0.36842105263157893,0.27777777777777779,0,40,7.3837606837606842,0.14893617021276595,0,33.04631853049974,0.23474178403755869
DEP,9,2025-06,94,0.14893617021276595,0.46341463414634149,0,45,0.90600031210986265,0.14999999999999999,0,14.925499244008401,0.078378378378378383
DEP,9,2025-07,180,0.14999999999999999,0.67910447761194026,0,59,1.0465486947791165,0.29090909090909089,0,16.271160851324627,0.078378378378378383
DEP,9,2025-08,110,0.29090909090909089,0.42465753424657532,0,54,1.3934661835748792,0.48936170212765956,1,26.301198253669099,0.1702127659574468
DEP,9,2025-09,47,0.48936170212765956,0.48837209302325579,0,55,4.9583031400966187,0.40229885057471265,1,43.355882553485273,0.57692307692307687
DEP,9,2025-10,87,0.40229885057471265,0.51948051948051943,0,62,2.4943923611111112,0.44736842105263158,1,36.033693819402423,0.3271604938271605
DEP,9,2025-11,38,0.44736842105263158,0.53125,0,60,5.7564756944444451,0.39655172413793105,1,40.454063292241827,0.4325142611216316
DEP,10,2022-01,94,0.37234042553191488,0.16304347826086957,0,18,1.1332510964912281,0.46031746031746029,1,31.063454481852336,0.23474178403755869
DEP,10,2022-02,63,0.46031746031746029,0.19047619047619047,0,14,4.9203980099502491,0.35999999999999999,1,39.09859408157353,0.35869565217391303
DEP,10,2022-03,75,0.35999999999999999,0.33333333333333331,0,15,4.1475694444444446,0.41999999999999998,1,31.613992364722066,0.23474178403755869
DEP,10,2022-04,50,0.41999999999999998,0.15555555555555556,0,16,4.873228458049887,0.45283018867924529,1,35.708595829564352,0.3271604938271605
DEP,10,2022-05,53,0.45283018867924529,0.1111111111111111,0,23,7.1996376811594205,0.35185185185185186,1,38.741363040252921,0.35869565217391303
DEP,10,2022-06,54,0.35185185185185186,0.093023255813953487,0.018518518518518517,21,5.0211681547619049,0.30088495575221241,0,30.125016377517824,0.19
DEP,10,2022-07,113,0.30088495575221241,0.24096385542168675,0,25,3.2785677879714576,0.24731182795698925,0,26.322069836382674,0.1702127659574468
DEP,10,2022-08,93,0.24731182795698925,0.34146341463414637,0.010752688172043012,26,8.9149607487922715,0.27741935483870966,0,23.945990044595789,0.11846689895470383
DEP,10,2022-09,155,0.27741935483870966,0.13636363636363635,0.0064516129032258064,26,1.9965367383512547,0.26373626373626374,0,23.659253506956436,0.11846689895470383
DEP,10,2022-10,91,0.26373626373626374,0.20779220779220781,0.02197802197802198,27,3.3381790123456794,0.25,0,23.329649760360496,0.11846689895470383
DEP,10,2022-11,48,0.25,0.18181818181818182,0,22,1.4269654088050314,0.17840375586854459,0,21.482560887929722,0.11846689895470383
DEP,10,2022-12,213,0.17840375586854459,0.296875,0,29,4.0120213052858684,0.31578947368421051,0,17.020365260307532,0.078378378378378383
DEP,10,2023-01,57,0.31578947368421051,0.24074074074074073,0,24,5.4944892473118285,0.40000000000000002,1,28.030644235104162,0.19
DEP,10,2023-02,35,0.40000000000000002,0.17241379310344829,0,24,3.7515674603174602,0.19565217391304349,0,34.010579218519496,0.3271604938271605
DEP,10,2023-03,46,0.19565217391304349,0.16666666666666666,0,24,2.502506038647343,0.2289156626506024,0,17.336469783260338,0.078378378378378383
DEP,10,2023-04,83,0.2289156626506024,0.22222222222222221,0.012048192771084338,32,8.5159629629629627,0.34848484848484851,1,21.853204600808535,0.11846689895470383
DEP,10,2023-05,66,0.34848484848484851,0.17241379310344829,0.015151515151515152,25,9.1304889649923897,0.35999999999999999,1,31.257290581015482,0.23474178403755869
DEP,10,2023-06,50,0.35999999999999999,0.20512820512820512,0,26,2.4712585034013608,0.2413793103448276,0,30.69035526913698,0.23474178403755869
DEP,10,2023-07,116,0.2413793103448276,0.34615384615384615,0,26,4.9485033524904214,0.29268292682926828,0,22.496061939048882,0.11846689895470383
DEP,10,2023-08,82,0.29268292682926828,0.23999999999999999,0.012195121951219513,27,2.9426354595336077,0.30769230769230771,0,25.66326143150496,0.11846689895470383
DEP,10,2023-09,104,0.30769230769230771,0.3146067415730337,0,39,1.7796950483091789,0.3902439024390244,1,27.026381893824833,0.17582417582417584
DEP,10,2023-10,82,0.3902439024390244,0.25757575757575757,0,30,4.3579365079365076,0.38235294117647056,1,33.864066286251671,0.25
DEP,10,2023-11,68,0.38235294117647056,0.18181818181818182,0.014705882352941176,29,3.0733796296296299,0.2638888888888889,0,32.610869796355502,0.23474178403755869
DEP,10,2023-12,72,0.2638888888888889,0.35416666666666669,0,27,9.7627533783783793,0.25842696629213485,0,25.494507329849004,0.11846689895470383
DEP,10,2024-01,89,0.25842696629213485,0.32307692307692309,0,30,3.513315568475452,0.28301886792452829,0,23.445012846635155,0.11846689895470383
DEP,10,2024-02,53,0.28301886792452829,0.18421052631578946,0,32,1.2845043572984749,0.39583333333333331,1,24.208240596107046,0.11846689895470383
DEP,10,2024-03,48,0.39583333333333331,0.27500000000000002,0,29,18.341843681917211,0.37142857142857144,1,37.719417108308456,0.35869565217391303
DEP,10,2024-04,70,0.37142857142857144,0.2982456140350877,0,37,2.4193548387096775,0.32142857142857145,0,32.174632468060729,0.23474178403755869
DEP,10,2024-05,84,0.32142857142857145,0.20634920634920634,0,39,2.7144817073170731,0.25925925925925924,0,27.806706935019651,0.18181818181818182
DEP,10,2024-06,81,0.25925925925925924,0.35526315789473684,0,42,2.8112713675213676,0.375,1,23.632652604330453,0.11846689895470383
DEP,10,2024-07,72,0.375,0.29508196721311475,0,40,4.7630349099099103,0.2413793103448276,0,33.034761071404581,0.23474178403755869
DEP,10,2024-08,58,0.2413793103448276,0.27450980392156865,0,39,3.2380532015065913,0.25,0,21.86832804678582,0.11846689895470383
DEP,10,2024-09,52,0.25,0.22857142857142856,0,43,3.4345052083333329,0.31147540983606559,0,22.417557387828083,0.11846689895470383
DEP,10,2024-10,61,0.31147540983606559,0.40816326530612246,0,46,8.6249401340996155,0.17777777777777778,0,29.502014460139559,0.19
DEP,10,2024-11,45,0.17777777777777778,0.090909090909090912,0,44,1.8480791962174941,0.17592592592592593,0,15.584129894850962,0.078378378378378383
DEP,10,2024-12,108,0.17592592592592593,0.25862068965517243,0,47,1.184212962962963,0.42857142857142855,1,16.148220116064326,0.078378378378378383
DEP,10,2025-01,77,0.42857142857142855,0.32692307692307693,0,57,43.986618988391378,0.23076923076923078,0,41.525469195966288,0.45238095238095238
DEP,10,2025-02,117,0.23076923076923078,0.32258064516129031,0,53,3.4215392561983471,0.38095238095238093,1,21.45221416509537,0.11846689895470383
DEP,10,2025-03,63,0.38095238095238093,0.30612244897959184,0,62,3.0025977366255145,0.59999999999999998,1,33.380271074677879,0.23474178403755869
DEP,10,2025-04,55,0.59999999999999998,0.25490196078431371,0,65,9.8506276709401721,0.34065934065934067,0,52.311334550301616,0.65714285714285714
DEP,10,2025-05,91,0.34065934065934067,0.44927536231884058,0,75,2.6074588477366256,0.29032258064516131,0,30.916462933126859,0.23474178403755869
DEP,10,2025-06,62,0.29032258064516131,0.16326530612244897,0,76,37.204940801457198,0.25609756097560976,0,29.849000416262086,0.19
DEP,10,2025-07,82,0.25609756097560976,0.5,0,88,2.5031944444444441,0.21527777777777779,0,24.518324970081572,0.11846689895470383
DEP,10,2025-08,144,0.21527777777777779,0.375,0,82,0.94947222222222216,0.36507936507936506,1,20.193879321241322,0.11846689895470383
DEP,10,2025-09,63,0.36507936507936506,0.38596491228070173,0,81,7.1059027777777777,0.34579439252336447,0,33.688964354296779,0.23474178403755869
DEP,10,2025-10,107,0.34579439252336447,0.37349397590361444,0,89,7.1050364758698095,0.5490196078431373,1,32.168535314393523,0.23474178403755869
DEP,10,2025-11,51,0.5490196078431373,0.35416666666666669,0,85,3.8732828282828287,0.30769230769230771,0,47.517438476104005,0.57692307692307687
DEP,11,2022-01,91,0.24175824175824176,0.23595505617977527,0.01098901098901099,12,0.98738572433192695,0.33333333333333331,0,20.93796440971801,0.11846689895470383
DEP,11,2022-02,60,0.33333333333333331,0.14999999999999999,0,14,3.7993055555555553,0.22988505747126436,0,28.470407587461153,0.19
DEP,11,2022-03,87,0.22988505747126436,0.27058823529411763,0.011494252873563218,16,3.3466666666666662,0.37333333333333335,1,20.768370348959571,0.11846689895470383
DEP,11,2022-04,75,0.37333333333333335,0.16666666666666666,0.053333333333333337,20,3.2964690923317685,0.34782608695652173,1,31.964295605169308,0.23474178403755869
DEP,11,2022-05,69,0.34782608695652173,0.13636363636363635,0.057971014492753624,24,3.5459935897435892,0.31313131313131315,0,29.897307440998169,0.19
DEP,11,2022-06,99,0.31313131313131315,0.18518518518518517,0.010101010101010102,27,5.5472294560185178,0.23333333333333334,0,27.635132519477196,0.17582417582417584
DEP,11,2022-07,120,0.23333333333333334,0.23711340206185566,0.0083333333333333332,31,2.5603687739463603,0.40186915887850466,1,20.832951491862563,0.11846689895470383
DEP,11,2022-08,107,0.40186915887850466,0.2087912087912088,0.018691588785046728,37,4.5861317381738171,0.31521739130434784,0,34.772298819975596,0.3271604938271605
DEP,11,2022-09,92,0.31521739130434784,0.16666666666666666,0,35,3.324394208037825,0.17117117117117117,0,27.214251020049389,0.17582417582417584
DEP,11,2022-10,111,0.17117117117117117,0.20895522388059701,0.036036036036036036,36,1.569425505050505,0.18571428571428572,0,15.674700893561207,0.078378378378378383
DEP,11,2022-11,70,0.18571428571428572,0.26530612244897961,0.014285714285714285,37,5.2147846215781,0.20979020979020979,0,17.890277652031653,0.078378378378378383
DEP,11,2022-12,143,0.20979020979020979,0.10843373493975904,0.02097902097902098,49,5.6737330364715861,0.1864406779661017,0,19.302185305394872,0.078378378378378383
DEP,11,2023-01,118,0.1864406779661017,0.27500000000000002,0.033898305084745763,41,5.2321263227513226,0.22222222222222221,0,18.141517244114134,0.078378378378378383
DEP,11,2023-02,108,0.22222222222222221,0.21428571428571427,0.0092592592592592587,50,1.4936728395061727,0.2638888888888889,0,19.782112563657655,0.11846689895470383
DEP,11,2023-03,72,0.2638888888888889,0.20000000000000001,0.013888888888888888,54,4.7943218954248366,0.32291666666666669,0,23.896005611071054,0.11846689895470383
DEP,11,2023-04,96,0.32291666666666669,0.22988505747126436,0.010416666666666666,64,3.9958979328165376,0.23478260869565218,0,28.666210409866459,0.19
DEP,11,2023-05,115,0.23478260869565218,0.24271844660194175,0.026086956521739129,50,3.8818852282515071,0.375,1,21.582240293889971,0.11846689895470383
DEP,11,2023-06,56,0.375,0.34693877551020408,0.017857142857142856,49,2.9055799220272909,0.27027027027027029,0,33.036331551246199,0.23474178403755869
DEP,11,2023-07,148,0.27027027027027029,0.27083333333333331,0.0472972972972973,46,2.8600625459896984,0.13855421686746988,0,24.381959355387345,0.11846689895470383
DEP,11,2023-08,166,0.13855421686746988,0.20289855072463769,0.006024096385542169,51,1.0012594893029676,0.23456790123456789,0,12.908875383907686,0.027397260273972601
DEP,11,2023-09,243,0.23456790123456789,0.25909090909090909,0.00823045267489712,75,0.55799403855910701,0.17741935483870969,0,21.031111927720229,0.11846689895470383
DEP,11,2023-10,124,0.17741935483870969,0.31481481481481483,0.032258064516129031,58,1.6916814420803783,0.36363636363636365,1,16.947635724675074,0.078378378378378383
DEP,11,2023-11,88,0.36363636363636365,0.23376623376623376,0.011363636363636364,67,2.0399261603375529,0.34285714285714286,0,31.513751527511321,0.23474178403755869
DEP,11,2023-12,105,0.34285714285714286,0.26881720430107525,0,68,2.3150106837606836,0.27368421052631581,0,30.046009285304496,0.19
DEP,11,2024-01,95,0.27368421052631581,0.36986301369863012,0.031578947368421054,65,2.9894628684807256,0.32727272727272727,0,25.304157990698354,0.11846689895470383
DEP,11,2024-02,55,0.32727272727272727,0.2857142857142857,0,69,2.3056236383442266,0.24742268041237114,0,28.892124021484108,0.19
DEP,11,2024-03,97,0.24742268041237114,0.390625,0.020618556701030927,75,2.320352564102564,0.18811881188118812,0,23.198988778481748,0.11846689895470383
DEP,11,2024-04,101,0.18811881188118812,0.2857142857142857,0,76,8.9586180555555561,0.25961538461538464,0,19.419238810152347,0.078378378378378383
DEP,11,2024-05,104,0.25961538461538464,0.30379746835443039,0.04807692307692308,72,13.507902520576133,0.20408163265306123,0,26.511166148558328,0.1702127659574468
DEP,11,2024-06,98,0.20408163265306123,0.4567901234567901,0.01020408163265306,72,3.2208404195011342,0.32291666666666669,0,20.193162495489851,0.11846689895470383
DEP,11,2024-07,96,0.32291666666666669,0.26923076923076922,0,70,6.4654691043083901,0.16793893129770993,0,29.462929177153612,0.19
DEP,11,2024-08,131,0.16793893129770993,0.4098360655737705,0.0076335877862595417,71,1.1604540598290598,0.26956521739130435,0,16.55262445868421,0.078378378378378383
DEP,11,2024-09,115,0.26956521739130435,0.29268292682926828,0,74,2.3981956845238095,0.20547945205479451,0,24.38551279027709,0.11846689895470383
DEP,11,2024-10,73,0.20547945205479451,0.34920634920634919,0.013698630136986301,73,5.8835773273273277,0.27433628318584069,0,20.429559518858916,0.11846689895470383
DEP,11,2024-11,113,0.27433628318584069,0.32631578947368423,0.044247787610619468,84,1.0972290305010892,0.21621621621621623,0,24.952803040717622,0.11846689895470383
DEP,11,2024-12,111,0.21621621621621623,0.31746031746031744,0.018018018018018018,87,9.4885288065843625,0.20370370370370369,0,22.158871924567947,0.11846689895470383
DEP,11,2025-01,162,0.20370370370370369,0.4050632911392405,0,97,8.2739583333333329,0.24539877300613497,0,21.322580646222772,0.11846689895470383
DEP,11,2025-02,163,0.24539877300613497,0.26027397260273971,0.012269938650306749,105,4.6624193548387103,0.23478260869565218,0,23.220050987915069,0.11846689895470383
DEP,11,2025-03,115,0.23478260869565218,0.2857142857142857,0.034782608695652174,104,3.171318247126437,0.29166666666666669,0,22.244653361158502,0.11846689895470383
DEP,11,2025-04,72,0.29166666666666669,0.29310344827586204,0.027777777777777776,107,2.1743558776167475,0.27083333333333331,0,26.59160604707888,0.1702127659574468
DEP,11,2025-05,96,0.27083333333333331,0.29411764705882354,0.03125,113,3.5357716049382715,0.30851063829787234,0,25.335430335030118,0.11846689895470383
DEP,11,2025-06,94,0.30851063829787234,0.32098765432098764,0.010638297872340425,118,1.6105805243445692,0.30769230769230771,0,27.975294970407237,0.19
DEP,11,2025-07,104,0.30769230769230771,0.3125,0.028846153846153848,119,2.4559061488673142,0.28155339805825241,0,28.170447165029213,0.19
DEP,11,2025-08,103,0.28155339805825241,0.38372093023255816,0.0097087378640776691,116,2.3268540356394132,0.37349397590361444,1,26.27716213992267,0.1702127659574468
DEP,11,2025-09,83,0.37349397590361444,0.33333333333333331,0.03614457831325301,120,7.4095991561181433,0.38655462184873951,1,34.766068301384841,0.3271604938271605
DEP,11,2025-10,119,0.38655462184873951,0.3888888888888889,0.025210084033613446,136,2.8516922869471411,0.48529411764705882,1,35.117943435037112,0.3271604938271605
DEP,11,2025-11,68,0.48529411764705882,0.34375,0.058823529411764705,123,17.260090877914951,0.31958762886597936,0,46.254280833408068,0.57692307692307687
DEP,12,2022-01,113,0.21238938053097345,0.44545454545454544,0.017699115044247787,9,0.64900507478632474,0.29203539823008851,0,19.557043489647381,0.078378378378378383
DEP,12,2022-02,113,0.29203539823008851,0.20353982300884957,0.0088495575221238937,14,2.4892875514403294,0.30088495575221241,0,25.16641495041603,0.11846689895470383
DEP,12,2022-03,113,0.30088495575221241,0.20000000000000001,0.017699115044247787,29,2.9907950680272108,0.32941176470588235,0,26.179647878222418,0.13513513513513514
DEP,12,2022-04,85,0.32941176470588235,0.23529411764705882,0,23,4.5135989010989013,0.37894736842105264,1,28.848876816707506,0.19
DEP,12,2022-05,95,0.37894736842105264,0.17045454545454544,0.052631578947368418,24,3.3973478132387709,0.27083333333333331,0,32.495345211891163,0.23474178403755869
DEP,12,2022-06,96,0.27083333333333331,0.17647058823529413,0.03125,25,4.3499634502923978,0.17647058823529413,0,24.006994351410551,0.11846689895470383
DEP,12,2022-07,85,0.17647058823529413,0.17391304347826086,0.011764705882352941,25,2.6366584967320263,0.28985507246376813,0,15.939581094533871,0.078378378378378383
DEP,12,2022-08,69,0.28985507246376813,0.17241379310344829,0.043478260869565216,30,2.6831163194444443,0.30285714285714288,0,25.225536806741044,0.11846689895470383
DEP,12,2022-09,175,0.30285714285714288,0.23140495867768596,0.011428571428571429,43,2.207381687242798,0.31764705882352939,0,26.425064441756817,0.1702127659574468
DEP,12,2022-10,85,0.31764705882352939,0.20000000000000001,0,45,3.2061328647925036,0.26666666666666666,0,27.65327181472631,0.17582417582417584
DEP,12,2022-11,75,0.26666666666666666,0.31818181818181818,0.026666666666666668,42,6.9087873931623927,0.20606060606060606,0,25.149413028737044,0.11846689895470383
DEP,12,2022-12,165,0.20606060606060606,0.29464285714285715,0.024242424242424242,56,1.7425680647534953,0.29365079365079366,0,19.088883515410785,0.078378378378378383
DEP,12,2023-01,126,0.29365079365079366,0.30769230769230771,0.055555555555555552,54,3.148703342013889,0.10000000000000001,0,26.631678024025888,0.1702127659574468
DEP,12,2023-02,220,0.10000000000000001,0.4606741573033708,0.0090909090909090905,53,2.0762034942182002,0.11643835616438356,0,11.406097722709486,0.017391304347826087
DEP,12,2023-03,146,0.11643835616438356,0.24786324786324787,0.013698630136986301,50,4.5278709917971662,0.25862068965517243,0,12.232414072923808,0.027397260273972601
DEP,12,2023-04,116,0.25862068965517243,0.25263157894736843,0,64,2.544621459694989,0.32323232323232326,0,23.238425139213881,0.11846689895470383
DEP,12,2023-05,99,0.32323232323232326,0.27500000000000002,0.010101010101010102,64,6.7033670033670036,0.22772277227722773,0,29.560518894693995,0.19
DEP,12,2023-06,101,0.22772277227722773,0.22222222222222221,0.039603960396039604,59,3.9820427148846962,0.3135593220338983,0,21.101963933128413,0.11846689895470383
DEP,12,2023-07,118,0.3135593220338983,0.39130434782608697,0.042372881355932202,64,1.7246927236971485,0.25,0,28.343386011005681,0.19
DEP,12,2023-08,64,0.25,0.29999999999999999,0.03125,59,6.4361010466988722,0.24242424242424243,0,23.815939955357965,0.11846689895470383
DEP,12,2023-09,198,0.24242424242424243,0.2896174863387978,0.025252525252525252,74,0.88905585913782637,0.2265625,0,21.965622466965154,0.11846689895470383
DEP,12,2023-10,128,0.2265625,0.17355371900826447,0.015625,70,0.95848590067340067,0.3411764705882353,0,20.042308104010228,0.11846689895470383
DEP,12,2023-11,85,0.3411764705882353,0.352112676056338,0.023529411764705882,65,2.4556095679012349,0.36231884057971014,1,30.447332898689805,0.19
DEP,12,2023-12,138,0.36231884057971014,0.31730769230769229,0.007246376811594203,85,2.2914371468926555,0.30769230769230771,0,32.056476659227229,0.23474178403755869
DEP,12,2024-01,104,0.30769230769230771,0.36458333333333331,0.067307692307692304,69,4.8605381944444446,0.36486486486486486,1,28.665296541901711,0.19
DEP,12,2024-02,74,0.36486486486486486,0.37878787878787878,0.027027027027027029,73,6.8439980158730158,0.20143884892086331,0,33.623731280507577,0.23474178403755869
DEP,12,2024-03,139,0.20143884892086331,0.47272727272727272,0.057553956834532377,73,4.5905225819344526,0.18518518518518517,0,20.635124042612901,0.11846689895470383
DEP,12,2024-04,108,0.18518518518518517,0.36363636363636365,0.018518518518518517,71,2.0454040404040406,0.33823529411764708,0,17.966588976777025,0.078378378378378383
DEP,12,2024-05,136,0.33823529411764708,0.40952380952380951,0.044117647058823532,86,2.6186237373737371,0.19871794871794871,0,30.863806366134675,0.23474178403755869
DEP,12,2024-06,156,0.19871794871794871,0.42105263157894735,0.02564102564102564,92,2.034416666666667,0.2608695652173913,0,19.592213983739672,0.078378378378378383
DEP,12,2024-07,92,0.2608695652173913,0.36249999999999999,0.021739130434782608,82,4.373066448801743,0.26213592233009708,0,24.70308757265094,0.11846689895470383
DEP,12,2024-08,103,0.26213592233009708,0.43333333333333335,0.058252427184466021,90,3.8476827485380118,0.29203539823008851,0,25.300883898051566,0.11846689895470383
DEP,12,2024-09,113,0.29203539823008851,0.38571428571428573,0,87,2.5197737068965518,0.15730337078651685,0,26.815249915340374,0.17582417582417584
DEP,12,2024-10,89,0.15730337078651685,0.37878787878787878,0.02247191011235955,93,0.65128012048192774,0.19847328244274809,0,15.732967794163214,0.078378378378378383
DEP,12,2024-11,131,0.19847328244274809,0.40776699029126212,0,92,3.6170349326599327,0.77837837837837842,1,19.755067255948308,0.11846689895470383
DEP,12,2024-12,555,0.77837837837837842,0.27504911591355602,0.0090090090090090089,104,2.8596672293840801,0.376,1,65.475751998621092,0.92307692307692313
DEP,12,2025-01,125,0.376,0.33766233766233766,0.0080000000000000002,110,2.7359302054154995,0.33333333333333331,0,33.627802201771907,0.23474178403755869
DEP,12,2025-02,102,0.33333333333333331,0.36923076923076925,0.019607843137254902,112,2.7550138888888891,0.25,0,30.456138379589508,0.19
DEP,12,2025-03,120,0.25,0.34782608695652173,0.041666666666666664,121,5.1211649149149148,0.33783783783783783,0,24.45204313955599,0.11846689895470383
DEP,12,2025-04,74,0.33783783783783783,0.38181818181818183,0.013513513513513514,121,10.469725975975976,0.23140495867768596,0,32.782548811026309,0.23474178403755869
DEP,12,2025-05,121,0.23140495867768596,0.49484536082474229,0.041322314049586778,125,1.3422602089268756,0.19642857142857142,0,22.839950310523729,0.11846689895470383
DEP,12,2025-06,168,0.19642857142857142,0.50485436893203883,0.041666666666666664,141,1.8452485380116959,0.20567375886524822,0,20.383303033888645,0.11846689895470383
DEP,12,2025-07,141,0.20567375886524822,0.4329896907216495,0.042553191489361701,155,11.023069772528434,0.26785714285714285,0,23.10327840983307,0.11846689895470383
DEP,12,2025-08,112,0.26785714285714285,0.43956043956043955,0.026785714285714284,144,1.3700090334236676,0.42696629213483145,1,25.615318415938695,0.11846689895470383
DEP,12,2025-09,89,0.42696629213483145,0.45454545454545453,0.011235955056179775,150,3.5642068273092367,0.48101265822784811,1,38.927657673068914,0.35869565217391303
DEP,12,2025-10,158,0.48101265822784811,0.46376811594202899,0.012658227848101266,190,5.2640830979284372,0.46464646464646464,1,44.134207703374116,0.57692307692307687
DEP,12,2025-11,99,0.46464646464646464,0.5,0.10101010101010101,159,3.2523717948717947,0.38853503184713378,1,42.639459765217133,0.46666666666666667
DEP,13,2022-01,117,0.21367521367521367,0.2857142857142857,0,13,0.97338408119658126,0.22222222222222221,0,18.892458285267104,0.078378378378378383
DEP,13,2022-02,81,0.22222222222222221,0.23456790123456789,0.012345679012345678,11,3.0899849397590362,0.2413793103448276,0,19.86526714490795,0.11846689895470383
DEP,13,2022-03,58,0.2413793103448276,0.21052631578947367,0.017241379310344827,9,3.3724537037037039,0.2978723404255319,0,21.348168295518605,0.11846689895470383
DEP,13,2022-04,47,0.2978723404255319,0.21276595744680851,0.063829787234042548,12,3.306549873737374,0.23809523809523808,0,26.127887801778158,0.13513513513513514
DEP,13,2022-05,63,0.23809523809523808,0.18181818181818182,0.015873015873015872,13,2.4302195340501793,0.28301886792452829,0,20.753034417571751,0.11846689895470383
DEP,13,2022-06,53,0.28301886792452829,0.21568627450980393,0.018867924528301886,16,3.891458333333333,0.22580645161290322,0,24.911220538632531,0.11846689895470383
DEP,13,2022-07,62,0.22580645161290322,0.12962962962962962,0,12,5.2685079966329971,0.35555555555555557,1,20.095236858781639,0.11846689895470383
DEP,13,2022-08,45,0.35555555555555557,0.25,0,14,3.5032784237726098,0.38,1,30.677651732522712,0.23474178403755869
DEP,13,2022-09,50,0.38,0.18181818181818182,0,20,1.7754892676767675,0.21875,0,31.944338231254019,0.23474178403755869
DEP,13,2022-10,32,0.21875,0.1875,0,17,2.4631547619047622,0.12820512820512819,0,19.204772094138015,0.078378378378378383
DEP,13,2022-11,39,0.12820512820512819,0.19354838709677419,0.02564102564102564,18,1.1537463450292398,0.20999999999999999,0,11.81829730414791,0.017391304347826087
DEP,13,2022-12,100,0.20999999999999999,0.15909090909090909,0,24,4.5815972222222223,0.080000000000000002,0,18.941761379982484,0.078378378378378383
DEP,13,2023-01,75,0.080000000000000002,0.17999999999999999,0.026666666666666668,16,1.0935240963855422,0.19298245614035087,0,7.8637041393595819,0
DEP,13,2023-02,57,0.19298245614035087,0.35135135135135137,0.052631578947368418,19,3.9215534979423867,0.27083333333333331,0,18.594490453633821,0.078378378378378383
DEP,13,2023-03,48,0.27083333333333331,0.18181818181818182,0,19,2.9461950231481482,0.203125,0,23.479335257297532,0.11846689895470383
DEP,13,2023-04,64,0.203125,0.31746031746031744,0,45,0.89102704678362565,0.23214285714285715,0,18.527254927438769,0.078378378378378383
DEP,13,2023-05,56,0.23214285714285715,0.2978723404255319,0,23,5.9483440170940174,0.18518518518518517,0,21.722106814892808,0.11846689895470383
DEP,13,2023-06,27,0.18518518518518517,0.30434782608695654,0,22,6.8909474206349213,0.25,0,18.211841796268718,0.078378378378378383
DEP,13,2023-07,84,0.25,0.33750000000000002,0.059523809523809521,21,2.6884477124183004,0.3125,0,22.848528389425592,0.11846689895470383
DEP,13,2023-08,48,0.3125,0.31111111111111112,0.041666666666666664,22,4.8400856973995277,0.44654088050314467,1,28.150531069022943,0.19
DEP,13,2023-09,159,0.44654088050314467,0.29032258064516131,0.0062893081761006293,36,1.1760584291187741,0.34920634920634919,1,37.868599616066561,0.35869565217391303
DEP,13,2023-10,63,0.34920634920634919,0.31147540983606559,0.015873015873015872,25,1.321828078078078,0.30188679245283018,0,30.153498232647717,0.19
DEP,13,2023-11,53,0.30188679245283018,0.2558139534883721,0,27,1.7114515250544662,0.27272727272727271,0,26.124330125576538,0.13513513513513514
DEP,13,2023-12,66,0.27272727272727271,0.38297872340425532,0,29,1.6923394097222222,0.29999999999999999,0,24.444076694720412,0.11846689895470383
DEP,13,2024-01,100,0.29999999999999999,0.39506172839506171,0.059999999999999998,39,1.9389891975308644,0.23214285714285715,0,27.151230491645443,0.17582417582417584
DEP,13,2024-02,56,0.23214285714285715,0.41666666666666669,0,34,4.8085040983606548,0.16666666666666666,0,22.161282503000276,0.11846689895470383
DEP,13,2024-03,54,0.16666666666666666,0.44,0.037037037037037035,37,1.8005446623093679,0.28947368421052633,0,16.540251010912453,0.078378378378378383
DEP,13,2024-04,38,0.28947368421052633,0.36363636363636365,0.026315789473684209,40,4.0847222222222221,0.19298245614035087,0,26.505417699745848,0.1702127659574468
DEP,13,2024-05,57,0.19298245614035087,0.33333333333333331,0,40,2.9302997076023392,0.33333333333333331,0,18.228000604367651,0.078378378378378383
DEP,13,2024-06,45,0.33333333333333331,0.34210526315789475,0.044444444444444446,45,2.2051041666666666,0.35185185185185186,1,29.602425453405242,0.19
DEP,13,2024-07,54,0.35185185185185186,0.39534883720930231,0.018518518518518517,42,8.2809941520467838,0.2318840579710145,0,32.636234375842029,0.23474178403755869
DEP,13,2024-08,69,0.2318840579710145,0.40322580645161288,0.014492753623188406,43,1.728829656862745,0.31578947368421051,0,21.507642421918924,0.11846689895470383
DEP,13,2024-09,38,0.31578947368421051,0.34285714285714286,0.026315789473684209,46,2.4853373015873013,0.33333333333333331,0,28.189416993704281,0.19
DEP,13,2024-10,30,0.33333333333333331,0.41379310344827586,0,44,1.6059895833333333,0.21428571428571427,0,29.585283354254202,0.19
DEP,13,2024-11,56,0.21428571428571427,0.40909090909090912,0.017857142857142856,43,5.069115497076023,0.34375,0,20.941755734216997,0.11846689895470383
DEP,13,2024-12,32,0.34375,0.23333333333333334,0,45,1.7271990740740741,0.13043478260869565,0,29.555809515979224,0.19
DEP,13,2025-01,115,0.13043478260869565,0.23863636363636365,0,48,1.2372333829365079,0.21666666666666667,0,12.432264616531183,0.027397260273972601
DEP,13,2025-02,60,0.21666666666666667,0.31578947368421051,0,52,1.8259920634920637,0.15555555555555556,0,19.899298353624157,0.11846689895470383
DEP,13,2025-03,45,0.15555555555555556,0.37037037037037035,0,51,2.8121074879227055,0.34146341463414637,0,15.507655147684797,0.078378378378378383
DEP,13,2025-04,41,0.34146341463414637,0.44444444444444442,0,60,1.5244574652777778,0.32876712328767121,0,30.539371194172535,0.19
DEP,13,2025-05,73,0.32876712328767121,0.44067796610169491,0.082191780821917804,61,1.2909432870370372,0.32786885245901637,0,29.870783680444106,0.19
DEP,13,2025-06,61,0.32786885245901637,0.30357142857142855,0,62,2.0054861111111113,0.22641509433962265,0,28.883281283767868,0.19
DEP,13,2025-07,53,0.22641509433962265,0.32500000000000001,0,62,1.821947064989518,0.20000000000000001,0,20.830416596806479,0.11846689895470383
DEP,13,2025-08,30,0.20000000000000001,0.55172413793103448,0.13333333333333333,63,0.74612068965517242,0.28205128205128205,0,20.271810187490971,0.11846689895470383
DEP,13,2025-09,39,0.28205128205128205,0.54285714285714282,0,69,0.66976010101010097,0.2638888888888889,0,26.170385071182462,0.13513513513513514
DEP,13,2025-10,72,0.2638888888888889,0.4576271186440678,0,73,2.455892565359477,0.35897435897435898,1,24.759259540325282,0.11846689895470383
DEP,13,2025-11,39,0.35897435897435898,0.40000000000000002,0.02564102564102564,67,2.6061419753086419,0.42307692307692307,1,32.178251146136091,0.23474178403755869
DEP,14,2022-01,100,0.17999999999999999,0.28000000000000003,0.029999999999999999,9,0.83649267399267402,0.27941176470588236,0,16.24480162535302,0.078378378378378383
DEP,14,2022-02,68,0.27941176470588236,0.16176470588235295,0.029411764705882353,11,2.9425820707070707,0.22222222222222221,0,24.12661498160066,0.11846689895470383
DEP,14,2022-03,99,0.22222222222222221,0.25,0.050505050505050504,20,2.1978549382716048,0.33333333333333331,0,20.016217155758515,0.11846689895470383
DEP,14,2022-04,93,0.33333333333333331,0.30337078651685395,0,21,2.7323596014492755,0.28409090909090912,0,29.057369864086404,0.19
DEP,14,2022-05,88,0.28409090909090912,0.28000000000000003,0.034090909090909088,23,4.7622416020671832,0.27848101265822783,0,25.676444125416729,0.11846689895470383
DEP,14,2022-06,79,0.27848101265822783,0.203125,0.037974683544303799,24,1.5612179487179487,0.19205298013245034,0,24.110663523420325,0.11846689895470383
DEP,14,2022-07,151,0.19205298013245034,0.33027522935779818,0.019867549668874173,29,3.5531582952815826,0.32000000000000001,0,18.269315722438062,0.078378378378378383
DEP,14,2022-08,150,0.32000000000000001,0.26363636363636361,0.02,43,4.155290032679738,0.17449664429530201,0,28.464597004512616,0.19
DEP,14,2022-09,149,0.17449664429530201,0.25,0.020134228187919462,28,2.1140963753387534,0.14000000000000001,0,16.111294853670646,0.078378378378378383
DEP,14,2022-10,50,0.14000000000000001,0.27659574468085107,0.059999999999999998,28,3.3206388888888894,0.18292682926829268,0,13.971342213900371,0.078378378378378383
DEP,14,2022-11,82,0.18292682926829268,0.20370370370370369,0.036585365853658534,33,4.0754148629148634,0.3135593220338983,0,17.156849613040169,0.078378378378378383
DEP,14,2022-12,118,0.3135593220338983,0.31428571428571428,0.042372881355932202,52,1.7067690796857464,0.16438356164383561,0,27.826633782628161,0.18181818181818182
DEP,14,2023-01,73,0.16438356164383561,0.2558139534883721,0.027397260273972601,34,7.6008928571428571,0.28888888888888886,0,16.738569698457656,0.078378378378378383
DEP,14,2023-02,45,0.28888888888888886,0.25,0.044444444444444446,38,4.5152608401084011,0.23999999999999999,0,26.062442050443519,0.13513513513513514
DEP,14,2023-03,50,0.23999999999999999,0.2558139534883721,0.080000000000000002,34,15.238014403292182,0.29807692307692307,0,24.870444725519125,0.11846689895470383
DEP,14,2023-04,104,0.29807692307692307,0.24358974358974358,0.028846153846153848,50,2.401830808080808,0.21167883211678831,0,26.311298911055449,0.1702127659574468
DEP,14,2023-05,137,0.21167883211678831,0.27551020408163263,0.014598540145985401,38,1.4071262117822521,0.27058823529411763,0,19.123454392785437,0.078378378378378383
DEP,14,2023-06,85,0.27058823529411763,0.30555555555555558,0.035294117647058823,33,14.509174382716051,0.18674698795180722,0,27.158409183698161,0.17582417582417584
DEP,14,2023-07,166,0.18674698795180722,0.48201438848920863,0.054216867469879519,33,4.1807145247657296,0.25,0,18.96726189003174,0.078378378378378383
DEP,14,2023-08,104,0.25,0.45161290322580644,0.086538461538461536,31,2.7586019392033547,0.24154589371980675,0,23.677039854767589,0.11846689895470383
DEP,14,2023-09,207,0.24154589371980675,0.40625,0.01932367149758454,44,0.63981958762886593,0.26373626373626374,0,22.071020175248822,0.11846689895470383
DEP,14,2023-10,91,0.26373626373626374,0.39560439560439559,0.076923076923076927,37,1.1575042517006804,0.46666666666666667,1,24.13004759181301,0.11846689895470383
DEP,14,2023-11,60,0.46666666666666667,0.3392857142857143,0.066666666666666666,38,3.4242231638418081,0.30708661417322836,0,40.582226077449029,0.45238095238095238
DEP,14,2023-12,127,0.30708661417322836,0.30612244897959184,0.03937007874015748,41,4.4949988799283158,0.15032679738562091,0,27.800516013986801,0.18181818181818182
DEP,14,2024-01,153,0.15032679738562091,0.47499999999999998,0.0065359477124183009,46,1.3748310810810811,0.15044247787610621,0,15.249671710713441,0.078378378378378383
DEP,14,2024-02,113,0.15044247787610621,0.42028985507246375,0.017699115044247787,52,1.8785890446521285,0.25301204819277107,0,15.224907587074741,0.078378378378378383
DEP,14,2024-03,83,0.25301204819277107,0.35294117647058826,0.060240963855421686,56,3.1278217299578057,0.25454545454545452,0,23.646515178349876,0.11846689895470383
DEP,14,2024-04,55,0.25454545454545452,0.40000000000000002,0,60,14.886642156862745,0.22580645161290322,0,26.54729610313569,0.1702127659574468
DEP,14,2024-05,93,0.22580645161290322,0.41176470588235292,0.064516129032258063,61,5.1034118357487923,0.20512820512820512,0,22.309333732445396,0.11846689895470383
DEP,14,2024-06,117,0.20512820512820512,0.39603960396039606,0.042735042735042736,66,2.1908978174603173,0.27322404371584702,0,19.826712538675526,0.11846689895470383
DEP,14,2024-07,183,0.27322404371584702,0.46323529411764708,0.02185792349726776,90,1.8587438853948286,0.12962962962962962,0,25.681597485519596,0.11846689895470383
DEP,14,2024-08,108,0.12962962962962962,0.49397590361445781,0.055555555555555552,63,3.1302726337448559,0.25438596491228072,0,14.532588343178855,0.078378378378378383
DEP,14,2024-09,114,0.25438596491228072,0.40259740259740262,0.043859649122807015,70,1.939791017653167,0.22,0,23.788371161042239,0.11846689895470383
DEP,14,2024-10,50,0.22,0.35555555555555557,0.080000000000000002,65,3.4450252525252525,0.17204301075268819,0,21.288542690449987,0.11846689895470383
DEP,14,2024-11,93,0.17204301075268819,0.35820895522388058,0.053763440860215055,64,5.267693557919622,0.28888888888888886,0,17.75771444725245,0.078378378378378383
DEP,14,2024-12,90,0.28888888888888886,0.42105263157894735,0.066666666666666666,71,1.5266315261044177,0.29113924050632911,0,26.667090364460943,0.1702127659574468
DEP,14,2025-01,79,0.29113924050632911,0.36538461538461536,0,80,5.2481448412698413,0.22988505747126436,0,27.217638602647831,0.17582417582417584
DEP,14,2025-02,87,0.22988505747126436,0.30952380952380953,0,75,2.6861488526570048,0.17499999999999999,0,21.374533978136419,0.11846689895470383
DEP,14,2025-03,80,0.17499999999999999,0.36507936507936506,0,80,1.9938796296296297,0.31428571428571428,0,17.149663067877082,0.078378378378378383
DEP,14,2025-04,70,0.31428571428571428,0.4098360655737705,0.042857142857142858,79,10.324647887323945,0.23999999999999999,0,30.70476837212389,0.23474178403755869
DEP,14,2025-05,75,0.23999999999999999,0.5161290322580645,0.093333333333333338,78,15.77670869883041,0.14999999999999999,0,26.834124634887097,0.17582417582417584
DEP,14,2025-06,160,0.14999999999999999,0.5859375,0.056250000000000001,85,0.77566721132897609,0.15527950310559005,0,16.298050674509689,0.078378378378378383
DEP,14,2025-07,161,0.15527950310559005,0.63235294117647056,0.0062111801242236021,99,1.6797902494331067,0.31623931623931623,0,17.066318345876496,0.078378378378378383
DEP,14,2025-08,117,0.31623931623931623,0.4838709677419355,0.059829059829059832,93,2.062968608852755,0.22972972972972974,0,29.496351078380933,0.19
DEP,14,2025-09,74,0.22972972972972974,0.56451612903225812,0.0945945945945946,86,10.885468106995885,0.42276422764227645,1,25.180325677021148,0.11846689895470383
DEP,14,2025-10,123,0.42276422764227645,0.48275862068965519,0.008130081300813009,93,4.7387571839080458,0.24590163934426229,0,38.391772503300182,0.35869565217391303
DEP,14,2025-11,122,0.24590163934426229,0.51546391752577314,0.016393442622950821,91,16.331714829749107,0.54666666666666663,1,27.188459428284038,0.17582417582417584
DEP,15,2022-01,178,0.3202247191011236,0.21590909090909091,0.0056179775280898875,39,1.0078237410071942,0.14754098360655737,0,27.379674289359464,0.17582417582417584
DEP,15,2022-02,244,0.14754098360655737,0.38235294117647056,0.0081967213114754103,30,2.4101998243302591,0.37804878048780488,1,14.648702822823877,0.078378378378378383
DEP,15,2022-03,82,0.37804878048780488,0.15853658536585366,0.036585365853658534,34,3.5482015669515667,0.3577981651376147,1,32.425734687000869,0.23474178403755869
DEP,15,2022-04,109,0.3577981651376147,0.17924528301886791,0,37,3.8635547693920334,0.23776223776223776,0,30.833284406814297,0.23474178403755869
DEP,15,2022-05,143,0.23776223776223776,0.31007751937984496,0.006993006993006993,42,1.4646638486312398,0.3595505617977528,1,21.401101007615768,0.11846689895470383
DEP,15,2022-06,89,0.3595505617977528,0.22077922077922077,0.033707865168539325,42,5.6566401373283393,0.24025974025974026,0,31.829971848617507,0.23474178403755869
DEP,15,2022-07,154,0.24025974025974026,0.27500000000000002,0.012987012987012988,49,2.5240646258503401,0.23121387283236994,0,21.782197758859262,0.11846689895470383
DEP,15,2022-08,173,0.23121387283236994,0.27131782945736432,0.0057803468208092483,53,2.5082347140039447,0.22259136212624583,0,21.042776942486078,0.11846689895470383
DEP,15,2022-09,301,0.22259136212624583,0.3007518796992481,0.0099667774086378731,62,2.3518478881278542,0.17948717948717949,0,20.579362686984627,0.11846689895470383
DEP,15,2022-10,78,0.17948717948717949,0.22580645161290322,0.02564102564102564,53,3.4851851851851849,0.26666666666666666,0,17.00916067919691,0.078378378378378383
DEP,15,2022-11,105,0.26666666666666666,0.15053763440860216,0.019047619047619049,59,5.4138187429854101,0.1423611111111111,0,24.097384264698235,0.11846689895470383
DEP,15,2022-12,288,0.1423611111111111,0.24803149606299213,0.010416666666666666,77,5.2418364197530867,0.24096385542168675,0,14.747388145380038,0.078378378378378383
DEP,15,2023-01,166,0.24096385542168675,0.27007299270072993,0.048192771084337352,72,2.9887589343729695,0.16483516483516483,0,22.344798990264955,0.11846689895470383
DEP,15,2023-02,91,0.16483516483516483,0.28767123287671231,0.01098901098901099,76,1.0314974457215838,0.14948453608247422,0,15.732631301162431,0.078378378378378383
DEP,15,2023-03,194,0.14948453608247422,0.24698795180722891,0.025773195876288658,77,4.3865824697754752,0.22302158273381295,0,15.185060828393915,0.078378378378378383
DEP,15,2023-04,139,0.22302158273381295,0.31304347826086959,0.0071942446043165471,92,4.6173387096774201,0.30201342281879195,0,21.519604379864674,0.11846689895470383
DEP,15,2023-05,149,0.30201342281879195,0.25547445255474455,0.0067114093959731542,86,4.429086021505376,0.26262626262626265,0,27.44012949114169,0.17582417582417584
DEP,15,2023-06,99,0.26262626262626265,0.32222222222222224,0.020202020202020204,82,7.4132820927723841,0.20869565217391303,0,25.358885452100612,0.11846689895470383
DEP,15,2023-07,230,0.20869565217391303,0.31308411214953269,0.026086956521739129,82,1.2550996376811594,0.19230769230769232,0,19.560984170001113,0.078378378378378383
DEP,15,2023-08,104,0.19230769230769232,0.38144329896907214,0.0096153846153846159,84,3.794321895424837,0.23999999999999999,0,19.135593699299871,0.078378378378378383
DEP,15,2023-09,200,0.23999999999999999,0.33701657458563539,0,92,1.7330150462962963,0.29931972789115646,0,22.274572397729003,0.11846689895470383
DEP,15,2023-10,147,0.29931972789115646,0.39860139860139859,0,88,1.1702952538631346,0.35294117647058826,1,27.151530271498732,0.17582417582417584
DEP,15,2023-11,85,0.35294117647058826,0.35802469135802467,0.023529411764705882,94,2.3459476090014064,0.26548672566371684,0,31.699795635278832,0.23474178403755869
DEP,15,2023-12,113,0.26548672566371684,0.35416666666666669,0.0088495575221238937,100,2.3825220664589821,0.31578947368421051,0,24.683175958658893,0.11846689895470383
DEP,15,2024-01,152,0.31578947368421051,0.375,0.019736842105263157,98,7.2515647546897544,0.26708074534161491,0,30.004816090543137,0.19
DEP,15,2024-02,161,0.26708074534161491,0.30275229357798167,0.0062111801242236021,115,1.7787133487654319,0.20320855614973263,0,24.555810417784762,0.11846689895470383
DEP,15,2024-03,187,0.20320855614973263,0.40310077519379844,0.032085561497326207,116,2.8795064217443249,0.21153846153846154,0,20.350046945979077,0.11846689895470383
DEP,15,2024-04,156,0.21153846153846154,0.34513274336283184,0.038461538461538464,119,4.5996732026143787,0.1953125,0,21.200157840013087,0.11846689895470383
DEP,15,2024-05,128,0.1953125,0.33980582524271846,0.0078125,112,8.9583950617283961,0.28688524590163933,0,20.686365923290357,0.11846689895470383
DEP,15,2024-06,122,0.28688524590163933,0.43181818181818182,0,120,1.7251096491228071,0.35507246376811596,1,26.794746893107725,0.17582417582417584
DEP,15,2024-07,138,0.35507246376811596,0.31,0.014492753623188406,121,4.6792781832927819,0.2857142857142857,0,32.427535483939515,0.23474178403755869
DEP,15,2024-08,154,0.2857142857142857,0.34351145038167941,0.045454545454545456,134,1.5628841607565012,0.22602739726027396,0,26.596782184000084,0.1702127659574468
DEP,15,2024-09,146,0.22602739726027396,0.39669421487603307,0.020547945205479451,134,2.7988489345509895,0.37333333333333335,1,22.257693782972108,0.11846689895470383
DEP,15,2024-10,75,0.37333333333333335,0.31746031746031744,0,139,5.1697916666666668,0.25274725274725274,0,34.161186620070026,0.3271604938271605
DEP,15,2024-11,91,0.25274725274725274,0.34615384615384615,0,140,3.8509645061728395,0.20588235294117646,0,24.354196207603238,0.11846689895470383
DEP,15,2024-12,102,0.20588235294117646,0.34210526315789475,0.049019607843137254,141,5.4827488998899891,0.34507042253521125,0,21.229264332711853,0.11846689895470383
DEP,15,2025-01,142,0.34507042253521125,0.3925233644859813,0,158,4.1024333333333338,0.41935483870967744,1,32.222873641176818,0.23474178403755869
DEP,15,2025-02,124,0.41935483870967744,0.34782608695652173,0.0080645161290322578,173,3.3857734454638124,0.20547945205479451,0,37.9709380821065,0.35869565217391303
DEP,15,2025-03,146,0.20547945205479451,0.38043478260869568,0.020547945205479451,172,1.967384731670446,0.29203539823008851,0,20.737864786808636,0.11846689895470383
DEP,15,2025-04,113,0.29203539823008851,0.30864197530864196,0.035398230088495575,180,7.36234126984127,0.30434782608695654,0,28.74789468357244,0.19
DEP,15,2025-05,115,0.30434782608695654,0.41747572815533979,0.078260869565217397,184,6.2545983483483489,0.29999999999999999,0,30.269912589989357,0.19
DEP,15,2025-06,140,0.29999999999999999,0.24590163934426229,0.064285714285714279,193,2.1280746395250212,0.27542372881355931,0,28.106729463206509,0.19
DEP,15,2025-07,236,0.27542372881355931,0.45751633986928103,0.012711864406779662,197,5.3742516762452111,0.34862385321100919,1,27.756704326541875,0.18181818181818182
DEP,15,2025-08,109,0.34862385321100919,0.45918367346938777,0,205,1.8574738723872388,0.296875,0,32.804521970869949,0.23474178403755869
DEP,15,2025-09,128,0.296875,0.47959183673469385,0.0078125,208,2.8223944444444444,0.4467005076142132,1,29.067469935275554,0.19
DEP,15,2025-10,197,0.4467005076142132,0.34254143646408841,0,236,12.679372123602892,0.42592592592592593,1,42.974846902553779,0.46666666666666667
DEP,15,2025-11,108,0.42592592592592593,0.39215686274509803,0,204,3.3916567460317459,0.40579710144927539,1,39.008443416110275,0.35869565217391303
DEP,16,2022-01,42,0.38095238095238093,0.10000000000000001,0,8,1.8100285947712418,0.20689655172413793,0,31.492277930259046,0.23474178403755869
DEP,16,2022-02,29,0.20689655172413793,0.21428571428571427,0,4,5.3323021885521893,0.3125,0,18.936002748339554,0.078378378378378383
DEP,16,2022-03,48,0.3125,0.125,0,12,1.9972743055555555,0.42105263157894735,1,26.228176575039964,0.16666666666666666
DEP,16,2022-04,57,0.42105263157894735,0.17857142857142858,0,17,3.4562099358974359,0.33333333333333331,0,35.580893930693328,0.3271604938271605
DEP,16,2022-05,42,0.33333333333333331,0.20000000000000001,0.023809523809523808,23,1.8866319444444446,0.29999999999999999,0,28.479300426572461,0.19
DEP,16,2022-06,50,0.29999999999999999,0.29268292682926828,0.02,21,7.9509081196581191,0.21296296296296297,0,27.680601397364601,0.17929167847947827
DEP,16,2022-07,108,0.21296296296296297,0.19587628865979381,0,22,7.0536150051921078,0.13422818791946309,0,19.930456146845941,0.11846689895470383
DEP,16,2022-08,149,0.13422818791946309,0.4921875,0.026845637583892617,24,2.8925925925925924,0.32467532467532467,0,14.277337543327285,0.078378378378378383
DEP,16,2022-09,77,0.32467532467532467,0.1388888888888889,0,22,6.1926599859353022,0.2391304347826087,0,28.377360090130971,0.19
DEP,16,2022-10,46,0.2391304347826087,0.13636363636363635,0,18,9.9295694444444447,0.2558139534883721,0,22.369023635480247,0.11846689895470383
DEP,16,2022-11,43,0.2558139534883721,0.15789473684210525,0,18,3.8654877260981917,0.40000000000000002,1,22.366578300877904,0.11846689895470383
DEP,16,2022-12,70,0.40000000000000002,0.21666666666666667,0.028571428571428571,34,10.548456790123456,0.25,0,36.100231665704172,0.3271604938271605
DEP,16,2023-01,56,0.25,0.33333333333333331,0.053571428571428568,29,5.873258196721312,0.25,0,23.64164551294397,0.11846689895470383
DEP,16,2023-02,44,0.25,0.125,0.022727272727272728,29,7.254908459595959,0.125,0,22.774936311189677,0.11846689895470383
DEP,16,2023-03,32,0.125,0.16129032258064516,0,26,12.899444444444445,0.23999999999999999,0,14.155750637313481,0.078378378378378383
DEP,16,2023-04,50,0.23999999999999999,0.1875,0,24,5.9219684829059824,0.23076923076923078,0,21.803146438738256,0.11846689895470383
DEP,16,2023-05,52,0.23076923076923078,0.30434782608695654,0,24,12.239182692307692,0.33333333333333331,0,23.154014227612333,0.11846689895470383
DEP,16,2023-06,30,0.33333333333333331,0.40000000000000002,0,24,3.8990046296296299,0.17073170731707318,0,29.850318560319007,0.19
DEP,16,2023-07,82,0.17073170731707318,0.31944444444444442,0.012195121951219513,32,1.7292605105105106,0.29090909090909089,0,16.068401896406915,0.078378378378378383
DEP,16,2023-08,55,0.29090909090909089,0.24528301886792453,0.018181818181818181,31,2.945374503968254,0.32758620689655171,0,25.620819417018193,0.11846689895470383
DEP,16,2023-09,58,0.32758620689655171,0.30909090909090908,0,34,5.563712121212121,0.38095238095238093,1,29.438780971888647,0.19
DEP,16,2023-10,42,0.38095238095238093,0.29729729729729731,0,34,2.736574074074074,0.2857142857142857,0,32.975524535912747,0.23474178403755869
DEP,16,2023-11,35,0.2857142857142857,0.29999999999999999,0,36,1.7211489898989898,0.38461538461538464,1,25.149315225039043,0.11846689895470383
DEP,16,2023-12,39,0.38461538461538464,0.27027027027027029,0,39,5.1393325617283949,0.21428571428571427,0,33.758969179680136,0.23474178403755869
DEP,16,2024-01,56,0.21428571428571427,0.24444444444444444,0,40,3.175252525252525,0.31111111111111112,0,19.546172638995674,0.078378378378378383
DEP,16,2024-02,45,0.31111111111111112,0.45714285714285713,0.022222222222222223,34,10.055460239651415,0.16666666666666666,0,30.042316863766516,0.19
DEP,16,2024-03,54,0.16666666666666666,0.45833333333333331,0,33,2.0200883838383836,0.23404255319148937,0,16.456573611737365,0.078378378378378383
DEP,16,2024-04,47,0.23404255319148937,0.23809523809523808,0,39,6.4433943089430894,0.31481481481481483,0,21.862994676417479,0.11846689895470383
DEP,16,2024-05,54,0.31481481481481483,0.31818181818181818,0,44,3.9489654195011341,0.30263157894736842,0,28.183967651297316,0.19
DEP,16,2024-06,76,0.30263157894736842,0.39130434782608697,0.013157894736842105,40,7.7698784722222225,0.30107526881720431,0,28.508591353585135,0.19
DEP,16,2024-07,93,0.30107526881720431,0.31645569620253167,0.010752688172043012,44,3.8951700998751564,0.19565217391304349,0,27.117123682269021,0.17582417582417584
DEP,16,2024-08,92,0.19565217391304349,0.53947368421052633,0.010869565217391304,39,3.8571019473081325,0.34883720930232559,1,19.736824725798215,0.11846689895470383
DEP,16,2024-09,43,0.34883720930232559,0.36585365853658536,0,41,3.7387364498644984,0.32000000000000001,0,31.062176621177766,0.23474178403755869
DEP,16,2024-10,50,0.32000000000000001,0.20930232558139536,0.02,48,2.1007267441860464,0.29268292682926828,0,27.756501802046504,0.18181818181818182
DEP,16,2024-11,41,0.29268292682926828,0.36585365853658536,0,46,3.2919412144702842,0.34615384615384615,1,26.51647477505438,0.1702127659574468
DEP,16,2024-12,52,0.34615384615384615,0.40000000000000002,0,49,3.3818310657596369,0.42857142857142855,1,31.018132265588992,0.23474178403755869
DEP,16,2025-01,77,0.42857142857142855,0.26000000000000001,0,58,2.1613562091503269,0.35897435897435898,1,36.716282203569882,0.3271604938271605
DEP,16,2025-02,39,0.35897435897435898,0.21428571428571427,0,58,4.8277955840455835,0.25,0,31.555244138546602,0.23474178403755869
DEP,16,2025-03,48,0.25,0.35897435897435898,0,61,4.3166049382716043,0.33333333333333331,0,23.470817045382258,0.11846689895470383
DEP,16,2025-04,36,0.33333333333333331,0.375,0.027777777777777776,65,14.42790798611111,0.30232558139534882,0,32.807984858065879,0.23474178403755869
DEP,16,2025-05,43,0.30232558139534882,0.21052631578947367,0,65,2.828779069767442,0.19548872180451127,0,26.602597609008146,0.1702127659574468
DEP,16,2025-06,133,0.19548872180451127,0.42342342342342343,0.0075187969924812026,76,1.1167463570127503,0.23529411764705882,0,18.866629829661559,0.078378378378378383
DEP,16,2025-07,136,0.23529411764705882,0.45132743362831856,0.0073529411764705881,83,2.2903262273901812,0.21052631578947367,0,22.54366144589488,0.11846689895470383
DEP,16,2025-08,95,0.21052631578947367,0.41666666666666669,0,78,1.1906041666666667,0.39285714285714285,1,20.037084015789745,0.11846689895470383
DEP,16,2025-09,56,0.39285714285714285,0.42857142857142855,0,81,5.0480476939203358,0.41666666666666669,1,35.633925472237557,0.3271604938271605
DEP,16,2025-10,60,0.41666666666666669,0.2807017543859649,0.016666666666666666,88,3.5629192872117397,0.28000000000000003,0,36.603143739685336,0.3271604938271605
DEP,16,2025-11,50,0.28000000000000003,0.45652173913043476,0.02,80,4.0741139846743293,0.35294117647058826,1,26.602473885157746,0.1702127659574468
DEP,17,2022-01,81,0.41975308641975306,0.098765432098765427,0,21,0.96402777777777782,0.34999999999999998,1,34.526596337520786,0.3271604938271605
DEP,17,2022-02,100,0.34999999999999998,0.25,0,18,4.2359964940668826,0.23595505617977527,0,30.450242797482463,0.19
DEP,17,2022-03,89,0.23595505617977527,0.22093023255813954,0,11,5.0203342013888888,0.46739130434782611,1,21.293882594409901,0.11846689895470383
DEP,17,2022-04,92,0.46739130434782611,0.20454545454545456,0,15,2.5503866792929291,0.33000000000000002,0,39.180802523383626,0.35869565217391303
DEP,17,2022-05,100,0.33000000000000002,0.1388888888888889,0,18,5.5286583619702174,0.29268292682926828,0,28.602670477663789,0.19
DEP,17,2022-06,82,0.29268292682926828,0.2153846153846154,0.012195121951219513,19,3.4449674211248285,0.20000000000000001,0,25.57494025584829,0.11846689895470383
DEP,17,2022-07,130,0.20000000000000001,0.1721311475409836,0,21,3.4443305121527779,0.23000000000000001,0,17.904161639445789,0.078378378378378383
DEP,17,2022-08,100,0.23000000000000001,0.22826086956521738,0,23,2.3356717687074831,0.28448275862068967,0,20.341895347282108,0.11846689895470383
DEP,17,2022-09,116,0.28448275862068967,0.21428571428571427,0.017241379310344827,25,3.0988852339181285,0.31578947368421051,0,24.919905283355359,0.11846689895470383
DEP,17,2022-10,76,0.31578947368421051,0.21428571428571427,0,23,3.6430466524216523,0.28925619834710742,0,27.446643693397267,0.17582417582417584
DEP,17,2022-11,121,0.28925619834710742,0.26213592233009708,0,23,3.9711030762167128,0.33834586466165412,0,25.641398468037639,0.11846689895470383
DEP,17,2022-12,133,0.33834586466165412,0.25252525252525254,0,42,2.5095394736842103,0.17808219178082191,0,29.37398636331346,0.19
DEP,17,2023-01,146,0.17808219178082191,0.33333333333333331,0.0068493150684931503,27,4.4363569703243613,0.26250000000000001,0,17.291046317894263,0.078378378378378383
DEP,17,2023-02,80,0.26250000000000001,0.12698412698412698,0.012500000000000001,29,2.9748130341880343,0.27419354838709675,0,22.713976433298665,0.11846689895470383
DEP,17,2023-03,62,0.27419354838709675,0.26923076923076922,0.016129032258064516,29,4.2137432795698926,0.24719101123595505,0,24.67401406698789,0.11846689895470383
DEP,17,2023-04,89,0.24719101123595505,0.28235294117647058,0.011235955056179775,42,7.8095760233918137,0.20000000000000001,0,23.549680195005799,0.11846689895470383
DEP,17,2023-05,165,0.20000000000000001,0.3359375,0.0060606060606060606,30,2.2221790646578783,0.32075471698113206,0,18.557858673836328,0.078378378378378383
DEP,17,2023-06,106,0.32075471698113206,0.37931034482758619,0.009433962264150943,28,7.9884066358024697,0.30714285714285716,0,29.804524686134538,0.19
DEP,17,2023-07,140,0.30714285714285716,0.33846153846153848,0.028571428571428571,39,1.4302540913006028,0.29464285714285715,0,27.161304264804169,0.17582417582417584
DEP,17,2023-08,112,0.29464285714285715,0.27884615384615385,0.017857142857142856,34,3.2303181386514717,0.27567567567567569,0,26.185447745155415,0.13513513513513514
DEP,17,2023-09,185,0.27567567567567569,0.30681818181818182,0.021621621621621623,32,1.6868129827688652,0.24175824175824176,0,24.437785682500479,0.11846689895470383
DEP,17,2023-10,91,0.24175824175824176,0.41025641025641024,0.01098901098901099,32,7.9171474358974363,0.31481481481481483,0,23.672814448268291,0.11846689895470383
DEP,17,2023-11,54,0.31481481481481483,0.36734693877551022,0,36,1.7975416666666666,0.37647058823529411,1,27.832286827354398,0.18181818181818182
DEP,17,2023-12,85,0.37647058823529411,0.29870129870129869,0,43,3.0032763532763531,0.35185185185185186,1,32.78308587009073,0.23474178403755869
DEP,17,2024-01,108,0.35185185185185186,0.32941176470588235,0,42,4.3869520897043834,0.40540540540540543,1,31.28619217885533,0.23474178403755869
DEP,17,2024-02,74,0.40540540540540543,0.43859649122807015,0,48,4.397283496732026,0.27551020408163263,0,36.182544611992419,0.3271604938271605
DEP,17,2024-03,98,0.27551020408163263,0.31578947368421051,0,45,2.7837321232123213,0.36764705882352944,1,24.760642143898039,0.11846689895470383
DEP,17,2024-04,68,0.36764705882352944,0.31034482758620691,0,48,6.4828632478632482,0.31914893617021278,0,33.017519732151918,0.23474178403755869
DEP,17,2024-05,94,0.31914893617021278,0.29411764705882354,0.010638297872340425,51,2.0989163614163613,0.33333333333333331,0,28.097100213130368,0.19
DEP,17,2024-06,144,0.33333333333333331,0.39830508474576271,0,60,2.1931069958847735,0.27516778523489932,0,29.817576569678891,0.19
DEP,17,2024-07,149,0.27516778523489932,0.34313725490196079,0.013422818791946308,60,3.4293111483967191,0.24242424242424243,0,25.250148925836513,0.11846689895470383
DEP,17,2024-08,165,0.24242424242424243,0.3983739837398374,0,51,2.8622924648786716,0.30666666666666664,0,22.609106365253123,0.11846689895470383
DEP,17,2024-09,75,0.30666666666666664,0.328125,0,62,1.2735134548611111,0.29166666666666669,0,27.135484966649308,0.17582417582417584
DEP,17,2024-10,96,0.29166666666666669,0.28378378378378377,0,60,12.357575113378685,0.13392857142857142,0,28.333349001472005,0.19
DEP,17,2024-11,112,0.13392857142857142,0.34722222222222221,0,58,4.997039473684211,0.15340909090909091,0,14.256634418785472,0.078378378378378383
DEP,17,2024-12,176,0.15340909090909091,0.27976190476190477,0,57,1.9585098870056497,0.39814814814814814,1,14.743219089940318,0.078378378378378383
DEP,17,2025-01,108,0.39814814814814814,0.3108108108108108,0.0092592592592592587,70,5.5845906432748542,0.30434782608695654,0,35.525757971842332,0.3271604938271605
DEP,17,2025-02,92,0.30434782608695654,0.421875,0,75,2.6112308429118776,0.30701754385964913,0,27.875446340147118,0.18181818181818182
DEP,17,2025-03,114,0.30701754385964913,0.38095238095238093,0.017543859649122806,80,3.0962283384301732,0.29577464788732394,0,28.14076079653023,0.19
DEP,17,2025-04,71,0.29577464788732394,0.31147540983606559,0,80,4.6878716744913929,0.22368421052631579,0,27.185437986258162,0.17582417582417584
DEP,17,2025-05,76,0.22368421052631579,0.32835820895522388,0,84,1.6585937500000001,0.20618556701030927,0,20.823364109665309,0.11846689895470383
DEP,17,2025-06,194,0.20618556701030927,0.35502958579881655,0,91,9.4178773024361266,0.23275862068965517,0,21.479807115673761,0.11846689895470383
DEP,17,2025-07,232,0.23275862068965517,0.48989898989898989,0,114,2.7430256512493356,0.31308411214953269,0,22.933858584545124,0.11846689895470383
DEP,17,2025-08,214,0.31308411214953269,0.50568181818181823,0,101,1.8694230298580519,0.3888888888888889,1,29.092653152119322,0.19
DEP,17,2025-09,90,0.3888888888888889,0.4375,0,96,11.648428362573101,0.37790697674418605,1,37.092897687724196,0.3271604938271605
DEP,17,2025-10,172,0.37790697674418605,0.42483660130718953,0,115,8.1571396151053008,0.37614678899082571,1,35.52092263823306,0.3271604938271605
DEP,17,2025-11,109,0.37614678899082571,0.38554216867469882,0,100,5.9790546594982086,0.45238095238095238,1,34.505467184528115,0.3271604938271605
DEP,18,2022-01,268,0.20149253731343283,0.17557251908396945,0.0037313432835820895,30,0.99976073762838469,0.24120603015075376,0,17.572546312740773,0.078378378378378383
DEP,18,2022-02,199,0.24120603015075376,0.37948717948717947,0.03015075376884422,36,2.1717904432930339,0.22932330827067668,0,22.244222404612511,0.11846689895470383
DEP,18,2022-03,266,0.22932330827067668,0.26538461538461539,0.0075187969924812026,40,2.2862383375742152,0.25,0,20.679663081536532,0.11846689895470383
DEP,18,2022-04,148,0.25,0.20422535211267606,0.027027027027027029,36,3.7816840277777772,0.26785714285714285,0,22.439370071776391,0.11846689895470383
DEP,18,2022-05,168,0.26785714285714285,0.19205298013245034,0.053571428571428568,46,2.9009757383966246,0.29007633587786258,0,23.836126581463731,0.11846689895470383
DEP,18,2022-06,131,0.29007633587786258,0.19327731092436976,0.061068702290076333,40,5.1979014598540143,0.24561403508771928,0,26.140818400968101,0.13513513513513514
DEP,18,2022-07,171,0.24561403508771928,0.18831168831168832,0.029239766081871343,43,5.0252728174603174,0.33526011560693642,0,22.390586721191131,0.11846689895470383
DEP,18,2022-08,173,0.33526011560693642,0.24503311258278146,0.046242774566473986,56,3.9124739583333339,0.28402366863905326,0,29.803755497301871,0.19
DEP,18,2022-09,169,0.28402366863905326,0.26666666666666666,0.035502958579881658,57,4.9326636904761907,0.17587939698492464,0,26.012996403827103,0.13513513513513514
DEP,18,2022-10,199,0.17587939698492464,0.27710843373493976,0.055276381909547742,58,4.220286195286195,0.20707070707070707,0,17.35344556686973,0.078378378378378383
DEP,18,2022-11,198,0.20707070707070707,0.21794871794871795,0.030303030303030304,52,5.8153118191721136,0.19558359621451105,0,19.744400009661295,0.11846689895470383
DEP,18,2022-12,317,0.19558359621451105,0.15873015873015872,0.037854889589905363,80,3.1742238562091503,0.1014799154334038,0,18.235096564989803,0.078378378378378383
DEP,18,2023-01,473,0.1014799154334038,0.15308641975308643,0.019027484143763214,78,1.2835160818713451,0.19831223628691982,0,10.112768923492755,0.017391304347826087
DEP,18,2023-02,237,0.19831223628691982,0.2462686567164179,0.0042194092827004216,78,3.6725123066104075,0.17171717171717171,0,18.820386619591293,0.078378378378378383
DEP,18,2023-03,198,0.17171717171717171,0.26666666666666666,0.035353535353535352,66,7.7788525132275135,0.18518518518518517,0,17.801404715087557,0.078378378378378383
DEP,18,2023-04,189,0.18518518518518517,0.21301775147928995,0.042328042328042326,120,4.2734156378600829,0.1875,0,18.383543278129988,0.078378378378378383
DEP,18,2023-05,256,0.1875,0.23478260869565218,0.02734375,70,0.77568763616557734,0.36363636363636365,1,17.238503525610142,0.078378378378378383
DEP,18,2023-06,99,0.36363636363636365,0.22580645161290322,0.020202020202020204,65,5.0322649572649567,0.2384937238493724,0,32.209844051950697,0.23474178403755869
DEP,18,2023-07,239,0.2384937238493724,0.36405529953917048,0.037656903765690378,75,5.3476194808345463,0.20529801324503311,0,23.158270613919619,0.11846689895470383
DEP,18,2023-08,151,0.20529801324503311,0.3014705882352941,0.046357615894039736,67,2.9159591194968555,0.2264808362369338,0,19.568928025601405,0.078378378378378383
DEP,18,2023-09,287,0.2264808362369338,0.28673835125448027,0.020905923344947737,71,2.53056291715744,0.17127071823204421,0,21.013269326262122,0.11846689895470383
DEP,18,2023-10,181,0.17127071823204421,0.29012345679012347,0.055248618784530384,68,0.87153532608695639,0.25252525252525254,0,16.357999596663198,0.078378378378378383
DEP,18,2023-11,99,0.25252525252525254,0.28409090909090912,0.010101010101010102,72,1.6461038011695905,0.25,0,22.829446189350467,0.11846689895470383
DEP,18,2023-12,244,0.25,0.34615384615384615,0.020491803278688523,89,1.4400452765540872,0.23839009287925697,0,23.121069409867562,0.11846689895470383
DEP,18,2024-01,323,0.23839009287925697,0.28888888888888886,0.024767801857585141,111,2.0476144333702471,0.19396551724137931,0,22.305635074949812,0.11846689895470383
DEP,18,2024-02,232,0.19396551724137931,0.35294117647058826,0.021551724137931036,107,3.0769273775894539,0.19024390243902439,0,19.258632226559179,0.078378378378378383
DEP,18,2024-03,205,0.19024390243902439,0.38150289017341038,0.058536585365853662,109,2.666382731253421,0.1791907514450867,0,19.212057875176047,0.078378378378378383
DEP,18,2024-04,173,0.1791907514450867,0.37593984962406013,0.046242774566473986,108,8.7699553001277142,0.25531914893617019,0,19.682094836609458,0.11846689895470383
DEP,18,2024-05,188,0.25531914893617019,0.37254901960784315,0.058510638297872342,117,3.0512492240844193,0.2864864864864865,0,24.5497855530575,0.11846689895470383
DEP,18,2024-06,185,0.2864864864864865,0.35625000000000001,0.054054054054054057,121,3.3834369244935538,0.25,0,27.060994771645753,0.17582417582417584
DEP,18,2024-07,204,0.25,0.34838709677419355,0.068627450980392163,116,3.7980960925039873,0.27419354838709675,0,24.221351880428454,0.11846689895470383
DEP,18,2024-08,186,0.27419354838709675,0.34459459459459457,0.064516129032258063,125,1.9281818895166354,0.23699421965317918,0,25.767342089625341,0.11846689895470383
DEP,18,2024-09,173,0.23699421965317918,0.29104477611940299,0.028901734104046242,123,3.0385634920634921,0.1864406779661017,0,22.588899013588286,0.11846689895470383
DEP,18,2024-10,177,0.1864406779661017,0.28476821192052981,0.016949152542372881,133,1.8270666999334664,0.21212121212121213,0,18.270995641521122,0.078378378378378383
DEP,18,2024-11,132,0.21212121212121213,0.34999999999999998,0.022727272727272728,128,3.834255879967559,0.25,0,21.105620927896062,0.11846689895470383
DEP,18,2024-12,192,0.25,0.3904109589041096,0.036458333333333336,139,1.8300989871086557,0.19946808510638298,0,24.045905832639605,0.11846689895470383
DEP,18,2025-01,376,0.19946808510638298,0.31147540983606559,0.0026595744680851063,167,0.95667504789272029,0.21973094170403587,0,19.528834528393237,0.078378378378378383
DEP,18,2025-02,223,0.21973094170403587,0.23809523809523808,0.022421524663677129,183,1.8422101449275361,0.23076923076923078,0,21.262600902323666,0.11846689895470383
DEP,18,2025-03,221,0.23076923076923078,0.27272727272727271,0.013574660633484163,189,2.7658753229974162,0.33333333333333331,0,22.558346189213971,0.11846689895470383
DEP,18,2025-04,144,0.33333333333333331,0.32520325203252032,0.055555555555555552,186,2.0811082766439908,0.22009569377990432,0,31.040745894182496,0.23474178403755869
DEP,18,2025-05,209,0.22009569377990432,0.43478260869565216,0.081339712918660281,185,2.0014252645502646,0.21844660194174756,0,22.628978091142322,0.11846689895470383
DEP,18,2025-06,206,0.21844660194174756,0.41208791208791207,0.067961165048543687,205,2.2305667562724016,0.2857142857142857,0,22.583591632163785,0.11846689895470383
DEP,18,2025-07,203,0.2857142857142857,0.46913580246913578,0.044334975369458129,212,2.5375531462585035,0.19883040935672514,0,28.279548956475114,0.19
DEP,18,2025-08,171,0.19883040935672514,0.36567164179104478,0.023391812865497075,201,3.5392666361416363,0.352112676056338,1,20.82870626979129,0.11846689895470383
DEP,18,2025-09,142,0.352112676056338,0.30769230769230771,0.014084507042253521,204,2.8576388888888888,0.37164750957854409,1,32.62426908884612,0.23474178403755869
DEP,18,2025-10,261,0.37164750957854409,0.45267489711934156,0.01532567049808429,247,1.8946578746177369,0.35531135531135533,1,35.145214530719791,0.3271604938271605
DEP,18,2025-11,273,0.35531135531135533,0.3524229074889868,0.043956043956043959,231,3.2060745866974241,0.29661016949152541,0,33.622815556166159,0.23474178403755869
DOT,1,2022-01,232,0.099137931034482762,0.097345132743362831,0.068965517241379309,33,1.4155075536062378,0.2311111111111111,0,9.4501378683927975,0.017391304347826087
DOT,1,2022-02,225,0.2311111111111111,0.20098039215686275,0.097777777777777783,73,2.6077057682682683,0.15202702702702703,0,21.378876235240366,0.11846689895470383
DOT,1,2022-03,296,0.15202702702702703,0.23305084745762711,0.060810810810810814,83,2.0732824650718333,0.19838056680161945,0,15.006510943513092,0.078378378378378383
DOT,1,2022-04,247,0.19838056680161945,0.28512396694214875,0.060728744939271252,109,3.8531073113207546,0.31707317073170732,0,19.674794872527759,0.11846689895470383
DOT,1,2022-05,246,0.31707317073170732,0.36956521739130432,0.097560975609756101,124,7.1616931596160374,0.26190476190476192,0,30.724060682005483,0.23474178403755869
DOT,1,2022-06,252,0.26190476190476192,0.31818181818181818,0.10714285714285714,165,3.134993418663762,0.32227488151658767,0,25.577468522059423,0.11846689895470383
DOT,1,2022-07,211,0.32227488151658767,0.45595854922279794,0.18009478672985782,202,5.585613851965463,0.30555555555555558,0,32.437360580071299,0.23474178403755869
DOT,1,2022-08,216,0.30555555555555558,0.39303482587064675,0.14814814814814814,228,14.133988978324915,0.23863636363636365,0,32.938138879479673,0.23474178403755869
DOT,1,2022-09,264,0.23863636363636365,0.4049586776859504,0.094696969696969696,247,10.245792348084015,0.26000000000000001,0,26.652305765433915,0.1702127659574468
DOT,1,2022-10,250,0.26000000000000001,0.50420168067226889,0.128,272,8.6699995780285501,0.24809160305343511,0,28.91408226477478,0.19
DOT,1,2022-11,262,0.24809160305343511,0.50416666666666665,0.095419847328244281,296,4.4534881428917998,0.10101010101010101,0,27.048520338179433,0.17582417582417584
DOT,1,2022-12,198,0.10101010101010101,0.55729166666666663,0.07575757575757576,286,8.3337679573512897,0.12598425196850394,0,16.267670475909227,0.078378378378378383
DOT,1,2023-01,254,0.12598425196850394,0.48148148148148145,0.10236220472440945,295,7.4358876507321279,0.10037174721189591,0,17.90119113549428,0.078378378378378383
DOT,1,2023-02,269,0.10037174721189591,0.53359683794466406,0.078066914498141265,309,7.91907798156062,0.18181818181818182,0,16.255035878143591,0.078378378378378383
DOT,1,2023-03,264,0.18181818181818182,0.47727272727272729,0.094696969696969696,337,6.1377397260273971,0.1761006289308176,0,22.44509715255073,0.11846689895470383
DOT,1,2023-04,159,0.1761006289308176,0.57861635220125784,0.11949685534591195,331,33.569144408831903,0.29411764705882354,0,26.09252576371448,0.13513513513513514
DOT,1,2023-05,187,0.29411764705882354,0.51648351648351654,0.18716577540106952,366,12.31375129446881,0.23312883435582821,0,33.866737447942235,0.25
DOT,1,2023-06,163,0.23312883435582821,0.53459119496855345,0.079754601226993863,379,6.5538719907407401,0.26470588235294118,0,27.306822385715943,0.17582417582417584
DOT,1,2023-07,170,0.26470588235294118,0.54437869822485208,0.13529411764705881,416,11.545394301726539,0.32777777777777778,0,31.74163983166871,0.23474178403755869
DOT,1,2023-08,180,0.32777777777777778,0.55865921787709494,0.11666666666666667,432,12.695095062669377,0.36548223350253806,1,37.20941188609725,0.3271604938271605
DOT,1,2023-09,197,0.36548223350253806,0.56632653061224492,0.055837563451776651,475,13.916200096200097,0.33000000000000002,0,40.664890495287658,0.45238095238095238
DOT,1,2023-10,200,0.33000000000000002,0.53535353535353536,0.155,473,13.288645432251558,0.32727272727272727,0,38.017757771338673,0.35869565217391303
DOT,1,2023-11,165,0.32727272727272727,0.61111111111111116,0.09696969696969697,488,14.46171149691358,0.28499999999999998,0,38.167693894902918,0.35869565217391303
DOT,1,2023-12,200,0.28499999999999998,0.62436548223350252,0.044999999999999998,499,14.814051844503233,0.27884615384615385,0,34.676250019063531,0.3271604938271605
DOT,1,2024-01,208,0.27884615384615385,0.56650246305418717,0.0625,496,27.328578253905565,0.18781725888324874,0,35.452788622083382,0.3271604938271605
DOT,1,2024-02,197,0.18781725888324874,0.62371134020618557,0.10152284263959391,488,17.559914803523036,0.38589211618257263,1,27.835206070132422,0.18181818181818182
DOT,1,2024-03,241,0.38589211618257263,0.58441558441558439,0.14107883817427386,526,5.9761383643495716,0.35545023696682465,1,40.922600153755127,0.45238095238095238
DOT,1,2024-04,211,0.35545023696682465,0.60287081339712922,0.17061611374407584,557,10.855839185393258,0.33495145631067963,0,39.889818860961391,0.35869565217391303
DOT,1,2024-05,206,0.33495145631067963,0.62745098039215685,0.12621359223300971,574,22.645808470507546,0.33606557377049179,0,40.564516184443391,0.45238095238095238
DOT,1,2024-06,244,0.33606557377049179,0.64462809917355368,0.23360655737704919,592,13.004350257201647,0.23505976095617531,0,39.374680046789969,0.35869565217391303
DOT,1,2024-07,251,0.23505976095617531,0.63600000000000001,0.22709163346613545,596,12.268592180236919,0.35999999999999999,1,31.043225185034693,0.23474178403755869
DOT,1,2024-08,200,0.35999999999999999,0.62436548223350252,0.16500000000000001,617,13.667250413821645,0.31088082901554404,0,41.003015302905254,0.45238095238095238
DOT,1,2024-09,193,0.31088082901554404,0.58115183246073299,0.19689119170984457,596,21.122111727673936,0.19318181818181818,0,38.760768534895838,0.35869565217391303
DOT,1,2024-10,176,0.19318181818181818,0.59428571428571431,0.15909090909090909,622,10.219106172839506,0.10160427807486631,0,26.656124699875544,0.1702127659574468
DOT,1,2024-11,187,0.10160427807486631,0.50810810810810814,0.14438502673796791,606,9.6706361156949026,0.13793103448275862,0,18.694848347401177,0.078378378378378383
DOT,1,2024-12,203,0.13793103448275862,0.52500000000000002,0.14285714285714285,622,4.6919157258863136,0.11467889908256881,0,20.491611631925419,0.11846689895470383
DOT,1,2025-01,218,0.11467889908256881,0.61682242990654201,0.15596330275229359,621,14.041996395653644,0.18518518518518517,0,21.383763971491739,0.11846689895470383
DOT,1,2025-02,162,0.18518518518518517,0.68789808917197448,0.10493827160493827,631,10.577744806895712,0.14285714285714285,0,26.29913689562899,0.1702127659574468
DOT,1,2025-03,196,0.14285714285714285,0.64795918367346939,0.11224489795918367,639,10.415325250049515,0.17209302325581396,0,22.711044854645788,0.11846689895470383
DOT,1,2025-04,215,0.17209302325581396,0.62085308056872035,0.10697674418604651,642,8.9244933066911241,0.22222222222222221,0,24.5328438601294,0.11846689895470383
DOT,1,2025-05,171,0.22222222222222221,0.70303030303030301,0.13450292397660818,642,9.3742170240415863,0.19634703196347031,0,29.198835754531753,0.19
DOT,1,2025-06,219,0.19634703196347031,0.67924528301886788,0.16894977168949771,635,11.291532079646018,0.35148514851485146,1,27.63894158728958,0.17582417582417584
DOT,1,2025-07,202,0.35148514851485146,0.5757575757575758,0.21782178217821782,647,9.6921436403508761,0.24257425742574257,0,39.395825588829972,0.35869565217391303
DOT,1,2025-08,202,0.24257425742574257,0.51776649746192893,0.19801980198019803,634,56.524890342377262,0.17222222222222222,0,32.984973737148998,0.23474178403755869
DOT,1,2025-09,180,0.17222222222222222,0.60919540229885061,0.25555555555555554,616,15.513407921810701,0.29857819905213268,0,26.79761756925615,0.17582417582417584
DOT,1,2025-10,211,0.29857819905213268,0.61722488038277512,0.15165876777251186,625,20.47454270947928,0.26237623762376239,0,37.608724259449509,0.35869565217391303
DOT,1,2025-11,202,0.26237623762376239,0.61809045226130654,0.15346534653465346,628,34.763372184999071,0.2857142857142857,0,34.847972269041655,0.3271604938271605
DOT,2,2022-01,159,0.16352201257861634,0.080000000000000002,0.056603773584905662,28,1.6357683404558405,0.17391304347826086,0,14.45171431947008,0.078378378378378383
DOT,2,2022-02,230,0.17391304347826086,0.32863849765258218,0.034782608695652174,52,2.876291772419628,0.15859030837004406,0,16.967414210670551,0.078378378378378383
DOT,2,2022-03,227,0.15859030837004406,0.31753554502369669,0.092511013215859028,58,3.3626462101636521,0.21666666666666667,0,16.154299331233286,0.078378378378378383
DOT,2,2022-04,240,0.21666666666666667,0.33185840707964603,0.14166666666666666,76,3.5883450696607824,0.30569948186528495,0,21.362647963010392,0.11846689895470383
DOT,2,2022-05,193,0.30569948186528495,0.31284916201117319,0.072538860103626937,92,5.8794888455707168,0.25641025641025639,0,28.760284644623429,0.19
DOT,2,2022-06,156,0.25641025641025639,0.38157894736842107,0.089743589743589744,100,5.1369985678124168,0.31386861313868614,0,25.154857080969126,0.11846689895470383
DOT,2,2022-07,137,0.31386861313868614,0.44274809160305345,0.15328467153284672,119,5.9965645854187519,0.26515151515151514,0,30.781561139967792,0.23474178403755869
DOT,2,2022-08,132,0.26515151515151514,0.42372881355932202,0.12121212121212122,124,8.0418054599020508,0.33532934131736525,0,27.169103205298565,0.17582417582417584
DOT,2,2022-09,167,0.33532934131736525,0.37575757575757573,0.3592814371257485,162,9.7537046446853353,0.30177514792899407,0,34.545082731513155,0.3271604938271605
DOT,2,2022-10,169,0.30177514792899407,0.48192771084337349,0.24852071005917159,191,4.5128180592009333,0.27950310559006208,0,30.896998238649108,0.23474178403755869
DOT,2,2022-11,161,0.27950310559006208,0.53642384105960261,0.086956521739130432,213,5.1281603980805626,0.15568862275449102,0,28.960039751074525,0.19
DOT,2,2022-12,167,0.15568862275449102,0.66249999999999998,0.065868263473053898,200,7.6719927966617938,0.18378378378378379,0,20.047914059876355,0.11846689895470383
DOT,2,2023-01,185,0.18378378378378379,0.52247191011235961,0.07567567567567568,210,7.6835229857050038,0.077348066298342538,0,21.753322411350879,0.11846689895470383
DOT,2,2023-02,181,0.077348066298342538,0.5027932960893855,0.077348066298342538,211,3.3497423170870255,0.15025906735751296,0,12.126541030653158,0.027397260273972601
DOT,2,2023-03,193,0.15025906735751296,0.5368421052631579,0.093264248704663211,226,12.531570327552986,0.21311475409836064,0,20.55605523672164,0.11846689895470383
DOT,2,2023-04,122,0.21311475409836064,0.54918032786885251,0.15573770491803279,225,31.780826655982903,0.33333333333333331,0,27.962408431164611,0.19
DOT,2,2023-05,123,0.33333333333333331,0.53333333333333333,0.17073170731707318,254,5.1475322061191626,0.27868852459016391,0,34.109735917561913,0.3271604938271605
DOT,2,2023-06,122,0.27868852459016391,0.56198347107438018,0.15573770491803279,257,15.102901299408654,0.31746031746031744,0,32.210174914317058,0.23474178403755869
DOT,2,2023-07,126,0.31746031746031744,0.58870967741935487,0.10317460317460317,296,24.643039990421453,0.43609022556390975,1,36.998574753966523,0.3271604938271605
DOT,2,2023-08,133,0.43609022556390975,0.59848484848484851,0.15037593984962405,307,19.320560773375835,0.51086956521739135,1,46.493626398072408,0.57692307692307687
DOT,2,2023-09,184,0.51086956521739135,0.61016949152542377,0.17934782608695651,358,15.185992846700083,0.43352601156069365,1,52.235575578671707,0.65714285714285714
DOT,2,2023-10,173,0.43352601156069365,0.66272189349112431,0.12716763005780346,376,10.203600222344056,0.39047619047619048,1,45.05398358858713,0.57692307692307687
DOT,2,2023-11,105,0.39047619047619048,0.580952380952381,0.11428571428571428,382,17.102787934618291,0.34259259259259262,0,42.844187567761246,0.46666666666666667
DOT,2,2023-12,108,0.34259259259259262,0.45794392523364486,0.15740740740740741,395,26.80861951754386,0.29100529100529099,0,39.677446707636399,0.35869565217391303
DOT,2,2024-01,189,0.29100529100529099,0.60106382978723405,0.12698412698412698,417,21.984265743529676,0.22012578616352202,0,36.34750043166477,0.3271604938271605
DOT,2,2024-02,159,0.22012578616352202,0.61290322580645162,0.14465408805031446,410,11.002208964646465,0.33755274261603374,0,28.371555650712668,0.19
DOT,2,2024-03,237,0.33755274261603374,0.71698113207547165,0.17721518987341772,448,15.630124689767086,0.20600858369098712,0,39.954891623870246,0.35869565217391303
DOT,2,2024-04,233,0.20600858369098712,0.68224299065420557,0.15879828326180256,463,10.078722551393136,0.34449760765550241,0,28.002214129906687,0.19
DOT,2,2024-05,209,0.34449760765550241,0.60098522167487689,0.24880382775119617,486,13.115664078056552,0.41379310344827586,1,39.933534720984525,0.35869565217391303
DOT,2,2024-06,203,0.41379310344827586,0.67179487179487174,0.22167487684729065,517,21.519027033246697,0.26506024096385544,0,47.570864130665321,0.58840190221594835
DOT,2,2024-07,166,0.26506024096385544,0.68484848484848482,0.30722891566265059,471,35.640443199685535,0.27333333333333332,0,36.165311375149614,0.3271604938271605
DOT,2,2024-08,150,0.27333333333333332,0.62585034013605445,0.31333333333333335,483,9.1618488732298484,0.33557046979865773,0,33.745381964641467,0.23474178403755869
DOT,2,2024-09,149,0.33557046979865773,0.67567567567567566,0.31543624161073824,477,15.379818996415771,0.1981981981981982,0,40.465424068810094,0.44997595026715381
DOT,2,2024-10,111,0.1981981981981982,0.72072072072072069,0.15315315315315314,486,8.0947873547567184,0.26136363636363635,0,27.153797065589899,0.17582417582417584
DOT,2,2024-11,88,0.26136363636363635,0.62790697674418605,0.11363636363636363,476,17.786732213718821,0.15517241379310345,0,33.854486965872553,0.25
DOT,2,2024-12,116,0.15517241379310345,0.66956521739130437,0.094827586206896547,480,4.7682354229229231,0.11702127659574468,0,22.371776550998582,0.11846689895470383
DOT,2,2025-01,94,0.11702127659574468,0.72340425531914898,0.1702127659574468,486,8.4020434969853586,0.13245033112582782,0,20.831581968275927,0.11846689895470383
DOT,2,2025-02,151,0.13245033112582782,0.72108843537414968,0.33112582781456956,493,12.277763712062757,0.16577540106951871,0,23.78229869001429,0.11846689895470383
DOT,2,2025-03,187,0.16577540106951871,0.77586206896551724,0.24598930481283424,494,9.3907408029669455,0.061797752808988762,0,25.608637931274156,0.11846689895470383
DOT,2,2025-04,178,0.061797752808988762,0.69714285714285718,0.1404494382022472,498,3.6735236403788849,0.21118012422360249,0,15.007007275392422,0.078378378378378383
DOT,2,2025-05,161,0.21118012422360249,0.70253164556962022,0.26708074534161491,493,16.698331228956231,0.24827586206896551,0,30.720859750364092,0.23474178403755869
DOT,2,2025-06,145,0.24827586206896551,0.75694444444444442,0.24827586206896551,502,5.6108794594226579,0.35810810810810811,1,31.224943023810642,0.23474178403755869
DOT,2,2025-07,148,0.35810810810810811,0.72340425531914898,0.21621621621621623,502,34.909489411286287,0.38571428571428573,1,43.346829632333218,0.57692307692307687
DOT,2,2025-08,140,0.38571428571428573,0.65217391304347827,0.2857142857142857,525,8.583114514086736,0.25252525252525254,0,42.591470307160556,0.46666666666666667
DOT,2,2025-09,198,0.25252525252525254,0.67692307692307696,0.37373737373737376,531,12.650775764371142,0.31782945736434109,0,33.469371678755664,0.23474178403755869
DOT,2,2025-10,129,0.31782945736434109,0.62015503875968991,0.21705426356589147,522,10.368163664117017,0.27777777777777779,0,37.082590214291457,0.3271604938271605
DOT,2,2025-11,144,0.27777777777777779,0.63380281690140849,0.25694444444444442,528,9.8644769860440142,0.31147540983606559,0,34.026152831152906,0.3271604938271605
DOT,3,2022-01,125,0.184,0.11016949152542373,0.064000000000000001,24,1.777721027479092,0.25,0,16.269135739173862,0.078378378378378383
DOT,3,2022-02,128,0.25,0.22727272727272727,0.109375,34,3.1128826614224847,0.30434782608695654,0,22.785778289788365,0.11846689895470383
DOT,3,2022-03,115,0.30434782608695654,0.2072072072072072,0.086956521739130432,58,2.1658498677248677,0.26760563380281688,0,26.95031606417588,0.17582417582417584
DOT,3,2022-04,142,0.26760563380281688,0.2857142857142857,0.063380281690140844,76,5.4504787112932602,0.34502923976608185,0,25.259252958553489,0.11846689895470383
DOT,3,2022-05,171,0.34502923976608185,0.29999999999999999,0.099415204678362568,99,5.3262347580855511,0.22826086956521738,0,31.919290992988088,0.23474178403755869
DOT,3,2022-06,184,0.22826086956521738,0.27906976744186046,0.076086956521739135,91,5.7048948897946854,0.35333333333333333,1,22.361842824480693,0.11846689895470383
DOT,3,2022-07,150,0.35333333333333333,0.40559440559440557,0.15333333333333332,126,4.229603128245067,0.26623376623376621,0,33.40653335533122,0.23474178403755869
DOT,3,2022-08,154,0.26623376623376621,0.51111111111111107,0.21428571428571427,142,10.140845250342936,0.31818181818181818,0,28.849152569067275,0.19
DOT,3,2022-09,132,0.31818181818181818,0.40157480314960631,0.16666666666666666,157,11.268826264880953,0.28448275862068967,0,32.64718462404538,0.23474178403755869
DOT,3,2022-10,116,0.28448275862068967,0.34545454545454546,0.15517241379310345,171,9.3220683251933245,0.27826086956521739,0,29.297994918592547,0.19
DOT,3,2022-11,115,0.27826086956521739,0.35964912280701755,0.043478260869565216,177,7.972231760116598,0.15730337078651685,0,28.054832261226785,0.19
DOT,3,2022-12,89,0.15730337078651685,0.48780487804878048,0.011235955056179775,180,12.525462072649573,0.13698630136986301,0,19.974485926405379,0.11846689895470383
DOT,3,2023-01,146,0.13698630136986301,0.48905109489051096,0.061643835616438353,183,14.196362997256514,0.083969465648854963,0,19.037341326160217,0.078378378378378383
DOT,3,2023-02,131,0.083969465648854963,0.51162790697674421,0.030534351145038167,183,8.7499335394965279,0.12432432432432433,0,13.455718129504437,0.027397260273972601
DOT,3,2023-03,185,0.12432432432432433,0.49444444444444446,0.054054054054054057,196,4.672907536806993,0.14999999999999999,0,15.882426426531456,0.078378378378378383
DOT,3,2023-04,100,0.14999999999999999,0.6767676767676768,0.040000000000000001,193,28.91528509472116,0.37681159420289856,1,22.632778374740681,0.11846689895470383
DOT,3,2023-05,69,0.37681159420289856,0.66153846153846152,0.20289855072463769,205,15.637189733593242,0.36363636363636365,1,40.368860186020946,0.35869565217391303
DOT,3,2023-06,110,0.36363636363636365,0.54807692307692313,0.23636363636363636,224,6.3625605413105406,0.30612244897959184,0,36.906865533385897,0.3271604938271605
DOT,3,2023-07,98,0.30612244897959184,0.5053763440860215,0.1326530612244898,248,12.570705236486486,0.49494949494949497,1,33.307580486918312,0.23474178403755869
DOT,3,2023-08,99,0.49494949494949497,0.36842105263157893,0.28282828282828282,266,13.778587677183356,0.42857142857142855,1,48.958677704618772,0.65714285714285714
DOT,3,2023-09,77,0.42857142857142855,0.40000000000000002,0.12987012987012986,277,17.020451038159369,0.36521739130434783,1,43.930692188199025,0.57692307692307687
DOT,3,2023-10,115,0.36521739130434783,0.47787610619469029,0.13043478260869565,296,9.5357233796296299,0.26190476190476192,0,37.673034928640519,0.35869565217391303
DOT,3,2023-11,84,0.26190476190476192,0.4375,0.10714285714285714,305,4.5388023148148156,0.22368421052631579,0,27.99472033968604,0.19
DOT,3,2023-12,76,0.22368421052631579,0.50666666666666671,0.052631578947368418,311,23.673053902116401,0.24299065420560748,0,28.99280795991065,0.19
DOT,3,2024-01,107,0.24299065420560748,0.63725490196078427,0.14018691588785046,323,25.181063718323585,0.20535714285714285,0,31.755432434174132,0.23474178403755869
DOT,3,2024-02,112,0.20535714285714285,0.60576923076923073,0.080357142857142863,329,8.1524920291754022,0.20300751879699247,0,25.294084250476001,0.11846689895470383
DOT,3,2024-03,133,0.20300751879699247,0.67796610169491522,0.060150375939849621,345,9.5375847776195002,0.33035714285714285,0,25.865916384419137,0.11846689895470383
DOT,3,2024-04,112,0.33035714285714285,0.50476190476190474,0.23214285714285715,362,7.0816892056530207,0.29850746268656714,0,35.64315859407678,0.3271604938271605
DOT,3,2024-05,134,0.29850746268656714,0.54330708661417326,0.22388059701492538,371,21.493801018518518,0.30973451327433627,0,36.655055192780239,0.3271604938271605
DOT,3,2024-06,113,0.30973451327433627,0.55555555555555558,0.23893805309734514,381,21.524896170442286,0.19379844961240311,0,37.7959047887773,0.35869565217391303
DOT,3,2024-07,129,0.19379844961240311,0.5546875,0.2558139534883721,386,7.5213777815113501,0.31481481481481483,0,25.446011353568011,0.11846689895470383
DOT,3,2024-08,108,0.31481481481481483,0.59803921568627449,0.17592592592592593,384,12.132544597349643,0.22222222222222221,0,36.02199508705678,0.3271604938271605
DOT,3,2024-09,135,0.22222222222222221,0.58955223880597019,0.20000000000000001,396,15.530163448509485,0.15231788079470199,0,29.629422315910858,0.19
DOT,3,2024-10,151,0.15231788079470199,0.57999999999999996,0.2119205298013245,410,4.2943433191403084,0.19791666666666666,0,21.520597123616593,0.11846689895470383
DOT,3,2024-11,96,0.19791666666666666,0.6292134831460674,0.09375,393,11.507354043756145,0.084905660377358486,0,26.36174247079423,0.1702127659574468
DOT,3,2024-12,106,0.084905660377358486,0.57692307692307687,0.15094339622641509,393,5.6014756944444448,0.11403508771929824,0,15.93831857316815,0.078378378378378383
DOT,3,2025-01,114,0.11403508771929824,0.54385964912280704,0.12280701754385964,400,8.3005701583592941,0.12195121951219512,0,18.680039751110133,0.078378378378378383
DOT,3,2025-02,123,0.12195121951219512,0.63934426229508201,0.21951219512195122,409,10.038316073749186,0.15671641791044777,0,20.783847480992119,0.11846689895470383
DOT,3,2025-03,134,0.15671641791044777,0.57894736842105265,0.18656716417910449,428,2.9696676731078906,0.19858156028368795,0,21.615923796790376,0.11846689895470383
DOT,3,2025-04,141,0.19858156028368795,0.59854014598540151,0.19858156028368795,445,6.463208632019116,0.17910447761194029,0,26.135972938345613,0.13513513513513514
DOT,3,2025-05,134,0.17910447761194029,0.65625,0.15671641791044777,434,18.391023547254154,0.25773195876288657,0,27.382082306337246,0.17582417582417584
DOT,3,2025-06,97,0.25773195876288657,0.47422680412371132,0.18556701030927836,435,20.453201195987656,0.19117647058823528,0,33.408336351879136,0.23474178403755869
DOT,3,2025-07,136,0.19117647058823528,0.5757575757575758,0.25735294117647056,443,19.723871166087964,0.32116788321167883,0,28.8616618960084,0.19
DOT,3,2025-08,137,0.32116788321167883,0.55639097744360899,0.24817518248175183,443,13.070915450121655,0.28030303030303028,0,37.533145607699232,0.35869565217391303
DOT,3,2025-09,132,0.28030303030303028,0.59090909090909094,0.23484848484848486,439,25.355387220860568,0.33636363636363636,0,36.213423701579359,0.3271604938271605
DOT,3,2025-10,110,0.33636363636363636,0.5,0.20000000000000001,439,17.385294297138046,0.2988505747126437,0,39.211414160871527,0.35869565217391303
DOT,3,2025-11,87,0.2988505747126437,0.55294117647058827,0.14942528735632185,442,6.9230731922398592,0.27835051546391754,0,33.7614092919463,0.23474178403755869
DOT,4,2022-01,90,0.13333333333333333,0.066666666666666666,0.088888888888888892,14,1.2111441581384015,0.29069767441860467,0,11.881600106736158,0.017391304347826087
DOT,4,2022-02,86,0.29069767441860467,0.15151515151515152,0.023255813953488372,28,3.3087939814814815,0.3611111111111111,1,25.215175262041264,0.11846689895470383
DOT,4,2022-03,72,0.3611111111111111,0.20000000000000001,0.055555555555555552,34,5.5189072293447294,0.49484536082474229,1,31.842418518553281,0.23474178403755869
DOT,4,2022-04,97,0.49484536082474229,0.20930232558139536,0.1134020618556701,59,8.0779245434670788,0.39090909090909093,1,43.751962088583376,0.57692307692307687
DOT,4,2022-05,110,0.39090909090909093,0.23958333333333334,0.036363636363636362,66,7.6340730427209387,0.24752475247524752,0,35.171851482177971,0.3271604938271605
DOT,4,2022-06,101,0.24752475247524752,0.22580645161290322,0.089108910891089105,61,6.2318344356261024,0.36249999999999999,1,23.508816203925264,0.11846689895470383
DOT,4,2022-07,80,0.36249999999999999,0.35135135135135137,0.125,81,6.8310883763227519,0.39560439560439559,1,33.869082013073985,0.25
DOT,4,2022-08,91,0.39560439560439559,0.3595505617977528,0.2967032967032967,92,10.177154882154882,0.37755102040816324,1,38.330931314249042,0.35869565217391303
DOT,4,2022-09,98,0.37755102040816324,0.36458333333333331,0.14285714285714285,105,16.520857875948238,0.33333333333333331,0,37.791990352939202,0.35869565217391303
DOT,4,2022-10,87,0.33333333333333331,0.41463414634146339,0.14942528735632185,120,18.720932053376909,0.094339622641509441,0,35.221087703745923,0.3271604938271605
DOT,4,2022-11,53,0.094339622641509441,0.30769230769230771,0.11320754716981132,108,7.5407313368055551,0.052631578947368418,0,12.594748697014698,0.027397260273972601
DOT,4,2022-12,57,0.052631578947368418,0.51923076923076927,0,99,18.44878562644676,0.066666666666666666,0,12.253083417878205,0.027397260273972601
DOT,4,2023-01,60,0.066666666666666666,0.30508474576271188,0.050000000000000003,99,5.0574870527306963,0.13157894736842105,0,9.3646588424282768,0.017391304347826087
DOT,4,2023-02,76,0.13157894736842105,0.32894736842105265,0.039473684210526314,105,7.5723483455882352,0.17045454545454544,0,15.287172983705753,0.078378378378378383
DOT,4,2023-03,88,0.17045454545454544,0.55000000000000004,0.090909090909090912,115,2.9759600225225222,0.15662650602409639,0,18.770715870072067,0.078378378378378383
DOT,4,2023-04,83,0.15662650602409639,0.5625,0.13253012048192772,122,29.774442515432099,0.38333333333333336,1,22.300500288869582,0.11846689895470383
DOT,4,2023-05,60,0.38333333333333336,0.48275862068965519,0.16666666666666666,125,10.491253858024692,0.35999999999999999,1,37.74025005517786,0.35869565217391303
DOT,4,2023-06,50,0.35999999999999999,0.34000000000000002,0.16,132,5.8966911606373813,0.29629629629629628,0,34.106108144242882,0.3271604938271605
DOT,4,2023-07,54,0.29629629629629628,0.42307692307692307,0.22222222222222221,154,19.754634331597224,0.33870967741935482,0,33.271552505829327,0.23474178403755869
DOT,4,2023-08,62,0.33870967741935482,0.33870967741935482,0.12903225806451613,161,13.919511994949493,0.26506024096385544,0,34.460902182966088,0.3271604938271605
DOT,4,2023-09,83,0.26506024096385544,0.54878048780487809,0.048192771084337352,159,18.376724537037038,0.17741935483870969,0,30.255821638582876,0.19
DOT,4,2023-10,62,0.17741935483870969,0.55555555555555558,0.096774193548387094,153,10.779722562636167,0.37254901960784315,1,21.64766120794874,0.11846689895470383
DOT,4,2023-11,51,0.37254901960784315,0.54000000000000004,0.058823529411764705,164,30.536687210648147,0.22448979591836735,0,39.539077194653274,0.35869565217391303
DOT,4,2023-12,49,0.22448979591836735,0.42857142857142855,0.10204081632653061,165,18.60101104359568,0.33333333333333331,0,26.795524423158959,0.17582417582417584
DOT,4,2024-01,66,0.33333333333333331,0.54545454545454541,0.090909090909090912,178,4.0223536862334033,0.23728813559322035,0,32.696352493163495,0.23474178403755869
DOT,4,2024-02,59,0.23728813559322035,0.56896551724137934,0.050847457627118647,179,5.2024076069604082,0.27777777777777779,0,25.221766665100073,0.11846689895470383
DOT,4,2024-03,54,0.27777777777777779,0.60784313725490191,0.1111111111111111,184,20.193183342781559,0.27586206896551724,0,32.58129920988992,0.23474178403755869
DOT,4,2024-04,87,0.27586206896551724,0.69135802469135799,0.13793103448275862,193,9.0393310778727436,0.44927536231884058,1,30.41783435682721,0.19
DOT,4,2024-05,69,0.44927536231884058,0.6029411764705882,0.20289855072463769,209,7.4072425314465402,0.41666666666666669,1,43.954622282421575,0.57692307692307687
DOT,4,2024-06,96,0.41666666666666669,0.43617021276595747,0.25,220,6.9162491830065367,0.20512820512820512,0,40.747382102901994,0.45238095238095238
DOT,4,2024-07,78,0.20512820512820512,0.55128205128205132,0.20512820512820512,223,13.713658796296295,0.41666666666666669,1,25.826889973373369,0.11846689895470383
DOT,4,2024-08,84,0.41666666666666669,0.54761904761904767,0.2857142857142857,225,7.0157259202800359,0.2857142857142857,0,41.559979579854435,0.45238095238095238
DOT,4,2024-09,77,0.2857142857142857,0.48051948051948051,0.18181818181818182,223,25.717961058368495,0.3125,0,33.536224053010365,0.23474178403755869
DOT,4,2024-10,64,0.3125,0.46875,0.21875,230,10.348593242365173,0.23529411764705882,0,33.344637201297346,0.23474178403755869
DOT,4,2024-11,51,0.23529411764705882,0.50980392156862742,0.098039215686274508,227,6.0449952846364887,0.077669902912621352,0,25.712702479373132,0.11846689895470383
DOT,4,2024-12,103,0.077669902912621352,0.51485148514851486,0.087378640776699032,233,2.7375419560185184,0.0898876404494382,0,12.350420401634173,0.027397260273972601
DOT,4,2025-01,89,0.0898876404494382,0.63529411764705879,0.19101123595505617,233,5.9736577975447362,0.1875,0,15.219231363110625,0.078378378378378383
DOT,4,2025-02,48,0.1875,0.5625,0.29166666666666669,234,7.5606525807722615,0.10588235294117647,0,23.556233430307881,0.11846689895470383
DOT,4,2025-03,85,0.10588235294117647,0.59036144578313254,0.24705882352941178,245,14.062649524524524,0.095890410958904104,0,18.608989641621491,0.078378378378378383
DOT,4,2025-04,73,0.095890410958904104,0.57746478873239437,0.27397260273972601,243,3.6676990740740743,0.11764705882352941,0,15.381876171840576,0.078378378378378383
DOT,4,2025-05,85,0.11764705882352941,0.60493827160493829,0.10588235294117647,246,7.1818799401535687,0.18518518518518517,0,17.288414505242788,0.078378378378378383
DOT,4,2025-06,81,0.18518518518518517,0.53846153846153844,0.13580246913580246,242,28.665043709150329,0.32989690721649484,0,25.755244483163452,0.11846689895470383
DOT,4,2025-07,97,0.32989690721649484,0.59999999999999998,0.31958762886597936,250,7.4714047544735749,0.17241379310344829,0,35.423650643943155,0.3271604938271605
DOT,4,2025-08,87,0.17241379310344829,0.55813953488372092,0.22988505747126436,240,14.79091518709431,0.13793103448275862,0,23.804943061811048,0.11846689895470383
DOT,4,2025-09,87,0.13793103448275862,0.67500000000000004,0.34482758620689657,234,53.429604739147749,0.2608695652173913,0,23.617830181211254,0.11846689895470383
DOT,4,2025-10,69,0.2608695652173913,0.65151515151515149,0.13043478260869565,238,7.0313247863247863,0.26136363636363635,0,28.981037132563369,0.19
DOT,4,2025-11,88,0.26136363636363635,0.71264367816091956,0.22727272727272727,246,8.4932336516203701,0.32653061224489793,0,30.24363055161983,0.19
DOT,5,2022-01,197,0.065989847715736044,0.092896174863387984,0.015228426395939087,20,1.0302794312169312,0.24867724867724866,0,6.2775783855838494,0
DOT,5,2022-02,189,0.24867724867724866,0.16774193548387098,0.063492063492063489,48,2.8331126302083334,0.20238095238095238,0,22.234850710337742,0.11846689895470383
DOT,5,2022-03,252,0.20238095238095238,0.30516431924882631,0.031746031746031744,73,3.3080533035863917,0.31578947368421051,0,19.438084927168408,0.078378378378378383
DOT,5,2022-04,190,0.31578947368421051,0.36206896551724138,0.063157894736842107,83,5.7393367861576667,0.38728323699421963,1,29.63774243671503,0.19
DOT,5,2022-05,173,0.38728323699421963,0.32278481012658228,0.092485549132947972,100,8.573561590608465,0.21875,0,36.163174471548878,0.3271604938271605
DOT,5,2022-06,224,0.21875,0.37019230769230771,0.098214285714285712,103,5.6116174768518521,0.28643216080402012,0,22.272391478490345,0.11846689895470383
DOT,5,2022-07,199,0.28643216080402012,0.27472527472527475,0.11055276381909548,131,3.7359106316137565,0.28676470588235292,0,27.121657427905166,0.17582417582417584
DOT,5,2022-08,136,0.28676470588235292,0.421875,0.16911764705882354,133,13.435226673789174,0.19753086419753085,0,30.508950108557752,0.19
DOT,5,2022-09,162,0.19753086419753085,0.56050955414012738,0.07407407407407407,140,10.920936281676413,0.24404761904761904,0,23.063485488184043,0.11846689895470383
DOT,5,2022-10,168,0.24404761904761904,0.49685534591194969,0.071428571428571425,157,8.6335399262043993,0.11956521739130435,0,26.088807915533891,0.13513513513513514
DOT,5,2022-11,184,0.11956521739130435,0.5780346820809249,0.070652173913043473,157,6.2796117745031612,0.12244897959183673,0,15.971429235346545,0.078378378378378383
DOT,5,2022-12,196,0.12244897959183673,0.53804347826086951,0.0051020408163265302,169,4.0523068856148967,0.11627906976744186,0,15.271147114329516,0.078378378378378383
DOT,5,2023-01,172,0.11627906976744186,0.57228915662650603,0.017441860465116279,170,6.2805211798624976,0.043137254901960784,0,15.551976021169269,0.078378378378378383
DOT,5,2023-02,255,0.043137254901960784,0.56465517241379315,0.019607843137254902,172,5.3131852344365642,0.22826086956521738,0,9.4640683888797277,0.017391304347826087
DOT,5,2023-03,276,0.22826086956521738,0.57564575645756455,0.065217391304347824,207,7.340220170454546,0.2318840579710145,0,25.41141721053317,0.11846689895470383
DOT,5,2023-04,138,0.2318840579710145,0.61363636363636365,0.079710144927536225,203,17.926492066318456,0.3963963963963964,1,28.443425621041861,0.19
DOT,5,2023-05,111,0.3963963963963964,0.53535353535353536,0.13513513513513514,226,3.8768304135101008,0.33333333333333331,0,38.386895852477473,0.35869565217391303
DOT,5,2023-06,93,0.33333333333333331,0.59340659340659341,0.15053763440860216,229,13.548536136831276,0.37654320987654322,1,36.045292350563969,0.3271604938271605
DOT,5,2023-07,162,0.37654320987654322,0.45161290322580644,0.20987654320987653,272,19.65722601540616,0.4785276073619632,1,41.001686277696514,0.45238095238095238
DOT,5,2023-08,163,0.4785276073619632,0.4935064935064935,0.14723926380368099,310,36.354092407407407,0.56730769230769229,1,49.776854237454408,0.65714285714285714
DOT,5,2023-09,104,0.56730769230769229,0.52941176470588236,0.16346153846153846,310,25.006538228155339,0.51162790697674421,1,57.139881095976939,0.92105263157894735
DOT,5,2023-10,129,0.51162790697674421,0.37704918032786883,0.093023255813953487,312,14.503034412365121,0.26724137931034481,0,50.047972518872598,0.65714285714285714
DOT,5,2023-11,116,0.26724137931034481,0.54385964912280704,0.12931034482758622,327,17.125628667033371,0.14035087719298245,0,32.296666766379552,0.23474178403755869
DOT,5,2023-12,171,0.14035087719298245,0.54216867469879515,0.035087719298245612,330,3.1660762511022926,0.18796992481203006,0,18.371836370099505,0.078378378378378383
DOT,5,2024-01,133,0.18796992481203006,0.64393939393939392,0.045112781954887216,334,21.341760525173612,0.18518518518518517,0,27.028603504008274,0.17582417582417584
DOT,5,2024-02,162,0.18518518518518517,0.64743589743589747,0.061728395061728392,354,3.6758570520344285,0.32105263157894737,0,22.994346527982149,0.11846689895470383
DOT,5,2024-03,190,0.32105263157894737,0.65608465608465605,0.057894736842105263,384,4.9242640335648149,0.16265060240963855,0,34.503695411308748,0.3271604938271605
DOT,5,2024-04,166,0.16265060240963855,0.64634146341463417,0.03614457831325301,387,11.857145660800553,0.22794117647058823,0,23.357717601475628,0.11846689895470383
DOT,5,2024-05,136,0.22794117647058823,0.63076923076923075,0.066176470588235295,385,8.7536434849704765,0.40000000000000002,1,27.892603482886273,0.18181818181818182
DOT,5,2024-06,100,0.40000000000000002,0.50515463917525771,0.20999999999999999,390,30.585338937621835,0.25563909774436089,0,44.715968942431751,0.57692307692307687
DOT,5,2024-07,133,0.25563909774436089,0.52307692307692311,0.27067669172932329,395,15.274152199074074,0.34615384615384615,1,32.252166372415218,0.23474178403755869
DOT,5,2024-08,104,0.34615384615384615,0.6262626262626263,0.125,399,5.6814636574074076,0.27160493827160492,0,37.037848319472033,0.3271604938271605
DOT,5,2024-09,81,0.27160493827160492,0.69620253164556967,0.20987654320987653,392,17.834653698442761,0.23404255319148937,0,34.669250350981727,0.3271604938271605
DOT,5,2024-10,141,0.23404255319148937,0.57553956834532372,0.028368794326241134,419,8.5558576998050686,0.28712871287128711,0,28.229334396104871,0.19
DOT,5,2024-11,101,0.28712871287128711,0.62376237623762376,0.089108910891089105,420,17.235436111111113,0.19875776397515527,0,35.099576521356909,0.3271604938271605
DOT,5,2024-12,161,0.19875776397515527,0.65217391304347827,0.043478260869565216,428,15.708150114984265,0.12676056338028169,0,27.664867540971024,0.17582417582417584
DOT,5,2025-01,213,0.12676056338028169,0.65727699530516437,0.037558685446009391,446,10.539444147673315,0.08666666666666667,0,20.86065301142753,0.11846689895470383
DOT,5,2025-02,150,0.08666666666666667,0.67567567567567566,0.073333333333333334,443,10.687546523238925,0.18699186991869918,0,17.927457618958559,0.078378378378378383
DOT,5,2025-03,123,0.18699186991869918,0.6333333333333333,0.073170731707317069,446,15.963918402777779,0.17333333333333334,0,27.029880358831409,0.17582417582417584
DOT,5,2025-04,150,0.17333333333333334,0.75694444444444442,0.059999999999999998,450,12.822937674403855,0.18840579710144928,0,25.78351975686348,0.11846689895470383
DOT,5,2025-05,138,0.18840579710144928,0.67391304347826086,0.10144927536231885,440,20.519750062562562,0.15337423312883436,0,28.509028726697171,0.19
DOT,5,2025-06,163,0.15337423312883436,0.61875000000000002,0.085889570552147243,448,11.385511424731183,0.32500000000000001,0,23.261572437043981,0.11846689895470383
DOT,5,2025-07,120,0.32500000000000001,0.56302521008403361,0.24166666666666667,453,11.124973329307569,0.22641509433962265,0,37.482875090228823,0.35869565217391303
DOT,5,2025-08,106,0.22641509433962265,0.60576923076923073,0.17924528301886791,448,17.663226351351351,0.21897810218978103,0,31.002384676075291,0.23474178403755869
DOT,5,2025-09,137,0.21897810218978103,0.562962962962963,0.10218978102189781,469,15.893515924329503,0.33962264150943394,0,29.609405597501922,0.19
DOT,5,2025-10,159,0.33962264150943394,0.6387096774193548,0.1069182389937107,477,27.290235416666668,0.32407407407407407,0,40.898025316774628,0.45238095238095238
DOT,5,2025-11,108,0.32407407407407407,0.61111111111111116,0.12037037037037036,470,11.070489533011271,0.24166666666666667,0,37.210226718486865,0.3271604938271605
DOT,6,2022-01,156,0.096153846153846159,0.073529411764705885,0.02564102564102564,17,1.054830910011574,0.19148936170212766,0,8.6199240415880372,0
DOT,6,2022-02,141,0.19148936170212766,0.28346456692913385,0.063829787234042548,37,3.2629519774011295,0.25842696629213485,0,18.225770981993133,0.078378378378378383
DOT,6,2022-03,178,0.25842696629213485,0.21637426900584794,0.0898876404494382,58,2.2405496520009942,0.2846153846153846,0,23.35494555032335,0.11846689895470383
DOT,6,2022-04,130,0.2846153846153846,0.29032258064516131,0.069230769230769235,68,6.4325529813218392,0.26000000000000001,0,26.821379028393963,0.17582417582417584
DOT,6,2022-05,200,0.26000000000000001,0.35754189944134079,0.19500000000000001,83,4.3439000792919993,0.26923076923076922,0,25.478715916727015,0.11846689895470383
DOT,6,2022-06,208,0.26923076923076922,0.42639593908629442,0.15384615384615385,101,5.2506165420227919,0.21171171171171171,0,26.762783342936412,0.17582417582417584
DOT,6,2022-07,222,0.21171171171171171,0.41588785046728971,0.15315315315315314,117,3.1051213030384752,0.39705882352941174,1,21.763948732528615,0.11846689895470383
DOT,6,2022-08,136,0.39705882352941174,0.38167938931297712,0.3014705882352941,154,9.1416681600955805,0.4315068493150685,1,38.993234148234244,0.35869565217391303
DOT,6,2022-09,146,0.4315068493150685,0.39855072463768115,0.31506849315068491,195,8.5952505843221871,0.34328358208955223,0,42.206475573377951,0.45238095238095238
DOT,6,2022-10,134,0.34328358208955223,0.48717948717948717,0.23134328358208955,218,5.7814325495049506,0.17599999999999999,0,34.746908813977946,0.3271604938271605
DOT,6,2022-11,125,0.17599999999999999,0.46218487394957986,0.064000000000000001,224,5.7265121371371377,0.1440677966101695,0,20.453165450977238,0.11846689895470383
DOT,6,2022-12,118,0.1440677966101695,0.41592920353982299,0.067796610169491525,218,11.069787076947637,0.12807881773399016,0,18.895651832384424,0.078378378378378383
DOT,6,2023-01,203,0.12807881773399016,0.5759162303664922,0.11330049261083744,235,8.5654494817971383,0.10982658959537572,0,18.227799121328569,0.078378378378378383
DOT,6,2023-02,173,0.10982658959537572,0.53216374269005851,0.098265895953757232,240,1.6407479843789368,0.14583333333333334,0,14.876943694619834,0.078378378378378383
DOT,6,2023-03,192,0.14583333333333334,0.57291666666666663,0.072916666666666671,257,8.7212788662918879,0.21367521367521367,0,19.701909125837386,0.11846689895470383
DOT,6,2023-04,117,0.21367521367521367,0.60526315789473684,0.14529914529914531,265,32.979954710144924,0.33082706766917291,0,28.660094491016771,0.19
DOT,6,2023-05,133,0.33082706766917291,0.53030303030303028,0.25563909774436089,294,5.5578459980413104,0.32631578947368423,0,34.841013677132132,0.3271604938271605
DOT,6,2023-06,95,0.32631578947368423,0.42391304347826086,0.24210526315789474,295,8.5764241036249018,0.46491228070175439,1,34.610289750482849,0.3271604938271605
DOT,6,2023-07,114,0.46491228070175439,0.5495495495495496,0.25438596491228072,349,26.336919945987653,0.55555555555555558,1,49.917600790902966,0.65714285714285714
DOT,6,2023-08,144,0.55555555555555558,0.43262411347517732,0.31944444444444442,389,8.8085927483974356,0.54205607476635509,1,54.432871400170285,0.81818181818181823
DOT,6,2023-09,107,0.54205607476635509,0.54205607476635509,0.14953271028037382,412,13.158051008597884,0.51497005988023947,1,54.330932662408053,0.81818181818181823
DOT,6,2023-10,167,0.51497005988023947,0.57228915662650603,0.16167664670658682,458,11.78869538184879,0.38655462184873951,1,52.538014800666495,0.66316189284121985
DOT,6,2023-11,119,0.38655462184873951,0.56302521008403361,0.092436974789915971,451,14.349642407407407,0.38129496402877699,1,42.408124280625003,0.46666666666666667
DOT,6,2023-12,139,0.38129496402877699,0.51798561151079137,0.23741007194244604,474,6.2245574912196675,0.31506849315068491,0,40.763528603107758,0.45238095238095238
DOT,6,2024-01,146,0.31506849315068491,0.52413793103448281,0.18493150684931506,492,13.767028926071742,0.20833333333333334,0,37.030797868275314,0.3271604938271605
DOT,6,2024-02,120,0.20833333333333334,0.47863247863247865,0.16666666666666666,490,4.8358288744687314,0.3597560975609756,1,26.045279838450423,0.13513513513513514
DOT,6,2024-03,164,0.3597560975609756,0.51234567901234573,0.13414634146341464,523,11.136699594458801,0.27857142857142858,0,39.66622498468832,0.35869565217391303
DOT,6,2024-04,140,0.27857142857142858,0.5864661654135338,0.16428571428571428,528,23.688243055555557,0.45689655172413796,1,36.039565261191711,0.3271604938271605
DOT,6,2024-05,116,0.45689655172413796,0.55660377358490565,0.19827586206896552,551,19.986855834328953,0.30088495575221241,0,50.087949754686029,0.65714285714285714
DOT,6,2024-06,226,0.30088495575221241,0.57870370370370372,0.26991150442477874,551,20.675541872427981,0.19847328244274809,0,38.239819194551025,0.35869565217391303
DOT,6,2024-07,131,0.19847328244274809,0.53125,0.29770992366412213,532,29.432928549382716,0.36842105263157893,1,30.022780607023265,0.19
DOT,6,2024-08,114,0.36842105263157893,0.51754385964912286,0.31578947368421051,530,20.568716874201787,0.24031007751937986,0,43.540835243267608,0.57692307692307687
DOT,6,2024-09,129,0.24031007751937986,0.640625,0.23255813953488372,524,7.3660754458161861,0.15966386554621848,0,30.345673553213828,0.19
DOT,6,2024-10,119,0.15966386554621848,0.5641025641025641,0.13445378151260504,538,4.1620778218694889,0.24087591240875914,0,22.257494058931499,0.11846689895470383
DOT,6,2024-11,137,0.24087591240875914,0.50735294117647056,0.16058394160583941,544,11.11721842309867,0.14285714285714285,0,30.258420311549738,0.19
DOT,6,2024-12,112,0.14285714285714285,0.55855855855855852,0.0625,533,8.2710294059949785,0.19148936170212766,0,21.504430978069742,0.11846689895470383
DOT,6,2025-01,94,0.19148936170212766,0.58510638297872342,0.11702127659574468,546,9.574958133287609,0.23529411764705882,0,26.111011139225045,0.13513513513513514
DOT,6,2025-02,102,0.23529411764705882,0.58823529411764708,0.25490196078431371,554,10.386694616824272,0.1721311475409836,0,30.513838157405278,0.19
DOT,6,2025-03,122,0.1721311475409836,0.59482758620689657,0.18852459016393441,562,3.0157398269980509,0.19444444444444445,0,23.405739965271451,0.11846689895470383
DOT,6,2025-04,108,0.19444444444444445,0.660377358490566,0.24074074074074073,548,10.767279523375835,0.22522522522522523,0,27.626451327024476,0.17582417582417584
DOT,6,2025-05,111,0.22522522522522523,0.5636363636363636,0.32432432432432434,543,23.651320142879946,0.26666666666666666,0,32.457936152863276,0.23474178403755869
DOT,6,2025-06,150,0.26666666666666666,0.69387755102040816,0.21333333333333335,554,4.0704245504562531,0.36956521739130432,1,31.839137456340982,0.23474178403755869
DOT,6,2025-07,138,0.36956521739130432,0.57352941176470584,0.3188405797101449,537,16.900425234487734,0.29203539823008851,0,43.053574419911094,0.5
DOT,6,2025-08,113,0.29203539823008851,0.64220183486238536,0.32743362831858408,549,5.5563226530986434,0.24427480916030533,0,34.534779817858663,0.3271604938271605
DOT,6,2025-09,131,0.24427480916030533,0.5725190839694656,0.25190839694656486,537,8.0928116096866098,0.26168224299065418,0,30.592220542727386,0.19
DOT,6,2025-10,107,0.26168224299065418,0.5,0.17757009345794392,524,91.149600694444445,0.40909090909090912,1,34.3225259572582,0.3271604938271605
DOT,6,2025-11,110,0.40909090909090912,0.67272727272727273,0.22727272727272727,527,11.877092635860159,0.27173913043478259,0,45.056946371759445,0.57692307692307687
DOT,7,2022-01,154,0.11038961038961038,0.20529801324503311,0.090909090909090912,16,1.4706158625730994,0.23428571428571429,0,10.832416266383348,0.017391304347826087
DOT,7,2022-02,175,0.23428571428571429,0.33540372670807456,0.074285714285714288,45,2.2118168851069382,0.15625,0,21.795937193233392,0.11846689895470383
DOT,7,2022-03,224,0.15625,0.53023255813953485,0.044642857142857144,63,2.3048921561535494,0.42079207920792078,1,16.592282882071792,0.078378378378378383
DOT,7,2022-04,202,0.42079207920792078,0.26630434782608697,0.14356435643564355,92,6.3435658089070674,0.34745762711864409,1,38.200643718136895,0.35869565217391303
DOT,7,2022-05,236,0.34745762711864409,0.45192307692307693,0.1271186440677966,122,6.0055157536008235,0.20535714285714285,0,33.417697769458073,0.23474178403755869
DOT,7,2022-06,224,0.20535714285714285,0.45714285714285713,0.09375,143,3.4527470734983687,0.34033613445378152,0,21.523670704598306,0.11846689895470383
DOT,7,2022-07,238,0.34033613445378152,0.5,0.24369747899159663,198,2.6230113095238092,0.36263736263736263,1,33.672173949206332,0.23474178403755869
DOT,7,2022-08,182,0.36263736263736263,0.53012048192771088,0.21978021978021978,238,5.1296948969646339,0.26162790697674421,0,36.509132658251822,0.3271604938271605
DOT,7,2022-09,172,0.26162790697674421,0.5286624203821656,0.15697674418604651,250,11.061144279766344,0.23178807947019867,0,29.647652933275126,0.19
DOT,7,2022-10,151,0.23178807947019867,0.59285714285714286,0.10596026490066225,269,5.4202932449494945,0.13385826771653545,0,26.184115978123572,0.13513513513513514
DOT,7,2022-11,127,0.13385826771653545,0.65322580645161288,0.031496062992125984,260,7.5464412814532089,0.083798882681564241,0,18.690286056123181,0.078378378378378383
DOT,7,2022-12,179,0.083798882681564241,0.6588235294117647,0.027932960893854747,265,5.5658609006734006,0.10967741935483871,0,14.27692037742391,0.078378378378378383
DOT,7,2023-01,155,0.10967741935483871,0.69736842105263153,0.051612903225806452,270,6.1407773786717756,0.055555555555555552,0,16.848377281188114,0.078378378378378383
DOT,7,2023-02,180,0.055555555555555552,0.63953488372093026,0.033333333333333333,277,6.1357986872563357,0.13592233009708737,0,12.211196602388991,0.027397260273972601
DOT,7,2023-03,206,0.13592233009708737,0.68527918781725883,0.082524271844660199,298,3.5362163482123745,0.20143884892086331,0,18.718776092269611,0.078378378378378383
DOT,7,2023-04,139,0.20143884892086331,0.74264705882352944,0.1223021582733813,311,26.628127527671349,0.29729729729729731,0,28.741444030943342,0.19
DOT,7,2023-05,74,0.29729729729729731,0.56164383561643838,0.14864864864864866,321,4.1449833622685182,0.29007633587786258,0,31.73039037630144,0.23474178403755869
DOT,7,2023-06,131,0.29007633587786258,0.53543307086614178,0.20610687022900764,343,11.44671306914713,0.29375000000000001,0,33.282153059274407,0.23474178403755869
DOT,7,2023-07,160,0.29375000000000001,0.5,0.21249999999999999,399,4.9267505787037038,0.43795620437956206,1,32.471933148749649,0.23474178403755869
DOT,7,2023-08,137,0.43795620437956206,0.53383458646616544,0.20437956204379562,421,5.5942109500805159,0.55102040816326525,1,44.529538480619109,0.57692307692307687
DOT,7,2023-09,98,0.55102040816326525,0.53608247422680411,0.22448979591836735,448,11.353256879238392,0.45205479452054792,1,55.345170676970362,0.81818181818181823
DOT,7,2023-10,146,0.45205479452054792,0.58156028368794321,0.25342465753424659,484,11.182532302188553,0.25641025641025639,0,48.003494286341628,0.625
DOT,7,2023-11,117,0.25641025641025639,0.62393162393162394,0.05128205128205128,488,7.2031847304894177,0.26315789473684209,0,30.605014727672923,0.23474178403755869
DOT,7,2023-12,114,0.26315789473684209,0.72807017543859653,0.10526315789473684,500,10.155591752904867,0.25688073394495414,0,32.63884323705966,0.23474178403755869
DOT,7,2024-01,109,0.25688073394495414,0.60377358490566035,0.14678899082568808,499,15.63377798821549,0.20000000000000001,0,33.028008947898861,0.23474178403755869
DOT,7,2024-02,165,0.20000000000000001,0.68553459119496851,0.09696969696969697,523,5.3353038810086684,0.25966850828729282,0,26.183636622387745,0.13513513513513514
DOT,7,2024-03,181,0.25966850828729282,0.5955056179775281,0.1270718232044199,547,17.532929272823779,0.31851851851851853,0,33.563579511302031,0.23474178403755869
DOT,7,2024-04,135,0.31851851851851853,0.5968992248062015,0.20000000000000001,568,10.057741329597141,0.37179487179487181,1,36.862204587729529,0.3271604938271605
DOT,7,2024-05,156,0.37179487179487181,0.54000000000000004,0.26282051282051283,600,11.256806862305854,0.33076923076923076,0,41.439592111504091,0.45238095238095238
DOT,7,2024-06,130,0.33076923076923076,0.60655737704918034,0.26923076923076922,598,19.19378498526936,0.31666666666666665,0,40.413388157507256,0.36999595047452527
DOT,7,2024-07,120,0.31666666666666665,0.68644067796610164,0.26666666666666666,598,22.571799672067904,0.31304347826086959,0,40.098961178619383,0.35869565217391303
DOT,7,2024-08,115,0.31304347826086959,0.62831858407079644,0.28695652173913044,599,10.79314104126056,0.24347826086956523,0,37.191298734602448,0.3271604938271605
DOT,7,2024-09,115,0.24347826086956523,0.64347826086956517,0.1391304347826087,585,17.000040733563022,0.14814814814814814,0,32.441558690616816,0.23474178403755869
DOT,7,2024-10,108,0.14814814814814814,0.55140186915887845,0.1111111111111111,590,14.358257596188421,0.12295081967213115,0,23.58527945152542,0.11846689895470383
DOT,7,2024-11,122,0.12295081967213115,0.68032786885245899,0.065573770491803282,606,7.9012558962264148,0.14678899082568808,0,20.448045903706923,0.11846689895470383
DOT,7,2024-12,109,0.14678899082568808,0.66972477064220182,0.055045871559633031,599,14.743340517241379,0.2087912087912088,0,23.879578199346401,0.11846689895470383
DOT,7,2025-01,91,0.2087912087912088,0.63736263736263732,0.10989010989010989,605,9.3131328976034844,0.23958333333333334,0,27.658399844604606,0.17582417582417584
DOT,7,2025-02,96,0.23958333333333334,0.60439560439560436,0.09375,609,6.3147730475040253,0.13380281690140844,0,29.161861470689406,0.19
DOT,7,2025-03,142,0.13380281690140844,0.57446808510638303,0.16901408450704225,617,10.782654349778884,0.18691588785046728,0,21.990612085969413,0.11846689895470383
DOT,7,2025-04,107,0.18691588785046728,0.60194174757281549,0.16822429906542055,605,16.54326797385621,0.26451612903225807,0,27.745542777561695,0.18181818181818182
DOT,7,2025-05,155,0.26451612903225807,0.57999999999999996,0.32903225806451614,621,14.27600558278867,0.19620253164556961,0,34.107708920725273,0.3271604938271605
DOT,7,2025-06,158,0.19620253164556961,0.64666666666666661,0.31645569620253167,614,8.8347088243546565,0.26153846153846155,0,27.616686225128163,0.17582417582417584
DOT,7,2025-07,130,0.26153846153846155,0.65289256198347112,0.34615384615384615,611,6.9965672862712331,0.30379746835443039,0,32.585228468197215,0.23474178403755869
DOT,7,2025-08,158,0.30379746835443039,0.80645161290322576,0.24683544303797469,626,98.74228292540792,0.20863309352517986,0,39.570325289445179,0.35869565217391303
DOT,7,2025-09,139,0.20863309352517986,0.6074074074074074,0.15827338129496402,620,11.903098797582304,0.13291139240506328,0,28.354958610268376,0.19
DOT,7,2025-10,158,0.13291139240506328,0.61783439490445857,0.15822784810126583,606,19.077901708360407,0.21212121212121213,0,24.058556130394891,0.11846689895470383
DOT,7,2025-11,99,0.21212121212121213,0.68367346938775508,0.1111111111111111,622,4.9475359772423024,0.2857142857142857,0,27.122347084211835,0.17582417582417584
DOT,8,2022-01,75,0.14666666666666667,0.027397260273972601,0.040000000000000001,10,1.9894714506172839,0.26470588235294118,0,12.650443867976909,0.027397260273972601
DOT,8,2022-02,102,0.26470588235294118,0.25263157894736843,0.10784313725490197,26,2.9748777233115469,0.22689075630252101,0,23.963574920808533,0.11846689895470383
DOT,8,2022-03,119,0.22689075630252101,0.24107142857142858,0.10084033613445378,43,1.8831746195452879,0.31578947368421051,0,20.76592452112973,0.11846689895470383
DOT,8,2022-04,57,0.31578947368421051,0.41463414634146339,0.10526315789473684,45,9.1136417341820977,0.34246575342465752,0,30.511634954604578,0.19
DOT,8,2022-05,73,0.34246575342465752,0.31746031746031744,0.027397260273972601,45,8.7233204551382375,0.2988505747126437,0,31.677532399396114,0.23474178403755869
DOT,8,2022-06,87,0.2988505747126437,0.25,0.14942528735632185,52,4.9329487517580874,0.31764705882352939,0,27.63242173471588,0.17582417582417584
DOT,8,2022-07,85,0.31764705882352939,0.33823529411764708,0.094117647058823528,69,5.349533431997572,0.20000000000000001,0,29.580490063845573,0.19
DOT,8,2022-08,75,0.20000000000000001,0.47142857142857142,0.18666666666666668,67,3.9203715728715731,0.26000000000000001,0,20.935736939680279,0.11846689895470383
DOT,8,2022-09,50,0.26000000000000001,0.44,0.10000000000000001,70,5.171132105943153,0.29090909090909089,0,25.475084747504766,0.11846689895470383
DOT,8,2022-10,55,0.29090909090909089,0.34042553191489361,0.10909090909090909,74,9.8482171000788021,0.38775510204081631,1,28.652175317953098,0.19
DOT,8,2022-11,49,0.38775510204081631,0.5714285714285714,0.081632653061224483,78,16.420309000861327,0.20000000000000001,0,39.025833810683174,0.35869565217391303
DOT,8,2022-12,70,0.20000000000000001,0.52173913043478259,0.042857142857142858,78,6.9529089506172843,0.16049382716049382,0,21.307512193042445,0.11846689895470383
DOT,8,2023-01,81,0.16049382716049382,0.51898734177215189,0.049382716049382713,85,2.1750922418630756,0.073529411764705885,0,17.101882448232161,0.078378378378378383
DOT,8,2023-02,68,0.073529411764705885,0.67647058823529416,0.029411764705882353,85,6.240479048964219,0.15079365079365079,0,11.800893928079033,0.017391304347826087
DOT,8,2023-03,126,0.15079365079365079,0.47933884297520662,0.071428571428571425,95,5.4067394179894182,0.12962962962962962,0,17.113961937040372,0.078378378378378383
DOT,8,2023-04,54,0.12962962962962962,0.58490566037735847,0.1111111111111111,95,37.339391751949314,0.34693877551020408,1,19.859063213091467,0.11846689895470383
DOT,8,2023-05,49,0.34693877551020408,0.63265306122448983,0.16326530612244897,112,2.537271773726852,0.34482758620689657,0,33.528103052172668,0.23474178403755869
DOT,8,2023-06,58,0.34482758620689657,0.46551724137931033,0.13793103448275862,119,10.770382625272331,0.39583333333333331,1,34.432719925797358,0.3271604938271605
DOT,8,2023-07,48,0.39583333333333331,0.61702127659574468,0.27083333333333331,133,11.998226783769063,0.53648068669527893,1,40.376366704061141,0.35869565217391303
DOT,8,2023-08,233,0.53648068669527893,0.6506550218340611,0.047210300429184553,235,12.050481340118745,0.83333333333333337,1,51.773415253620939,0.65714285714285714
DOT,8,2023-09,96,0.83333333333333337,0.64210526315789473,0.125,230,31.132679111661165,0.43617021276595747,1,77.943775305833896,1
DOT,8,2023-10,94,0.43617021276595747,0.58241758241758246,0.10638297872340426,215,22.09149677200136,0.47826086956521741,1,45.620049486490593,0.57692307692307687
DOT,8,2023-11,69,0.47826086956521741,0.53731343283582089,0.2318840579710145,234,8.9177481481481475,0.3392857142857143,0,46.715521331836264,0.57692307692307687
DOT,8,2023-12,56,0.3392857142857143,0.5892857142857143,0.19642857142857142,228,37.507331802568693,0.24242424242424243,0,38.491889847405318,0.35869565217391303
DOT,8,2024-01,66,0.24242424242424243,0.5,0.060606060606060608,231,13.277036485890653,0.33333333333333331,0,27.812433005002237,0.18181818181818182
DOT,8,2024-02,57,0.33333333333333331,0.5714285714285714,0.12280701754385964,235,17.145688984975543,0.29906542056074764,0,36.717469794190812,0.3271604938271605
DOT,8,2024-03,107,0.29906542056074764,0.55238095238095242,0.18691588785046728,255,21.41879509897829,0.34328358208955223,0,35.328811358146098,0.3271604938271605
DOT,8,2024-04,67,0.34328358208955223,0.5625,0.22388059701492538,262,39.513806301004394,0.40000000000000002,1,39.175986417379796,0.35869565217391303
DOT,8,2024-05,100,0.40000000000000002,0.72164948453608246,0.20999999999999999,278,19.590420386904764,0.38144329896907214,1,44.27680275583932,0.57692307692307687
DOT,8,2024-06,97,0.38144329896907214,0.64130434782608692,0.26804123711340205,283,22.43322715378422,0.18390804597701149,0,43.066514027791577,0.5
DOT,8,2024-07,87,0.18390804597701149,0.6470588235294118,0.26436781609195403,272,12.419177768329554,0.27472527472527475,0,25.116125861274107,0.11846689895470383
DOT,8,2024-08,91,0.27472527472527475,0.6853932584269663,0.15384615384615385,280,6.0530432842481039,0.27272727272727271,0,30.588722903326769,0.19
DOT,8,2024-09,55,0.27272727272727271,0.59999999999999998,0.16363636363636364,277,24.307391243614305,0.15584415584415584,0,33.577006917810941,0.23474178403755869
DOT,8,2024-10,77,0.15584415584415584,0.67532467532467533,0.15584415584415584,277,4.3400880832130833,0.16666666666666666,0,20.597943998348054,0.11846689895470383
DOT,8,2024-11,48,0.16666666666666666,0.60416666666666663,0.125,282,31.654132751937983,0.18181818181818182,0,24.972908285361623,0.11846689895470383
DOT,8,2024-12,77,0.18181818181818182,0.54545454545454541,0.12987012987012986,278,18.753648119570187,0.22535211267605634,0,25.341311046803344,0.11846689895470383
DOT,8,2025-01,71,0.22535211267605634,0.58571428571428574,0.19718309859154928,287,24.800430854241338,0.33333333333333331,0,29.989468949194308,0.19
DOT,8,2025-02,78,0.33333333333333331,0.61038961038961037,0.38461538461538464,299,3.8060116792929293,0.24038461538461539,0,35.722539117283347,0.3271604938271605
DOT,8,2025-03,104,0.24038461538461539,0.62886597938144329,0.17307692307692307,308,9.1537384259259262,0.16666666666666666,0,28.690982818691882,0.19
DOT,8,2025-04,72,0.16666666666666666,0.7142857142857143,0.15277777777777779,295,18.496127859477124,0.21739130434782608,0,25.20700156946355,0.11846689895470383
DOT,8,2025-05,69,0.21739130434782608,0.64179104477611937,0.21739130434782608,303,19.573999506678806,0.24793388429752067,0,29.567291431162303,0.19
DOT,8,2025-06,121,0.24793388429752067,0.6339285714285714,0.17355371900826447,316,15.565116812414267,0.21686746987951808,0,30.935068344888286,0.23474178403755869
DOT,8,2025-07,83,0.21686746987951808,0.759493670886076,0.15662650602409639,277,114.64459661505768,0.27619047619047621,0,29.870653319309561,0.19
DOT,8,2025-08,105,0.27619047619047621,0.625,0.19047619047619047,281,6.02475717363403,0.38596491228070173,1,30.591001727345798,0.19
DOT,8,2025-09,57,0.38596491228070173,0.61403508771929827,0.26315789473684209,275,17.500504298941802,0.27272727272727271,0,42.351946433439792,0.46666666666666667
DOT,8,2025-10,110,0.27272727272727271,0.66666666666666663,0.19090909090909092,294,5.3254022944647943,0.32098765432098764,0,30.495825844584051,0.19
DOT,8,2025-11,81,0.32098765432098764,0.53749999999999998,0.16049382716049382,285,12.553987011316872,0.2558139534883721,0,35.18541640491032,0.3271604938271605
DOT,9,2022-01,78,0.23076923076923078,0.092105263157894732,0.11538461538461539,17,1.7557539392462638,0.22549019607843138,0,20.097726207400274,0.11846689895470383
DOT,9,2022-02,102,0.22549019607843138,0.31182795698924731,0.11764705882352941,32,3.2093588789682537,0.23584905660377359,0,21.2908905459322,0.11846689895470383
DOT,9,2022-03,106,0.23584905660377359,0.36666666666666664,0.10377358490566038,38,2.9429112413194445,0.25531914893617019,0,22.32463507013307,0.11846689895470383
DOT,9,2022-04,94,0.25531914893617019,0.27500000000000002,0.031914893617021274,44,5.0613458806818183,0.29245283018867924,0,23.633021450550803,0.11846689895470383
DOT,9,2022-05,106,0.29245283018867924,0.31111111111111112,0.056603773584905662,45,5.6382234358144556,0.25,0,27.055767735073037,0.17582417582417584
DOT,9,2022-06,76,0.25,0.30434782608695654,0.052631578947368418,44,7.9581889702202195,0.21428571428571427,0,24.147993066921604,0.11846689895470383
DOT,9,2022-07,42,0.21428571428571427,0.38461538461538464,0.023809523809523808,47,3.8108484686609687,0.16867469879518071,0,20.591818831068242,0.11846689895470383
DOT,9,2022-08,83,0.16867469879518071,0.37037037037037035,0.024096385542168676,48,9.2168143807870369,0.30508474576271188,0,18.17175374944615,0.078378378378378383
DOT,9,2022-09,59,0.30508474576271188,0.46296296296296297,0.13559322033898305,51,7.265465856481482,0.35365853658536583,1,29.671918642006766,0.19
DOT,9,2022-10,82,0.35365853658536583,0.57317073170731703,0.25609756097560976,67,10.927725487764549,0.081967213114754092,0,35.753772825014138,0.3271604938271605
DOT,9,2022-11,61,0.081967213114754092,0.60655737704918034,0.049180327868852458,67,3.9187627923976609,0.14285714285714285,0,11.480958191288344,0.017391304347826087
DOT,9,2022-12,35,0.14285714285714285,0.59999999999999998,0.028571428571428571,68,13.809648786717753,0.095744680851063829,0,18.583444497372092,0.078378378378378383
DOT,9,2023-01,94,0.095744680851063829,0.69148936170212771,0.042553191489361701,72,6.818620553118909,0.13861386138613863,0,13.718651657242438,0.078378378378378383
DOT,9,2023-02,101,0.13861386138613863,0.66000000000000003,0.039603960396039604,82,6.6678682484567897,0.12820512820512819,0,17.046223927289098,0.078378378378378383
DOT,9,2023-03,78,0.12820512820512819,0.64102564102564108,0.038461538461538464,89,1.7837892433449074,0.19736842105263158,0,15.023612558219899,0.078378378378378383
DOT,9,2023-04,76,0.19736842105263158,0.71999999999999997,0.052631578947368418,94,28.516523832070707,0.26315789473684209,0,25.6506062727006,0.11846689895470383
DOT,9,2023-05,57,0.26315789473684209,0.61403508771929827,0.035087719298245612,107,16.241027670111972,0.35483870967741937,1,29.303530031811203,0.19
DOT,9,2023-06,31,0.35483870967741937,0.33333333333333331,0.064516129032258063,102,8.803792759773664,0.27500000000000002,0,33.556597106906302,0.23474178403755869
DOT,9,2023-07,40,0.27500000000000002,0.53846153846153844,0.14999999999999999,109,14.008694584736251,0.625,1,29.936971870839702,0.19
DOT,9,2023-08,80,0.625,0.66249999999999998,0.0625,140,19.202640069916853,0.49206349206349204,1,59.686137871869704,0.92105263157894735
DOT,9,2023-09,63,0.49206349206349204,0.65079365079365081,0,130,13.008739377219685,0.31868131868131866,0,47.098343568293586,0.57692307692307687
DOT,9,2023-10,91,0.31868131868131866,0.73626373626373631,0.098901098901098897,160,31.395718351548268,0.30526315789473685,0,36.368919422245874,0.3271604938271605
DOT,9,2023-11,95,0.30526315789473685,0.68817204301075274,0.073684210526315783,159,10.353654082939322,0.3559322033898305,1,32.384951910985727,0.23474178403755869
DOT,9,2023-12,59,0.3559322033898305,0.69491525423728817,0.084745762711864403,158,15.061130208333333,0.23636363636363636,0,37.638438670226172,0.35869565217391303
DOT,9,2024-01,55,0.23636363636363636,0.58823529411764708,0.018181818181818181,154,14.972757768361582,0.16666666666666666,0,27.143236441413048,0.17582417582417584
DOT,9,2024-02,60,0.16666666666666666,0.65000000000000002,0.033333333333333333,154,14.452134837962962,0.25925925925925924,0,21.828036611848567,0.11846689895470383
DOT,9,2024-03,54,0.25925925925925924,0.53846153846153844,0.07407407407407407,147,58.348178316636314,0.20370370370370369,0,30.364014800310301,0.19
DOT,9,2024-04,54,0.20370370370370369,0.72549019607843135,0.037037037037037035,146,31.336710858585857,0.17647058823529413,0,26.658922058479497,0.1702127659574468
DOT,9,2024-05,68,0.17647058823529413,0.64615384615384619,0.073529411764705885,142,29.436705889917693,0.41791044776119401,1,24.223598462200094,0.11846689895470383
DOT,9,2024-06,67,0.41791044776119401,0.56060606060606055,0.22388059701492538,152,46.736595597790775,0.32307692307692309,0,43.968920980145626,0.57692307692307687
DOT,9,2024-07,65,0.32307692307692309,0.6875,0.16923076923076924,144,23.072118531202438,0.33333333333333331,0,36.658550125285295,0.3271604938271605
DOT,9,2024-08,60,0.33333333333333331,0.68333333333333335,0.18333333333333332,158,14.338905243558775,0.26666666666666666,0,36.093497925065904,0.3271604938271605
DOT,9,2024-09,60,0.26666666666666666,0.69491525423728817,0.10000000000000001,146,34.079220950704226,0.25,0,31.857890396551152,0.23474178403755869
DOT,9,2024-10,56,0.25,0.68518518518518523,0.17857142857142858,152,20.96230509259259,0.13846153846153847,0,30.926641470411798,0.23474178403755869
DOT,9,2024-11,65,0.13846153846153847,0.609375,0.076923076923076927,156,9.1289272161505757,0.17460317460317459,0,18.339426512234095,0.078378378378378383
DOT,9,2024-12,63,0.17460317460317459,0.62903225806451613,0.1111111111111111,149,10.057083333333333,0.28301886792452829,0,21.646803606637178,0.11846689895470383
DOT,9,2025-01,53,0.28301886792452829,0.65384615384615385,0.018867924528301886,152,12.486681944444445,0.34285714285714286,0,30.593586338758829,0.19
DOT,9,2025-02,35,0.34285714285714286,0.54285714285714282,0.20000000000000001,153,27.806888616557735,0.16326530612244897,0,37.767138933975708,0.35869565217391303
DOT,9,2025-03,98,0.16326530612244897,0.72916666666666663,0.10204081632653061,161,10.241388503086419,0.15254237288135594,0,21.366396240453543,0.11846689895470383
DOT,9,2025-04,59,0.15254237288135594,0.57627118644067798,0.11864406779661017,150,8.1007400793650799,0.17777777777777778,0,19.200317366164864,0.078378378378378383
DOT,9,2025-05,45,0.17777777777777778,0.59523809523809523,0.066666666666666666,146,19.614310988284203,0.19780219780219779,0,23.754755034655378,0.11846689895470383
DOT,9,2025-06,91,0.19780219780219779,0.5,0.14285714285714285,164,22.755032502536785,0.37333333333333335,1,25.779542866456453,0.11846689895470383
DOT,9,2025-07,75,0.37333333333333335,0.68493150684931503,0.23999999999999999,153,68.110043604651167,0.20253164556962025,0,41.115602614282466,0.45238095238095238
DOT,9,2025-08,79,0.20253164556962025,0.69620253164556967,0.11392405063291139,165,5.0930927328843998,0.15517241379310345,0,23.218163153302907,0.11846689895470383
DOT,9,2025-09,58,0.15517241379310345,0.7068965517241379,0.1206896551724138,158,10.792860398860398,0.25641025641025639,0,20.800403597063383,0.11846689895470383
DOT,9,2025-10,39,0.25641025641025639,0.66666666666666663,0.10256410256410256,153,13.95619765361953,0.28000000000000003,0,29.30822330029476,0.19
DOT,9,2025-11,50,0.28000000000000003,0.57446808510638303,0.059999999999999998,162,8.9586774503161699,0.16326530612244897,0,29.426454042813091,0.19
DOT,10,2022-01,149,0.15436241610738255,0.12162162162162163,0.026845637583892617,20,1.4119581039372706,0.15217391304347827,0,13.640014876820352,0.078378378378378383
DOT,10,2022-02,138,0.15217391304347827,0.36065573770491804,0.050724637681159424,41,2.2227318059882313,0.18840579710144928,0,15.195601166992889,0.078378378378378383
DOT,10,2022-03,207,0.18840579710144928,0.45604395604395603,0.043478260869565216,56,2.5823565476190478,0.27325581395348836,0,18.779770015877105,0.078378378378378383
DOT,10,2022-04,172,0.27325581395348836,0.41212121212121211,0.081395348837209308,76,3.5670995370370369,0.22085889570552147,0,25.984658999931249,0.13513513513513514
DOT,10,2022-05,163,0.22085889570552147,0.47999999999999998,0.21472392638036811,88,5.4211334265920597,0.2558139534883721,0,23.368079091294316,0.11846689895470383
DOT,10,2022-06,172,0.2558139534883721,0.34705882352941175,0.16860465116279069,114,3.0379450912309367,0.15254237288135594,0,24.977380082294466,0.11846689895470383
DOT,10,2022-07,118,0.15254237288135594,0.48245614035087719,0.21186440677966101,127,3.2007056642101284,0.36879432624113473,1,17.785746687096502,0.078378378378378383
DOT,10,2022-08,141,0.36879432624113473,0.48529411764705882,0.27659574468085107,150,11.516063646788991,0.33112582781456956,0,37.649019382972774,0.35869565217391303
DOT,10,2022-09,151,0.33112582781456956,0.47517730496453903,0.25827814569536423,182,11.71997390756985,0.2638888888888889,0,34.881659122468328,0.3271604938271605
DOT,10,2022-10,144,0.2638888888888889,0.57462686567164178,0.1111111111111111,198,8.6398880837359098,0.18965517241379309,0,28.700135532458386,0.19
DOT,10,2022-11,116,0.18965517241379309,0.61946902654867253,0.034482758620689655,202,3.3989396043771043,0.16326530612244897,0,21.396314574122229,0.11846689895470383
DOT,10,2022-12,98,0.16326530612244897,0.53608247422680411,0.061224489795918366,198,12.903111332742316,0.10119047619047619,0,21.223832462374229,0.11846689895470383
DOT,10,2023-01,168,0.10119047619047619,0.52500000000000002,0.035714285714285712,207,3.9878448601662893,0.18333333333333332,0,14.046356569222386,0.078378378378378383
DOT,10,2023-02,120,0.18333333333333332,0.59166666666666667,0.125,221,7.2786050971314458,0.29518072289156627,0,22.330186054978636,0.11846689895470383
DOT,10,2023-03,166,0.29518072289156627,0.60240963855421692,0.13253012048192772,253,15.80365133101852,0.22058823529411764,0,33.740130648695455,0.23474178403755869
DOT,10,2023-04,136,0.22058823529411764,0.5864661654135338,0.15441176470588236,261,38.035808845029244,0.26530612244897961,0,29.122250656031902,0.19
DOT,10,2023-05,98,0.26530612244897961,0.43478260869565216,0.11224489795918367,277,6.3908521947873798,0.26890756302521007,0,28.422766290347003,0.19
DOT,10,2023-06,119,0.26890756302521007,0.50427350427350426,0.12605042016806722,283,12.612960402327104,0.35802469135802467,1,30.673487183605111,0.23474178403755869
DOT,10,2023-07,162,0.35802469135802467,0.49677419354838709,0.24074074074074073,329,6.8231270953065142,0.4358974358974359,1,37.447686432161092,0.35869565217391303
DOT,10,2023-08,117,0.4358974358974359,0.52173913043478259,0.17094017094017094,347,9.0026733749055179,0.44339622641509435,1,44.163670058534819,0.57692307692307687
DOT,10,2023-09,106,0.44339622641509435,0.47572815533980584,0.27358490566037735,370,15.547207301427934,0.45774647887323944,1,46.850156989971126,0.57692307692307687
DOT,10,2023-10,142,0.45774647887323944,0.48936170212765956,0.21126760563380281,407,7.2042422839506166,0.31372549019607843,0,46.15980538587656,0.57692307692307687
DOT,10,2023-11,102,0.31372549019607843,0.50980392156862742,0.20588235294117646,426,7.0238702030343596,0.34482758620689657,0,34.872166095004687,0.3271604938271605
DOT,10,2023-12,116,0.34482758620689657,0.62068965517241381,0.094827586206896547,436,25.205934005939902,0.32941176470588235,0,40.792315328840374,0.45238095238095238
DOT,10,2024-01,85,0.32941176470588235,0.56097560975609762,0.18823529411764706,437,20.964754713297637,0.18584070796460178,0,39.732901330116782,0.35869565217391303
DOT,10,2024-02,113,0.18584070796460178,0.5714285714285714,0.044247787610619468,455,2.5904165422142573,0.2857142857142857,0,23.392926567266365,0.11846689895470383
DOT,10,2024-03,112,0.2857142857142857,0.66055045871559637,0.14285714285714285,471,16.105906394675927,0.30337078651685395,0,35.711397331458102,0.3271604938271605
DOT,10,2024-04,89,0.30337078651685395,0.55681818181818177,0.14606741573033707,476,38.439578373015877,0.34328358208955223,0,37.784175829618491,0.35869565217391303
DOT,10,2024-05,134,0.34328358208955223,0.69747899159663862,0.26865671641791045,496,15.631138015756987,0.36956521739130432,1,41.017464169900208,0.45238095238095238
DOT,10,2024-06,138,0.36956521739130432,0.52592592592592591,0.32608695652173914,532,12.383448166303557,0.21717171717171718,0,41.775611121994025,0.45238095238095238
DOT,10,2024-07,198,0.21717171717171718,0.61780104712041883,0.31818181818181818,521,4.4056387338295231,0.3783783783783784,1,28.103284978909343,0.19
DOT,10,2024-08,148,0.3783783783783784,0.55474452554744524,0.32432432432432434,540,5.8132675674705716,0.31297709923664124,0,41.050584054603796,0.45238095238095238
DOT,10,2024-09,131,0.31297709923664124,0.56153846153846154,0.22900763358778625,524,9.4654440163622535,0.16260162601626016,0,36.246012729613462,0.3271604938271605
DOT,10,2024-10,123,0.16260162601626016,0.52032520325203258,0.12195121951219512,524,8.9611876129177954,0.30864197530864196,0,23.35451056478513,0.11846689895470383
DOT,10,2024-11,81,0.30864197530864196,0.62962962962962965,0.16049382716049382,525,14.606055121527778,0.12,0,37.121845786434129,0.3271604938271605
DOT,10,2024-12,125,0.12,0.72131147540983609,0.112,533,5.6074249169040833,0.060344827586206899,0,20.10252408618722,0.11846689895470383
DOT,10,2025-01,116,0.060344827586206899,0.64655172413793105,0.25862068965517243,539,3.770883522727273,0.13157894736842105,0,15.25187897713851,0.078378378378378383
DOT,10,2025-02,114,0.13157894736842105,0.6428571428571429,0.096491228070175433,540,19.404956878892165,0.16438356164383561,0,23.846308439039529,0.11846689895470383
DOT,10,2025-03,146,0.16438356164383561,0.6901408450704225,0.21917808219178081,558,8.9103515055409748,0.18852459016393441,0,24.820173118473743,0.11846689895470383
DOT,10,2025-04,122,0.18852459016393441,0.63114754098360659,0.23770491803278687,538,13.838314749608763,0.20512820512820512,0,27.723215670355845,0.18181818181818182
DOT,10,2025-05,156,0.20512820512820512,0.66666666666666663,0.20512820512820512,536,15.03845156469761,0.16666666666666666,0,29.352145878227077,0.19
DOT,10,2025-06,126,0.16666666666666666,0.67460317460317465,0.26190476190476192,552,9.1939099326599329,0.33098591549295775,0,25.206327534367389,0.11846689895470383
DOT,10,2025-07,142,0.33098591549295775,0.55072463768115942,0.31690140845070425,544,15.969071836419753,0.22602739726027396,0,39.621621897952366,0.35869565217391303
DOT,10,2025-08,146,0.22602739726027396,0.68085106382978722,0.31506849315068491,544,30.860499429223744,0.16528925619834711,0,33.061903544725212,0.23474178403755869
DOT,10,2025-09,121,0.16528925619834711,0.61157024793388426,0.2231404958677686,546,14.577970452069717,0.090277777777777776,0,25.869908582776127,0.11846689895470383
DOT,10,2025-10,144,0.090277777777777776,0.59999999999999998,0.2013888888888889,521,22.828250945101907,0.20253164556962025,0,21.229301083098107,0.11846689895470383
DOT,10,2025-11,79,0.20253164556962025,0.58227848101265822,0.16455696202531644,521,7.7598970053914682,0.15723270440251572,0,26.78549220536437,0.17582417582417584
DOT,11,2022-01,157,0.19745222929936307,0.19108280254777071,0.1464968152866242,26,1.8632557583409857,0.21176470588235294,0,18.203978267945939,0.078378378378378383
DOT,11,2022-02,170,0.21176470588235294,0.28846153846153844,0.064705882352941183,44,2.5925153533635674,0.12337662337662338,0,19.791736857727805,0.11846689895470383
DOT,11,2022-03,154,0.12337662337662338,0.39436619718309857,0.071428571428571425,58,3.1997784990606548,0.3968253968253968,1,13.577148081381933,0.072902382664665533
DOT,11,2022-04,126,0.3968253968253968,0.36363636363636365,0.1111111111111111,70,6.7586024029982363,0.29921259842519687,0,36.473043230115557,0.3271604938271605
DOT,11,2022-05,127,0.29921259842519687,0.35714285714285715,0.13385826771653545,94,3.2149116898148149,0.23936170212765959,0,28.155796381208031,0.19
DOT,11,2022-06,188,0.23936170212765959,0.45810055865921789,0.14361702127659576,121,6.82236986585945,0.23484848484848486,0,25.067428603006462,0.11846689895470383
DOT,11,2022-07,132,0.23484848484848486,0.37398373983739835,0.18939393939393939,135,4.0819390223556891,0.30405405405405406,0,24.010383247332669,0.11846689895470383
DOT,11,2022-08,148,0.30405405405405406,0.51666666666666672,0.14189189189189189,155,11.489104552469136,0.31818181818181818,0,31.999800530578142,0.23474178403755869
DOT,11,2022-09,110,0.31818181818181818,0.37962962962962965,0.14545454545454545,162,16.577032725127086,0.28000000000000003,0,33.749165271136832,0.23474178403755869
DOT,11,2022-10,125,0.28000000000000003,0.45081967213114754,0.071999999999999995,180,6.1393745126705657,0.21782178217821782,0,28.387591466190827,0.19
DOT,11,2022-11,101,0.21782178217821782,0.4731182795698925,0.049504950495049507,175,11.197210421205519,0.23762376237623761,0,24.564323703626393,0.11846689895470383
DOT,11,2022-12,101,0.23762376237623761,0.57425742574257421,0.029702970297029702,178,23.310114500661378,0.085526315789473686,0,28.919387640161588,0.19
DOT,11,2023-01,152,0.085526315789473686,0.51677852348993292,0.052631578947368418,178,3.3698909902810614,0.15702479338842976,0,12.381622873241337,0.027397260273972601
DOT,11,2023-02,121,0.15702479338842976,0.54621848739495793,0.057851239669421489,187,13.960230919633226,0.15816326530612246,0,20.893494158591878,0.11846689895470383
DOT,11,2023-03,196,0.15816326530612246,0.49473684210526314,0.051020408163265307,213,6.5011846029311524,0.36752136752136755,1,19.191885689818584,0.078378378378378383
DOT,11,2023-04,117,0.36752136752136755,0.59130434782608698,0.15384615384615385,229,44.761473063973064,0.31932773109243695,0,40.558529759583386,0.45238095238095238
DOT,11,2023-05,119,0.31932773109243695,0.52252252252252251,0.15966386554621848,240,6.5189959490740748,0.24719101123595505,0,33.058030362904461,0.23474178403755869
DOT,11,2023-06,89,0.24719101123595505,0.62068965517241381,0.15730337078651685,241,24.377536432028617,0.26851851851851855,0,31.223728416893188,0.23474178403755869
DOT,11,2023-07,108,0.26851851851851855,0.57692307692307687,0.07407407407407407,249,22.126120833333335,0.31034482758620691,0,32.379864656109831,0.23474178403755869
DOT,11,2023-08,116,0.31034482758620691,0.63636363636363635,0.086206896551724144,264,16.609584823065639,0.35576923076923078,1,35.200194364350203,0.3271604938271605
DOT,11,2023-09,104,0.35576923076923078,0.57843137254901966,0.10576923076923077,266,13.41596836419753,0.46616541353383456,1,37.902635018971445,0.35869565217391303
DOT,11,2023-10,133,0.46616541353383456,0.48854961832061067,0.16541353383458646,297,8.606378919141914,0.23232323232323232,0,45.766316782515581,0.57692307692307687
DOT,11,2023-11,99,0.23232323232323232,0.57291666666666663,0.050505050505050504,293,11.028493909564904,0.14583333333333334,0,27.440887083871068,0.17582417582417584
DOT,11,2023-12,96,0.14583333333333334,0.64130434782608692,0.010416666666666666,288,20.351525256692334,0.21904761904761905,0,22.831358246243525,0.11846689895470383
DOT,11,2024-01,105,0.21904761904761905,0.49504950495049505,0.16190476190476191,298,10.105032041910331,0.2831858407079646,0,26.379573789577119,0.1702127659574468
DOT,11,2024-02,113,0.2831858407079646,0.48076923076923078,0.11504424778761062,319,4.6935529863654866,0.22807017543859648,0,30.138545556519993,0.19
DOT,11,2024-03,114,0.22807017543859648,0.59813084112149528,0.08771929824561403,311,40.335531458712808,0.25287356321839083,0,29.976446378328784,0.19
DOT,11,2024-04,87,0.25287356321839083,0.67901234567901236,0.14942528735632185,325,9.2217914446981233,0.30597014925373134,0,30.01924893951573,0.19
DOT,11,2024-05,134,0.30597014925373134,0.57936507936507942,0.1417910447761194,346,9.1105759135251319,0.36170212765957449,1,33.926989087565957,0.32375602557842958
DOT,11,2024-06,141,0.36170212765957449,0.63432835820895528,0.19148936170212766,359,15.718235496238426,0.21782178217821782,0,40.621138793732769,0.45238095238095238
DOT,11,2024-07,101,0.21782178217821782,0.51515151515151514,0.17821782178217821,351,6.1400514993204212,0.3475177304964539,1,26.081552762302795,0.13513513513513514
DOT,11,2024-08,141,0.3475177304964539,0.52857142857142858,0.31914893617021278,371,12.668052303336394,0.33582089552238809,0,38.996589324799565,0.35869565217391303
DOT,11,2024-09,134,0.33582089552238809,0.55303030303030298,0.23134328358208955,361,14.060264342139343,0.13978494623655913,0,37.969644618492431,0.35869565217391303
DOT,11,2024-10,93,0.13978494623655913,0.67391304347826086,0.086021505376344093,364,9.1290348002496877,0.18571428571428572,0,21.021577164765151,0.11846689895470383
DOT,11,2024-11,70,0.18571428571428572,0.67142857142857137,0.22857142857142856,355,10.41685009376465,0.13043478260869565,0,25.60753522413718,0.11846689895470383
DOT,11,2024-12,161,0.13043478260869565,0.60869565217391308,0.062111801242236024,369,5.7511918934240365,0.12781954887218044,0,19.076229959491464,0.078378378378378383
DOT,11,2025-01,133,0.12781954887218044,0.59848484848484851,0.045112781954887216,371,8.2259055166808039,0.16788321167883211,0,19.341798024201417,0.078378378378378383
DOT,11,2025-02,137,0.16788321167883211,0.5461538461538461,0.18978102189781021,379,13.606219225523974,0.16153846153846155,0,24.375374852472454,0.11846689895470383
DOT,11,2025-03,130,0.16153846153846155,0.5714285714285714,0.17692307692307693,382,6.1731024897929432,0.12389380530973451,0,22.190772374862131,0.11846689895470383
DOT,11,2025-04,113,0.12389380530973451,0.71171171171171166,0.23893805309734514,378,10.174850130579298,0.2638888888888889,0,21.101664184814798,0.11846689895470383
DOT,11,2025-05,144,0.2638888888888889,0.63309352517985606,0.1875,374,16.129843124374371,0.16216216216216217,0,33.027281323020489,0.23474178403755869
DOT,11,2025-06,148,0.16216216216216217,0.62585034013605445,0.14864864864864866,383,9.7864996336264323,0.25833333333333336,0,23.242917319085731,0.11846689895470383
DOT,11,2025-07,120,0.25833333333333336,0.62184873949579833,0.19166666666666668,375,14.085117730034723,0.26470588235294118,0,32.070903831409176,0.23474178403755869
DOT,11,2025-08,102,0.26470588235294118,0.64948453608247425,0.16666666666666666,378,30.373644430415265,0.14705882352941177,0,34.27005950243494,0.3271604938271605
DOT,11,2025-09,102,0.14705882352941177,0.58585858585858586,0.18627450980392157,378,10.044057847676108,0.23270440251572327,0,22.031111833539143,0.11846689895470383
DOT,11,2025-10,159,0.23270440251572327,0.56050955414012738,0.27044025157232704,375,8.1688716706675812,0.22988505747126436,0,28.698215866461478,0.19
DOT,11,2025-11,87,0.22988505747126436,0.50588235294117645,0.20689655172413793,368,12.230986505122145,0.25,0,28.775306034336584,0.19
DOT,12,2022-01,127,0.14173228346456693,0.094017094017094016,0.094488188976377951,13,1.4280746687054027,0.17410714285714285,0,12.759331790915502,0.027397260273972601
DOT,12,2022-02,224,0.17410714285714285,0.2413793103448276,0.098214285714285712,48,1.8267574123325454,0.19323671497584541,0,16.571292738300457,0.078378378378378383
DOT,12,2022-03,207,0.19323671497584541,0.36627906976744184,0.072463768115942032,58,2.9069509810976779,0.3482142857142857,1,18.960914221127133,0.078378378378378383
DOT,12,2022-04,224,0.3482142857142857,0.43315508021390375,0.09375,85,3.823362115422301,0.30418250950570341,0,32.304860821781524,0.23474178403755869
DOT,12,2022-05,263,0.30418250950570341,0.40086206896551724,0.15209125475285171,110,6.3329032888407886,0.2072072072072072,0,29.775869430823906,0.19
DOT,12,2022-06,222,0.2072072072072072,0.5,0.14414414414414414,121,3.7475190187046339,0.26839826839826841,0,21.974619801466872,0.11846689895470383
DOT,12,2022-07,231,0.26839826839826841,0.55154639175257736,0.14285714285714285,152,4.418034878954475,0.36283185840707965,1,27.610027535306227,0.17582417582417584
DOT,12,2022-08,226,0.36283185840707965,0.51530612244897955,0.23893805309734514,190,5.2936684699201964,0.34831460674157305,1,36.075923534186771,0.3271604938271605
DOT,12,2022-09,178,0.34831460674157305,0.60122699386503065,0.2247191011235955,218,7.883717367541152,0.26262626262626265,0,36.187379269107346,0.3271604938271605
DOT,12,2022-10,99,0.26262626262626265,0.5,0.10101010101010101,229,6.0360128726287261,0.20909090909090908,0,27.884194646123486,0.18181818181818182
DOT,12,2022-11,110,0.20909090909090908,0.63888888888888884,0.054545454545454543,240,9.0360831404320994,0.15789473684210525,0,24.895040973986937,0.11846689895470383
DOT,12,2022-12,133,0.15789473684210525,0.50381679389312972,0.052631578947368418,228,7.5308640004055158,0.16778523489932887,0,19.628418040089194,0.088343236912855921
DOT,12,2023-01,149,0.16778523489932887,0.5467625899280576,0.046979865771812082,245,7.7514942041277912,0.097222222222222224,0,20.839158610264761,0.11846689895470383
DOT,12,2023-02,144,0.097222222222222224,0.58208955223880599,0.0625,243,6.6527931815087147,0.089385474860335198,0,15.165370276169062,0.078378378378378383
DOT,12,2023-03,179,0.089385474860335198,0.59375,0.05027932960893855,246,7.8289849676483723,0.21052631578947367,0,14.847707205513238,0.078378378378378383
DOT,12,2023-04,152,0.21052631578947367,0.62857142857142856,0.072368421052631582,260,32.311671902557322,0.32142857142857145,0,28.106987123258847,0.19
DOT,12,2023-05,112,0.32142857142857145,0.55454545454545456,0.19642857142857142,274,5.4317049319727895,0.25899280575539568,0,33.671923409152008,0.23474178403755869
DOT,12,2023-06,139,0.25899280575539568,0.52238805970149249,0.17985611510791366,297,3.9947193287037037,0.23870967741935484,0,28.335221968416786,0.19
DOT,12,2023-07,155,0.23870967741935484,0.60273972602739723,0.10967741935483871,317,12.657461676954734,0.34453781512605042,0,29.039664740006,0.19
DOT,12,2023-08,119,0.34453781512605042,0.5636363636363636,0.14285714285714285,320,19.579895021117608,0.46601941747572817,1,39.15740727056204,0.35869565217391303
DOT,12,2023-09,103,0.46601941747572817,0.68627450980392157,0.10679611650485436,322,29.545520031169787,0.3543307086614173,1,49.665211929977346,0.65714285714285714
DOT,12,2023-10,127,0.3543307086614173,0.59999999999999998,0.12598425196850394,324,23.029108703703702,0.28205128205128205,0,40.415939884670053,0.37391799455603542
DOT,12,2023-11,117,0.28205128205128205,0.57391304347826089,0.068376068376068383,338,5.4002591244156779,0.38016528925619836,1,30.650228665227992,0.23474178403755869
DOT,12,2023-12,121,0.38016528925619836,0.59999999999999998,0.041322314049586778,343,11.976107319604086,0.29999999999999999,0,40.114279121977539,0.35869565217391303
DOT,12,2024-01,130,0.29999999999999999,0.6470588235294118,0.076923076923076927,359,6.0541729613385318,0.27702702702702703,0,32.87331323259145,0.23474178403755869
DOT,12,2024-02,148,0.27702702702702703,0.647887323943662,0.14189189189189189,384,3.632797350195724,0.17365269461077845,0,31.052967360367148,0.23474178403755869
DOT,12,2024-03,167,0.17365269461077845,0.65822784810126578,0.089820359281437126,388,13.873118183367417,0.1744186046511628,0,25.056622371648054,0.11846689895470383
DOT,12,2024-04,172,0.1744186046511628,0.6556291390728477,0.063953488372093026,395,4.8040228675645347,0.40000000000000002,1,22.889146324083082,0.11846689895470383
DOT,12,2024-05,180,0.40000000000000002,0.6685393258426966,0.13333333333333333,435,11.003263475529101,0.33750000000000002,0,43.248674633704837,0.55549609422461199
DOT,12,2024-06,160,0.33750000000000002,0.60897435897435892,0.17499999999999999,455,16.378542658730161,0.32673267326732675,0,39.652184136177105,0.35869565217391303
DOT,12,2024-07,202,0.32673267326732675,0.6436170212765957,0.38118811881188119,445,12.421103431630684,0.29281767955801102,0,38.945944935519599,0.35869565217391303
DOT,12,2024-08,181,0.29281767955801102,0.68390804597701149,0.2983425414364641,457,8.8871751725838255,0.32692307692307693,0,35.305397457053346,0.3271604938271605
DOT,12,2024-09,156,0.32692307692307693,0.58064516129032262,0.21794871794871795,443,10.348756808278866,0.25,0,37.315136892420369,0.3271604938271605
DOT,12,2024-10,112,0.25,0.63809523809523805,0.11607142857142858,445,10.78253367003367,0.18181818181818182,0,31.063743204526293,0.23474178403755869
DOT,12,2024-11,121,0.18181818181818182,0.58974358974358976,0.12396694214876033,447,12.241257586367881,0.20218579234972678,0,25.775707256876188,0.11846689895470383
DOT,12,2024-12,183,0.20218579234972678,0.66850828729281764,0.092896174863387984,450,3.9561066100823048,0.13138686131386862,0,25.701473665527242,0.11846689895470383
DOT,12,2025-01,137,0.13138686131386862,0.62222222222222223,0.22627737226277372,444,11.867667702667703,0.11894273127753303,0,22.294309594267457,0.11846689895470383
DOT,12,2025-02,227,0.11894273127753303,0.67579908675799083,0.24229074889867841,454,7.3013137374125279,0.13114754098360656,0,20.664949110517025,0.11846689895470383
DOT,12,2025-03,244,0.13114754098360656,0.71040723981900455,0.24590163934426229,448,15.755257453703704,0.13592233009708737,0,23.782900392614565,0.11846689895470383
DOT,12,2025-04,206,0.13592233009708737,0.67326732673267331,0.18446601941747573,448,5.9047889697950371,0.15306122448979592,0,21.325107740377572,0.11846689895470383
DOT,12,2025-05,196,0.15306122448979592,0.59067357512953367,0.16326530612244897,453,7.7787129750824118,0.088709677419354843,0,22.676786153791834,0.11846689895470383
DOT,12,2025-06,248,0.088709677419354843,0.64609053497942381,0.2661290322580645,464,5.915668512658228,0.24528301886792453,0,17.992986243808335,0.078378378378378383
DOT,12,2025-07,159,0.24528301886792453,0.64968152866242035,0.15094339622641509,462,11.567017914653784,0.19108280254777071,0,31.286051653870999,0.23474178403755869
DOT,12,2025-08,157,0.19108280254777071,0.61538461538461542,0.24840764331210191,453,45.214069820950463,0.12977099236641221,0,29.414618987124037,0.19
DOT,12,2025-09,131,0.12977099236641221,0.7421875,0.19847328244274809,445,9.6427106648014913,0.15789473684210525,0,22.106359999507532,0.11846689895470383
DOT,12,2025-10,95,0.15789473684210525,0.57446808510638303,0.084210526315789472,440,26.326452199074073,0.28865979381443296,0,25.595996072073408,0.11846689895470383
DOT,12,2025-11,97,0.28865979381443296,0.70329670329670335,0.13402061855670103,436,8.3043921892189214,0.27611940298507465,0,33.886309839265955,0.25
DOT,13,2022-01,61,0.27868852459016391,0.081967213114754092,0.081967213114754092,16,2.2074154202279206,0.47368421052631576,1,23.810473248863683,0.11846689895470383
DOT,13,2022-02,57,0.47368421052631576,0.11538461538461539,0.10526315789473684,37,3.7080536265432098,0.34666666666666668,1,40.27411505485459,0.35869565217391303
DOT,13,2022-03,75,0.34666666666666668,0.30555555555555558,0.040000000000000001,43,5.1929240948037583,0.36764705882352944,1,31.154740396499324,0.23474178403755869
DOT,13,2022-04,68,0.36764705882352944,0.30508474576271188,0.014705882352941176,54,6.3171500000000007,0.30232558139534882,0,33.088962635277419,0.23474178403755869
DOT,13,2022-05,86,0.30232558139534882,0.34883720930232559,0.058139534883720929,50,12.591629434404284,0.23076923076923078,0,29.75163575819311,0.19
DOT,13,2022-06,91,0.23076923076923078,0.35555555555555557,0.065934065934065936,57,4.8322481540084388,0.32653061224489793,0,22.325330849601102,0.11846689895470383
DOT,13,2022-07,49,0.32653061224489793,0.59183673469387754,0.14285714285714285,61,16.688821694958847,0.359375,1,34.419561887289753,0.3271604938271605
DOT,13,2022-08,64,0.359375,0.4375,0.1875,78,8.6676000330687835,0.32258064516129031,0,34.768035803103189,0.3271604938271605
DOT,13,2022-09,62,0.32258064516129031,0.5,0.17741935483870969,86,6.0356944444444451,0.4375,1,31.5444606807554,0.23474178403755869
DOT,13,2022-10,64,0.4375,0.47540983606557374,0.15625,97,10.758930668473351,0.23214285714285715,0,41.751278188644498,0.45238095238095238
DOT,13,2022-11,56,0.23214285714285715,0.36363636363636365,0.017857142857142856,97,15.252584512578617,0.29310344827586204,0,25.142529943652885,0.11846689895470383
DOT,13,2022-12,58,0.29310344827586204,0.52727272727272723,0.034482758620689655,107,16.640378673510469,0.14634146341463414,0,31.357477310977423,0.23474178403755869
DOT,13,2023-01,123,0.14634146341463414,0.61016949152542377,0.008130081300813009,111,3.7803459980413106,0.1044776119402985,0,16.877804410277363,0.078378378378378383
DOT,13,2023-02,67,0.1044776119402985,0.49230769230769234,0.029850746268656716,98,31.334642687559352,0.21052631578947367,0,17.009456553766228,0.078378378378378383
DOT,13,2023-03,95,0.21052631578947367,0.5,0.052631578947368418,111,19.669614791073126,0.28000000000000003,0,25.46989010904236,0.11846689895470383
DOT,13,2023-04,75,0.28000000000000003,0.50684931506849318,0.066666666666666666,109,37.275566049382718,0.35802469135802467,1,31.424773580895192,0.23474178403755869
DOT,13,2023-05,81,0.35802469135802467,0.5641025641025641,0.12345679012345678,122,16.871121648700939,0.2537313432835821,0,37.394399603648317,0.3271604938271605
DOT,13,2023-06,67,0.2537313432835821,0.48484848484848486,0.11940298507462686,122,6.9694276879491435,0.34246575342465752,0,26.27531705386372,0.1702127659574468
DOT,13,2023-07,73,0.34246575342465752,0.52777777777777779,0.1095890410958904,140,23.414027567340067,0.43023255813953487,1,37.070365218358475,0.3271604938271605
DOT,13,2023-08,86,0.43023255813953487,0.61904761904761907,0.11627906976744186,150,26.968225663986356,0.51282051282051277,1,44.687648048121723,0.57692307692307687
DOT,13,2023-09,39,0.51282051282051277,0.54054054054054057,0.076923076923076927,142,34.369377264492755,0.5,1,50.620422738659379,0.65714285714285714
DOT,13,2023-10,54,0.5,0.53703703703703709,0.055555555555555552,153,14.122876561154179,0.14893617021276595,0,47.951867987999428,0.625
DOT,13,2023-11,47,0.14893617021276595,0.65957446808510634,0.063829787234042548,143,14.145267828135154,0.20000000000000001,0,20.420072988687259,0.11846689895470383
DOT,13,2023-12,50,0.20000000000000001,0.61224489795918369,0.040000000000000001,143,32.511872685185182,0.23529411764705882,0,25.779367804068876,0.11846689895470383
DOT,13,2024-01,85,0.23529411764705882,0.58024691358024694,0.070588235294117646,154,13.819766798048049,0.39759036144578314,1,27.005066950708962,0.17582417582417584
DOT,13,2024-02,83,0.39759036144578314,0.70731707317073167,0.10843373493975904,180,6.7993729694606886,0.29850746268656714,0,39.416699872516567,0.35869565217391303
DOT,13,2024-03,67,0.29850746268656714,0.734375,0.089552238805970144,175,24.702228973765429,0.30303030303030304,0,34.858062352235976,0.3271604938271605
DOT,13,2024-04,66,0.30303030303030304,0.66666666666666663,0.090909090909090912,174,12.658226402708678,0.21495327102803738,0,32.893227211261319,0.23474178403755869
DOT,13,2024-05,107,0.21495327102803738,0.70192307692307687,0.018691588785046728,183,4.6406077569916855,0.34375,0,23.847601508065893,0.11846689895470383
DOT,13,2024-06,64,0.34375,0.671875,0.109375,175,18.66934252829218,0.14754098360655737,0,37.711942250890921,0.35869565217391303
DOT,13,2024-07,61,0.14754098360655737,0.59999999999999998,0.032786885245901641,167,16.146907476506357,0.2857142857142857,0,20.587040798375146,0.11846689895470383
DOT,13,2024-08,49,0.2857142857142857,0.44897959183673469,0.14285714285714285,167,18.810868764172334,0.22222222222222221,0,32.070826482192139,0.23474178403755869
DOT,13,2024-09,63,0.22222222222222221,0.65079365079365081,0.17460317460317459,171,15.570196360153258,0.26470588235294118,0,27.429644565525479,0.17582417582417584
DOT,13,2024-10,68,0.26470588235294118,0.75384615384615383,0.10294117647058823,173,21.722952090347924,0.352112676056338,1,32.297013150560012,0.23474178403755869
DOT,13,2024-11,71,0.352112676056338,0.647887323943662,0.056338028169014086,176,10.900618361928105,0.085714285714285715,0,36.155530044237814,0.3271604938271605
DOT,13,2024-12,105,0.085714285714285715,0.59999999999999998,0.047619047619047616,164,16.084120766065212,0.16666666666666666,0,15.668273826755918,0.078378378378378383
DOT,13,2025-01,66,0.16666666666666666,0.71212121212121215,0.045454545454545456,178,13.201575632122509,0.07575757575757576,0,22.156078888003979,0.11846689895470383
DOT,13,2025-02,66,0.07575757575757576,0.65000000000000002,0.060606060606060608,175,10.448655394524959,0.10869565217391304,0,13.960787979637294,0.078378378378378383
DOT,13,2025-03,46,0.10869565217391304,0.57777777777777772,0.021739130434782608,173,7.5782945119598759,0.083333333333333329,0,15.335278086721647,0.078378378378378383
DOT,13,2025-04,60,0.083333333333333329,0.67796610169491522,0.11666666666666667,173,6.8234303626543209,0.14492753623188406,0,14.102036593177026,0.078378378378378383
DOT,13,2025-05,69,0.14492753623188406,0.56923076923076921,0.057971014492753624,164,22.65394126899335,0.076923076923076927,0,21.471298232181262,0.11846689895470383
DOT,13,2025-06,39,0.076923076923076927,0.58974358974358976,0.20512820512820512,156,20.236773049645389,0.21428571428571427,0,16.605705736659651,0.078378378378378383
DOT,13,2025-07,56,0.21428571428571427,0.6607142857142857,0.14285714285714285,175,4.6178003003003001,0.15789473684210525,0,24.118630349403215,0.11846689895470383
DOT,13,2025-08,57,0.15789473684210525,0.6428571428571429,0.21052631578947367,173,7.4692912350910232,0.2608695652173913,0,20.514570881659452,0.11846689895470383
DOT,13,2025-09,69,0.2608695652173913,0.6470588235294118,0.15942028985507245,172,27.685440318035425,0.32857142857142857,0,31.727955827960386,0.23474178403755869
DOT,13,2025-10,70,0.32857142857142857,0.80000000000000004,0.085714285714285715,191,8.443002083333333,0.21276595744680851,0,34.753386380056973,0.3271604938271605
DOT,13,2025-11,47,0.21276595744680851,0.60465116279069764,0.1702127659574468,183,14.20264457070707,0.27419354838709675,0,26.222047395479404,0.16666666666666666
DOT,14,2022-01,84,0.15476190476190477,0.024691358024691357,0.059523809523809521,13,2.2126425057870369,0.18627450980392157,0,13.467170241501515,0.027397260273972601
DOT,14,2022-02,102,0.18627450980392157,0.21276595744680851,0.029411764705882353,24,2.5297807355967077,0.26712328767123289,0,16.970314395892274,0.078378378378378383
DOT,14,2022-03,146,0.26712328767123289,0.39166666666666666,0.082191780821917804,42,2.5339609053497942,0.2937062937062937,0,24.788686010292857,0.11846689895470383
DOT,14,2022-04,143,0.2937062937062937,0.30578512396694213,0.04195804195804196,55,4.565181388888889,0.3888888888888889,1,26.906687788315949,0.17582417582417584
DOT,14,2022-05,126,0.3888888888888889,0.28099173553719009,0.095238095238095233,65,6.6482618336794737,0.19130434782608696,0,35.266167357509097,0.3271604938271605
DOT,14,2022-06,115,0.19130434782608696,0.3669724770642202,0.069565217391304349,58,5.8519788773148154,0.32727272727272727,0,19.496957732829479,0.078378378378378383
DOT,14,2022-07,110,0.32727272727272727,0.41346153846153844,0.090909090909090912,74,5.6849709332912459,0.17000000000000001,0,30.843626989869499,0.23474178403755869
DOT,14,2022-08,100,0.17000000000000001,0.4329896907216495,0.040000000000000001,75,5.5606337130669994,0.2391304347826087,0,18.085926018478787,0.078378378378378383
DOT,14,2022-09,92,0.2391304347826087,0.52222222222222225,0.15217391304347827,77,8.8172639715608465,0.26436781609195403,0,25.420516355324398,0.11846689895470383
DOT,14,2022-10,87,0.26436781609195403,0.41666666666666669,0.10344827586206896,86,4.9538637345679009,0.17910447761194029,0,25.843170954444204,0.11846689895470383
DOT,14,2022-11,134,0.17910447761194029,0.5,0.052238805970149252,99,3.8413124035493826,0.086538461538461536,0,19.055674586900196,0.078378378378378383
DOT,14,2022-12,104,0.086538461538461536,0.58163265306122447,0.019230769230769232,95,5.6800083654198747,0.17391304347826086,0,12.289143629664332,0.027397260273972601
DOT,14,2023-01,115,0.17391304347826086,0.5714285714285714,0.034782608695652174,106,4.8728133021635491,0.07874015748031496,0,19.230288681160143,0.078378378378378383
DOT,14,2023-02,127,0.07874015748031496,0.57499999999999996,0.070866141732283464,105,9.5239927685950416,0.22297297297297297,0,12.912292019212201,0.027397260273972601
DOT,14,2023-03,148,0.22297297297297297,0.58620689655172409,0.12162162162162163,129,4.2846016184251479,0.12643678160919541,0,23.767184704045587,0.11846689895470383
DOT,14,2023-04,87,0.12643678160919541,0.63529411764705879,0.057471264367816091,125,40.265656130268198,0.34579439252336447,0,19.905846785544185,0.11846689895470383
DOT,14,2023-05,107,0.34579439252336447,0.58947368421052626,0.18691588785046728,152,3.1533679108796298,0.26724137931034481,0,33.91032519295053,0.29135308050191233
DOT,14,2023-06,116,0.26724137931034481,0.6785714285714286,0.11206896551724138,163,8.2994834656084659,0.25,0,29.040194124817894,0.19
DOT,14,2023-07,124,0.25,0.68644067796610164,0.11290322580645161,179,6.0275757673182442,0.47272727272727272,1,27.332970319330826,0.17582417582417584
DOT,14,2023-08,110,0.47272727272727272,0.53703703703703709,0.16363636363636364,205,17.77558765983245,0.48214285714285715,1,47.732750255092455,0.625
DOT,14,2023-09,112,0.48214285714285715,0.5446428571428571,0.14285714285714285,216,11.863645489548954,0.34210526315789475,0,47.128368114465061,0.57692307692307687
DOT,14,2023-10,114,0.34210526315789475,0.58715596330275233,0.08771929824561403,231,11.674477062289562,0.25409836065573771,0,35.976428764015971,0.3271604938271605
DOT,14,2023-11,122,0.25409836065573771,0.55737704918032782,0.032786885245901641,253,6.646443634259259,0.449438202247191,1,27.547942042565836,0.17582417582417584
DOT,14,2023-12,89,0.449438202247191,0.6705882352941176,0.033707865168539325,266,13.807935093810915,0.33783783783783783,0,45.589991885400423,0.57692307692307687
DOT,14,2024-01,74,0.33783783783783783,0.54794520547945202,0.067567567567567571,270,12.574914021164021,0.19266055045871561,0,35.966765508998684,0.3271604938271605
DOT,14,2024-02,109,0.19266055045871561,0.55045871559633031,0.12844036697247707,278,8.6306888292995971,0.31147540983606559,0,23.814756190327618,0.11846689895470383
DOT,14,2024-03,122,0.31147540983606559,0.68852459016393441,0.1721311475409836,298,26.54488811728395,0.16842105263157894,0,37.38487733665572,0.3271604938271605
DOT,14,2024-04,95,0.16842105263157894,0.75555555555555554,0.063157894736842107,294,15.876348970143614,0.25242718446601942,0,24.470812374912871,0.11846689895470383
DOT,14,2024-05,103,0.25242718446601942,0.61386138613861385,0.14563106796116504,306,6.6061177248677252,0.31730769230769229,0,28.813924667514865,0.19
DOT,14,2024-06,104,0.31730769230769229,0.5490196078431373,0.11538461538461539,301,53.17320601851852,0.25984251968503935,0,36.902043936014174,0.3271604938271605
DOT,14,2024-07,127,0.25984251968503935,0.66666666666666663,0.20472440944881889,295,26.784731098579783,0.38834951456310679,1,33.276089027816674,0.23474178403755869
DOT,14,2024-08,103,0.38834951456310679,0.60999999999999999,0.14563106796116504,293,19.999042217813049,0.32846715328467152,0,42.721260149974356,0.46666666666666667
DOT,14,2024-09,137,0.32846715328467152,0.58208955223880599,0.18248175182481752,289,15.045287463882323,0.18390804597701149,0,36.752683652013189,0.3271604938271605
DOT,14,2024-10,87,0.18390804597701149,0.60465116279069764,0.10344827586206896,296,8.9885632233796304,0.15730337078651685,0,23.536904885739006,0.11846689895470383
DOT,14,2024-11,89,0.15730337078651685,0.6179775280898876,0.0449438202247191,286,15.364169238683127,0.14285714285714285,0,22.595484651622204,0.11846689895470383
DOT,14,2024-12,105,0.14285714285714285,0.60784313725490191,0.0095238095238095247,295,12.157293128654972,0.14606741573033707,0,20.543512108612219,0.11846689895470383
DOT,14,2025-01,89,0.14606741573033707,0.54545454545454541,0.1348314606741573,296,17.458806818181817,0.038095238095238099,0,22.388648974418118,0.11846689895470383
DOT,14,2025-02,105,0.038095238095238099,0.66666666666666663,0.13333333333333333,293,12.86254265260631,0.27731092436974791,0,13.222552065400993,0.027397260273972601
DOT,14,2025-03,119,0.27731092436974791,0.68067226890756305,0.13445378151260504,301,17.638536036036037,0.14018691588785046,0,33.658201490136946,0.23474178403755869
DOT,14,2025-04,107,0.14018691588785046,0.64423076923076927,0.14018691588785046,311,7.715744201030927,0.14444444444444443,0,20.276802046751467,0.11846689895470383
DOT,14,2025-05,90,0.14444444444444443,0.62068965517241381,0.20000000000000001,297,24.482797587250712,0.15686274509803921,0,23.811991511014419,0.11846689895470383
DOT,14,2025-06,153,0.15686274509803921,0.75177304964539005,0.15032679738562091,314,9.6542706631263613,0.34259259259259262,0,22.692981225492083,0.11846689895470383
DOT,14,2025-07,108,0.34259259259259262,0.78000000000000003,0.16666666666666666,295,38.240152376786241,0.1619718309859155,0,40.272452523247367,0.35869565217391303
DOT,14,2025-08,142,0.1619718309859155,0.69784172661870503,0.14788732394366197,308,10.115055986218778,0.17000000000000001,0,22.865941433935255,0.11846689895470383
DOT,14,2025-09,100,0.17000000000000001,0.65000000000000002,0.16,296,5.9742047991071425,0.20000000000000001,0,22.21559466322152,0.11846689895470383
DOT,14,2025-10,85,0.20000000000000001,0.55294117647058827,0.12941176470588237,310,15.784632400886801,0.25352112676056338,0,26.463323400319492,0.1702127659574468
DOT,14,2025-11,71,0.25352112676056338,0.57746478873239437,0.11267605633802817,296,39.949394199346408,0.1834862385321101,0,31.874736620860926,0.23474178403755869
DOT,15,2022-01,113,0.13274336283185842,0.12149532710280374,0.079646017699115043,19,1.7730746779388085,0.20202020202020202,0,12.249290514013412,0.027397260273972601
DOT,15,2022-02,198,0.20202020202020202,0.21176470588235294,0.030303030303030304,54,2.5351528352887049,0.22613065326633167,0,18.549168041447533,0.078378378378378383
DOT,15,2022-03,199,0.22613065326633167,0.3439153439153439,0.080402010050251257,64,4.8184339080459768,0.45086705202312138,1,22.039404115210189,0.11846689895470383
DOT,15,2022-04,173,0.45086705202312138,0.30573248407643311,0.057803468208092484,85,6.5710540175242356,0.30392156862745096,0,40.354854567080388,0.35869565217391303
DOT,15,2022-05,204,0.30392156862745096,0.24598930481283424,0.10294117647058823,94,6.8570793547453706,0.1871345029239766,0,28.689910625850377,0.19
DOT,15,2022-06,171,0.1871345029239766,0.36477987421383645,0.10526315789473684,86,6.2394847844920944,0.32500000000000001,0,19.72046448520749,0.11846689895470383
DOT,15,2022-07,160,0.32500000000000001,0.34693877551020408,0.13125000000000001,115,4.2382595715755436,0.35251798561151076,1,30.621465713220427,0.23474178403755869
DOT,15,2022-08,139,0.35251798561151076,0.40909090909090912,0.23741007194244604,137,6.3600115740740737,0.27672955974842767,0,34.403524823003259,0.3271604938271605
DOT,15,2022-09,159,0.27672955974842767,0.47407407407407409,0.12578616352201258,148,8.4285059523809522,0.43859649122807015,1,28.716850591418858,0.19
DOT,15,2022-10,114,0.43859649122807015,0.45794392523364486,0.15789473684210525,174,8.5780610602981042,0.21374045801526717,0,42.057705594613623,0.45238095238095238
DOT,15,2022-11,131,0.21374045801526717,0.52066115702479343,0.045801526717557252,170,9.987754366582493,0.12941176470588237,0,24.115781928882171,0.11846689895470383
DOT,15,2022-12,170,0.12941176470588237,0.45283018867924529,0.035294117647058823,181,12.019937865497075,0.21476510067114093,0,17.5787561074617,0.078378378378378383
DOT,15,2023-01,149,0.21476510067114093,0.3888888888888889,0.020134228187919462,188,4.3676458000266454,0.14525139664804471,0,22.262634817369666,0.11846689895470383
DOT,15,2023-02,179,0.14525139664804471,0.53614457831325302,0.044692737430167599,208,7.1790076164874552,0.19565217391304349,0,18.442752860520795,0.078378378378378383
DOT,15,2023-03,230,0.19565217391304349,0.48401826484018262,0.086956521739130432,230,5.9456876026272578,0.25833333333333336,0,22.365199738008386,0.11846689895470383
DOT,15,2023-04,120,0.25833333333333336,0.55932203389830504,0.10833333333333334,235,18.36859930784745,0.34710743801652894,1,30.875944245021266,0.23474178403755869
DOT,15,2023-05,121,0.34710743801652894,0.66386554621848737,0.2231404958677686,253,11.9693984852571,0.39622641509433965,1,37.741077053727473,0.35869565217391303
DOT,15,2023-06,159,0.39622641509433965,0.53205128205128205,0.12578616352201258,267,14.035341794380587,0.41791044776119401,1,41.165569379150476,0.45238095238095238
DOT,15,2023-07,134,0.41791044776119401,0.47328244274809161,0.16417910447761194,293,21.111445473251027,0.45299145299145299,1,44.730607324591013,0.57692307692307687
DOT,15,2023-08,117,0.45299145299145299,0.57894736842105265,0.11965811965811966,301,25.133600174142032,0.48936170212765956,1,47.927722574954096,0.625
DOT,15,2023-09,94,0.48936170212765956,0.41489361702127658,0.13829787234042554,301,17.928083628841609,0.48299319727891155,1,49.381530985047483,0.65714285714285714
DOT,15,2023-10,147,0.48299319727891155,0.57241379310344831,0.14965986394557823,336,13.606957878637568,0.29245283018867924,0,49.058497692182662,0.65714285714285714
DOT,15,2023-11,106,0.29245283018867924,0.63809523809523805,0.075471698113207544,333,14.494155517329256,0.19148936170212766,0,33.952299241790953,0.3271604938271605
DOT,15,2023-12,141,0.19148936170212766,0.51428571428571423,0.063829787234042548,326,22.505353322072072,0.27868852459016391,0,26.670549808638885,0.1702127659574468
DOT,15,2024-01,122,0.27868852459016391,0.45081967213114754,0.11475409836065574,349,16.883894968200526,0.25961538461538464,0,32.850405968671716,0.23474178403755869
DOT,15,2024-02,104,0.25961538461538464,0.46601941747572817,0.15384615384615385,362,5.1582056369556373,0.30219780219780218,0,28.940357676479636,0.19
DOT,15,2024-03,182,0.30219780219780218,0.57396449704142016,0.18131868131868131,395,7.7697990461098678,0.30534351145038169,0,33.996567943404777,0.3271604938271605
DOT,15,2024-04,131,0.30534351145038169,0.66400000000000003,0.17557251908396945,415,13.396117784451118,0.29104477611940299,0,36.22246573919093,0.3271604938271605
DOT,15,2024-05,134,0.29104477611940299,0.5419847328244275,0.089552238805970144,417,13.347984094416386,0.3671875,1,34.048149239427552,0.3271604938271605
DOT,15,2024-06,128,0.3671875,0.68253968253968256,0.1328125,435,10.019805660774411,0.22764227642276422,0,40.456768551891663,0.43667228700828747
DOT,15,2024-07,123,0.22764227642276422,0.56779661016949157,0.22764227642276422,414,22.355234053497941,0.31730769230769229,0,31.583587622361009,0.23474178403755869
DOT,15,2024-08,104,0.31730769230769229,0.59999999999999998,0.17307692307692307,433,5.744382761437909,0.29447852760736198,0,35.215162191831432,0.3271604938271605
DOT,15,2024-09,163,0.29447852760736198,0.51572327044025157,0.17177914110429449,430,12.660323028224006,0.17000000000000001,0,34.576849665911475,0.3271604938271605
DOT,15,2024-10,100,0.17000000000000001,0.5252525252525253,0.23999999999999999,423,13.798129651263414,0.16304347826086957,0,25.204124086234238,0.11846689895470383
DOT,15,2024-11,92,0.16304347826086957,0.53333333333333333,0.19565217391304349,419,20.138839699074072,0.17699115044247787,0,25.934488628090207,0.13513513513513514
DOT,15,2024-12,113,0.17699115044247787,0.61061946902654862,0.13274336283185842,426,16.128949488993712,0.1650485436893204,0,26.241127707597688,0.1702127659574468
DOT,15,2025-01,103,0.1650485436893204,0.49514563106796117,0.077669902912621352,422,11.782494699723086,0.10273972602739725,0,23.354967174664338,0.11846689895470383
DOT,15,2025-02,146,0.10273972602739725,0.56737588652482274,0.15068493150684931,436,7.8332169788159369,0.14388489208633093,0,18.30420417733885,0.078378378378378383
DOT,15,2025-03,139,0.14388489208633093,0.61940298507462688,0.14388489208633093,440,12.467442043895748,0.16030534351145037,0,22.968519218842133,0.11846689895470383
DOT,15,2025-04,131,0.16030534351145037,0.5859375,0.15267175572519084,442,5.3488818008900374,0.15172413793103448,0,22.483980489705445,0.11846689895470383
DOT,15,2025-05,145,0.15172413793103448,0.57446808510638303,0.20000000000000001,447,6.6987164351851858,0.14880952380952381,0,22.351462710191342,0.11846689895470383
DOT,15,2025-06,168,0.14880952380952381,0.60759493670886078,0.25,446,14.418134998904229,0.22463768115942029,0,24.362482365180412,0.11846689895470383
DOT,15,2025-07,138,0.22463768115942029,0.58394160583941601,0.20289855072463769,449,15.101829903978052,0.21153846153846154,0,30.269680157511843,0.19
DOT,15,2025-08,156,0.21153846153846154,0.61688311688311692,0.20512820512820512,461,12.065504597479425,0.15894039735099338,0,28.801579855300012,0.19
DOT,15,2025-09,151,0.15894039735099338,0.55333333333333334,0.11258278145695365,455,17.116997937440644,0.22857142857142856,0,24.953096411127607,0.11846689895470383
DOT,15,2025-10,140,0.22857142857142856,0.58273381294964033,0.11428571428571428,454,19.766557082348307,0.33098591549295775,0,31.299728005438677,0.23474178403755869
DOT,15,2025-11,142,0.33098591549295775,0.61428571428571432,0.14084507042253522,454,13.072836707746479,0.25438596491228072,0,38.188632040052312,0.35869565217391303
DOT,16,2022-01,97,0.13402061855670103,0.051546391752577317,0.020618556701030927,14,1.1529783950617285,0.2558139534883721,0,11.505766595516448,0.017391304347826087
DOT,16,2022-02,86,0.2558139534883721,0.22727272727272727,0.023255813953488372,25,2.522892901234568,0.28205128205128205,0,22.584183423004792,0.11846689895470383
DOT,16,2022-03,78,0.28205128205128205,0.33333333333333331,0.10256410256410256,36,4.8643301282051281,0.31147540983606559,0,26.284639266082859,0.1702127659574468
DOT,16,2022-04,61,0.31147540983606559,0.15789473684210525,0.049180327868852458,26,8.5396605489418,0.3888888888888889,1,28.263944385007271,0.19
DOT,16,2022-05,72,0.3888888888888889,0.25454545454545452,0.041666666666666664,34,7.8575289351851847,0.35384615384615387,1,34.825097688776047,0.3271604938271605
DOT,16,2022-06,65,0.35384615384615387,0.32258064516129031,0.20000000000000001,45,4.4731325676638178,0.3235294117647059,0,32.463974854673914,0.23474178403755869
DOT,16,2022-07,68,0.3235294117647059,0.36065573770491804,0.13235294117647059,53,11.090358603395062,0.30909090909090908,0,31.552269401024645,0.23474178403755869
DOT,16,2022-08,55,0.30909090909090908,0.34615384615384615,0.16363636363636364,50,12.287138583158631,0.22641509433962265,0,30.734390113156472,0.23474178403755869
DOT,16,2022-09,53,0.22641509433962265,0.34042553191489361,0.094339622641509441,54,10.958497211700335,0.27536231884057971,0,23.471123735765584,0.11846689895470383
DOT,16,2022-10,69,0.27536231884057971,0.52727272727272723,0.13043478260869565,69,7.1230938390313394,0.078431372549019607,0,27.747049689227865,0.18181818181818182
DOT,16,2022-11,51,0.078431372549019607,0.43181818181818182,0.039215686274509803,63,4.8357853535353543,0.11940298507462686,0,10.450591040659255,0.017391304347826087
DOT,16,2022-12,67,0.11940298507462686,0.46268656716417911,0.014925373134328358,65,11.158597934472935,0.13725490196078433,0,15.288853283382204,0.078378378378378383
DOT,16,2023-01,51,0.13725490196078433,0.52941176470588236,0.078431372549019607,66,23.644963553979512,0.051948051948051951,0,19.720356879274931,0.11846689895470383
DOT,16,2023-02,77,0.051948051948051951,0.51948051948051943,0.03896103896103896,71,1.3944135170006071,0.28155339805825241,0,8.0339820455300348,0
DOT,16,2023-03,103,0.28155339805825241,0.60606060606060608,0.0097087378640776691,94,3.2224141714766716,0.31818181818181818,0,27.368683833974451,0.17582417582417584
DOT,16,2023-04,44,0.31818181818181818,0.52272727272727271,0.13636363636363635,96,44.189043803418805,0.27083333333333331,0,34.769186345543069,0.3271604938271605
DOT,16,2023-05,48,0.27083333333333331,0.45833333333333331,0.1875,99,28.764257881393299,0.24489795918367346,0,30.946880608638054,0.23474178403755869
DOT,16,2023-06,49,0.24489795918367346,0.42857142857142855,0.081632653061224483,102,9.5832361111111108,0.23684210526315788,0,25.508838779196719,0.11846689895470383
DOT,16,2023-07,38,0.23684210526315788,0.55263157894736847,0.10526315789473684,110,28.321985725308643,0.64000000000000001,1,28.4046635814734,0.19
DOT,16,2023-08,75,0.64000000000000001,0.52000000000000002,0.13333333333333333,135,8.4327511574074077,0.65517241379310343,1,57.908781632096705,0.92105263157894735
DOT,16,2023-09,29,0.65517241379310343,0.31034482758620691,0.034482758620689655,129,27.509083002645504,0.29999999999999999,0,60.507356608908943,0.92105263157894735
DOT,16,2023-10,30,0.29999999999999999,0.46666666666666667,0.033333333333333333,125,23.694227260348583,0.25641025641025639,0,32.827038418009415,0.23474178403755869
DOT,16,2023-11,39,0.25641025641025639,0.51282051282051277,0.05128205128205128,128,27.853974086934155,0.28813559322033899,0,29.692229565308761,0.19
DOT,16,2023-12,59,0.28813559322033899,0.51724137931034486,0.10169491525423729,135,8.2433046207264944,0.27659574468085107,0,29.54258048950415,0.19
DOT,16,2024-01,47,0.27659574468085107,0.41304347826086957,0.063829787234042548,137,23.455717849794237,0.21428571428571427,0,30.96646011604005,0.23474178403755869
DOT,16,2024-02,56,0.21428571428571427,0.56000000000000005,0.089285714285714288,147,7.516278935185186,0.25,0,23.740525533795012,0.11846689895470383
DOT,16,2024-03,56,0.25,0.61818181818181817,0.017857142857142856,146,29.213985821759259,0.20689655172413793,0,29.730173007054095,0.19
DOT,16,2024-04,58,0.20689655172413793,0.6071428571428571,0.068965517241379309,144,10.228580825617284,0.19318181818181818,0,23.897869799755302,0.11846689895470383
DOT,16,2024-05,88,0.19318181818181818,0.59210526315789469,0.11363636363636363,148,18.936551752645499,0.53333333333333333,1,25.066016800369617,0.11846689895470383
DOT,16,2024-06,30,0.53333333333333333,0.46666666666666667,0.29999999999999999,149,13.895100973818646,0.26865671641791045,0,51.392185012306967,0.65714285714285714
DOT,16,2024-07,67,0.26865671641791045,0.55384615384615388,0.16417910447761194,161,11.695736952861951,0.2413793103448276,0,29.578281110266673,0.19
DOT,16,2024-08,58,0.2413793103448276,0.50877192982456143,0.29310344827586204,161,13.136480284163474,0.19318181818181818,0,28.158614265673307,0.19
DOT,16,2024-09,88,0.19318181818181818,0.67816091954022983,0.17045454545454544,168,16.33697002171925,0.18181818181818182,0,25.373349450865017,0.11846689895470383
DOT,16,2024-10,44,0.18181818181818182,0.52380952380952384,0.022727272727272728,164,12.326478346836419,0.21276595744680851,0,21.955886544161235,0.11846689895470383
DOT,16,2024-11,47,0.21276595744680851,0.66666666666666663,0.063829787234042548,162,16.837676209372638,0.23214285714285715,0,26.405073371493803,0.1702127659574468
DOT,16,2024-12,56,0.23214285714285715,0.7321428571428571,0.035714285714285712,157,10.997876929012344,0.14814814814814814,0,26.697600980163799,0.1702127659574468
DOT,16,2025-01,54,0.14814814814814814,0.46296296296296297,0.037037037037037035,160,10.306830973129992,0.14516129032258066,0,18.505960380898294,0.078378378378378383
DOT,16,2025-02,62,0.14516129032258066,0.68333333333333335,0.048387096774193547,163,7.1356448132454489,0.23943661971830985,0,18.70192175986762,0.078378378378378383
DOT,16,2025-03,71,0.23943661971830985,0.6619718309859155,0.15492957746478872,173,6.3908424408014577,0.25423728813559321,0,26.598547385346052,0.1702127659574468
DOT,16,2025-04,59,0.25423728813559321,0.57627118644067798,0.11864406779661017,178,21.29209747942387,0.12195121951219512,0,30.7032470070919,0.23474178403755869
DOT,16,2025-05,41,0.12195121951219512,0.53658536585365857,0.17073170731707318,170,18.527684004157219,0.10144927536231885,0,19.511597760242829,0.078378378378378383
DOT,16,2025-06,69,0.10144927536231885,0.58823529411764708,0.15942028985507245,184,4.0811818181818182,0.17567567567567569,0,14.779852288389996,0.078378378378378383
DOT,16,2025-07,74,0.17567567567567569,0.647887323943662,0.1891891891891892,176,13.167544179087624,0.15254237288135594,0,23.244972483552321,0.11846689895470383
DOT,16,2025-08,59,0.15254237288135594,0.55932203389830504,0.13559322033898305,175,15.386445408950618,0.31481481481481483,0,21.201544487994173,0.11846689895470383
DOT,16,2025-09,54,0.31481481481481483,0.55555555555555558,0.20370370370370369,181,11.96730396412037,0.4375,1,33.754107801990109,0.23474178403755869
DOT,16,2025-10,64,0.4375,0.546875,0.046875,182,8.7964684376837159,0.25,0,41.996496865641774,0.45238095238095238
DOT,16,2025-11,40,0.25,0.58974358974358976,0.14999999999999999,178,24.044346064814814,0.375,1,30.588408860897772,0.19
DOT,17,2022-01,101,0.11881188118811881,0.10891089108910891,0.039603960396039604,11,1.5674899977137631,0.23076923076923078,0,10.737732831302109,0.017391304347826087
DOT,17,2022-02,104,0.23076923076923078,0.18390804597701149,0.028846153846153848,34,1.9444510372714485,0.23255813953488372,0,20.349466208697876,0.11846689895470383
DOT,17,2022-03,129,0.23255813953488372,0.25862068965517243,0.015503875968992248,38,4.4956347862089734,0.375,1,21.449716636513564,0.11846689895470383
DOT,17,2022-04,120,0.375,0.35576923076923078,0.09166666666666666,58,6.1782643613000756,0.36290322580645162,1,34.324801550657014,0.3271604938271605
DOT,17,2022-05,124,0.36290322580645162,0.24545454545454545,0.10483870967741936,63,6.2733914180384085,0.19428571428571428,0,32.947092615638795,0.23474178403755869
DOT,17,2022-06,175,0.19428571428571428,0.29113924050632911,0.080000000000000002,70,3.7483523119392683,0.27659574468085107,0,19.034670492680938,0.078378378378378383
DOT,17,2022-07,94,0.27659574468085107,0.39130434782608697,0.13829787234042554,82,7.0141744791666669,0.25954198473282442,0,27.317251573450207,0.17582417582417584
DOT,17,2022-08,131,0.25954198473282442,0.48717948717948717,0.18320610687022901,84,8.9421977673237745,0.37234042553191488,1,27.137461288080075,0.17582417582417584
DOT,17,2022-09,94,0.37234042553191488,0.46666666666666667,0.20212765957446807,98,10.187577754036088,0.24444444444444444,0,36.598691743386894,0.3271604938271605
DOT,17,2022-10,90,0.24444444444444444,0.42307692307692307,0.13333333333333333,110,5.8376831240487066,0.234375,0,24.896133123038837,0.11846689895470383
DOT,17,2022-11,64,0.234375,0.54098360655737709,0.09375,104,14.726404558404559,0.20481927710843373,0,26.536253868899831,0.1702127659574468
DOT,17,2022-12,83,0.20481927710843373,0.5679012345679012,0,108,10.647903163580247,0.11363636363636363,0,22.908385891893698,0.11846689895470383
DOT,17,2023-01,88,0.11363636363636363,0.42857142857142855,0.034090909090909088,112,3.3623904803240743,0.18110236220472442,0,13.394255951932285,0.027397260273972601
DOT,17,2023-02,127,0.18110236220472442,0.59836065573770492,0.062992125984251968,126,17.255043431426476,0.19090909090909092,0,23.243546624697004,0.11846689895470383
DOT,17,2023-03,110,0.19090909090909092,0.50467289719626163,0.054545454545454543,140,16.668587589605735,0.32075471698113206,0,23.526305818884396,0.11846689895470383
DOT,17,2023-04,53,0.32075471698113206,0.56603773584905659,0.20754716981132076,140,45.567791317260649,0.36923076923076925,1,36.01458461826283,0.3271604938271605
DOT,17,2023-05,65,0.36923076923076925,0.43548387096774194,0.20000000000000001,156,5.0212386621315197,0.30666666666666664,0,35.568189193369861,0.3271604938271605
DOT,17,2023-06,75,0.30666666666666664,0.52054794520547942,0.14666666666666667,162,12.068320585077831,0.23287671232876711,0,32.464398942450849,0.23474178403755869
DOT,17,2023-07,73,0.23287671232876711,0.50704225352112675,0.19178082191780821,175,16.755593749999999,0.55263157894736847,1,27.974019874192386,0.19
DOT,17,2023-08,76,0.55263157894736847,0.49333333333333335,0.21052631578947367,191,17.490303626543209,0.38297872340425532,1,53.924422862406239,0.80741322548067729
DOT,17,2023-09,94,0.38297872340425532,0.51111111111111107,0.18085106382978725,213,9.5313837448559653,0.47572815533980584,1,38.630059284832065,0.35869565217391303
DOT,17,2023-10,103,0.47572815533980584,0.5,0.18446601941747573,233,13.635951026327531,0.28749999999999998,0,47.202748777896204,0.57692307692307687
DOT,17,2023-11,80,0.28749999999999998,0.5,0.025000000000000001,235,11.904811550332385,0.28749999999999998,0,30.955978808478658,0.23474178403755869
DOT,17,2023-12,80,0.28749999999999998,0.47499999999999998,0.074999999999999997,242,19.95945078640284,0.23999999999999999,0,33.074325351739837,0.23474178403755869
DOT,17,2024-01,75,0.23999999999999999,0.53333333333333333,0.066666666666666666,244,19.790385432521564,0.18888888888888888,0,29.505286221127456,0.19
DOT,17,2024-02,90,0.18888888888888888,0.56818181818181823,0.066666666666666666,257,17.872712091149591,0.13114754098360656,0,25.271765769295786,0.11846689895470383
DOT,17,2024-03,122,0.13114754098360656,0.60330578512396693,0.065573770491803282,256,14.150357949412827,0.14117647058823529,0,19.925151992920707,0.11846689895470383
DOT,17,2024-04,85,0.14117647058823529,0.73417721518987344,0.094117647058823528,262,5.6003117385477585,0.32142857142857145,0,19.551172834067259,0.078378378378378383
DOT,17,2024-05,84,0.32142857142857145,0.5714285714285714,0.11904761904761904,277,14.387151771336553,0.34453781512605042,0,35.534927661649355,0.3271604938271605
DOT,17,2024-06,119,0.34453781512605042,0.44736842105263158,0.23529411764705882,292,9.9618634259259249,0.2988505747126437,0,36.449504960166614,0.3271604938271605
DOT,17,2024-07,87,0.2988505747126437,0.5662650602409639,0.22988505747126436,284,17.51761476608187,0.28431372549019607,0,35.077219219306954,0.3271604938271605
DOT,17,2024-08,102,0.28431372549019607,0.61702127659574468,0.19607843137254902,294,8.380080515297907,0.24468085106382978,0,31.928142470415356,0.23474178403755869
DOT,17,2024-09,94,0.24468085106382978,0.69565217391304346,0.074468085106382975,301,13.961088761174969,0.140625,0,29.946610527641106,0.19
DOT,17,2024-10,64,0.140625,0.515625,0.078125,293,10.365294656635804,0.19230769230769232,0,19.798682941957285,0.11846689895470383
DOT,17,2024-11,78,0.19230769230769232,0.47435897435897434,0.089743589743589744,294,8.382675565175564,0.15573770491803279,0,23.323303964564147,0.11846689895470383
DOT,17,2024-12,122,0.15573770491803279,0.55737704918032782,0.05737704918032787,294,7.6004666628718889,0.10101010101010101,0,20.464605410724086,0.11846689895470383
DOT,17,2025-01,99,0.10101010101010101,0.59183673469387754,0.030303030303030304,291,5.9834354575163404,0.20000000000000001,0,15.706227264915471,0.078378378378378383
DOT,17,2025-02,75,0.20000000000000001,0.71232876712328763,0.026666666666666668,297,12.757781132581856,0.17582417582417584,0,25.887371160216116,0.11846689895470383
DOT,17,2025-03,91,0.17582417582417584,0.6067415730337079,0.065934065934065936,304,9.918774388227515,0.22666666666666666,0,23.019625537912013,0.11846689895470383
DOT,17,2025-04,75,0.22666666666666666,0.67567567567567566,0.14666666666666667,303,6.871424829434698,0.13725490196078433,0,27.098701074197212,0.17582417582417584
DOT,17,2025-05,102,0.13725490196078433,0.73529411764705888,0.11764705882352941,310,15.594602704678362,0.10476190476190476,0,22.251394508650961,0.11846689895470383
DOT,17,2025-06,105,0.10476190476190476,0.52884615384615385,0.11428571428571428,315,4.0093995370370372,0.20952380952380953,0,15.895796903758812,0.078378378378378383
DOT,17,2025-07,105,0.20952380952380953,0.52475247524752477,0.24761904761904763,307,62.543831120943956,0.1553398058252427,0,28.882896785672767,0.19
DOT,17,2025-08,103,0.1553398058252427,0.61616161616161613,0.21359223300970873,295,29.022560587761674,0.328125,0,24.707708629171734,0.11846689895470383
DOT,17,2025-09,64,0.328125,0.609375,0.25,299,32.001633294753084,0.14473684210526316,0,38.721058677986719,0.35869565217391303
DOT,17,2025-10,76,0.14473684210526316,0.59210526315789469,0.10526315789473684,292,13.165860804328425,0.29411764705882354,0,21.302348029058727,0.11846689895470383
DOT,17,2025-11,68,0.29411764705882354,0.49230769230769234,0.10294117647058823,290,27.224786210317461,0.12941176470588237,0,34.584294588797029,0.3271604938271605
DOT,18,2022-01,156,0.11538461538461539,0.08387096774193549,0.01282051282051282,18,1.6658910242606948,0.23076923076923078,0,10.302187702818676,0.017391304347826087
DOT,18,2022-02,182,0.23076923076923078,0.21084337349397592,0.027472527472527472,51,2.9124472474174854,0.21311475409836064,0,20.888368776258982,0.11846689895470383
DOT,18,2022-03,244,0.21311475409836064,0.28110599078341014,0.045081967213114756,67,4.0930629486865717,0.4463276836158192,1,20.36651146914555,0.11846689895470383
DOT,18,2022-04,177,0.4463276836158192,0.26923076923076922,0.056497175141242938,88,7.3835001675194931,0.33023255813953489,0,40.028079854218191,0.35869565217391303
DOT,18,2022-05,215,0.33023255813953489,0.34299516908212563,0.097674418604651161,107,5.6888270212867509,0.20588235294117646,0,31.11314548770563,0.23474178403755869
DOT,18,2022-06,204,0.20588235294117646,0.26178010471204188,0.053921568627450983,97,4.7008747741644088,0.32203389830508472,0,20.198773998812044,0.11846689895470383
DOT,18,2022-07,177,0.32203389830508472,0.30434782608695654,0.10734463276836158,120,10.919035416666667,0.25827814569536423,0,31.696480746245385,0.23474178403755869
DOT,18,2022-08,151,0.25827814569536423,0.30069930069930068,0.2251655629139073,117,8.8081791765169424,0.22077922077922077,0,26.632142206024216,0.1702127659574468
DOT,18,2022-09,154,0.22077922077922077,0.44966442953020136,0.090909090909090912,131,6.942369504523608,0.29032258064516131,0,23.409857192019913,0.11846689895470383
DOT,18,2022-10,124,0.29032258064516131,0.34782608695652173,0.064516129032258063,153,4.2331363278171787,0.16216216216216217,0,27.920218540888357,0.19
DOT,18,2022-11,111,0.16216216216216217,0.49514563106796117,0.027027027027027029,141,10.842369378306879,0.13294797687861271,0,19.663835472002813,0.11846689895470383
DOT,18,2022-12,173,0.13294797687861271,0.46385542168674698,0.0057803468208092483,147,3.7621144118655696,0.13422818791946309,0,15.440831152747631,0.078378378378378383
DOT,18,2023-01,149,0.13422818791946309,0.39310344827586208,0.020134228187919462,157,3.5601618692968331,0.098654708520179366,0,15.319299898287955,0.078378378378378383
DOT,18,2023-02,223,0.098654708520179366,0.50230414746543783,0.026905829596412557,166,5.7973461896332612,0.19534883720930232,0,13.68184606815462,0.078378378378378383
DOT,18,2023-03,215,0.19534883720930232,0.38967136150234744,0.051162790697674418,192,5.1987173649058898,0.076923076923076927,0,21.108862566648405,0.11846689895470383
DOT,18,2023-04,377,0.076923076923076927,0.41228070175438597,0.034482758620689655,207,6.959002560521415,0.30044843049327352,0,12.243099322964285,0.027397260273972601
DOT,18,2023-05,223,0.30044843049327352,0.51190476190476186,0.15246636771300448,248,3.1788927045177044,0.32167832167832167,0,30.747753410554065,0.23474178403755869
DOT,18,2023-06,143,0.32167832167832167,0.5,0.15384615384615385,261,9.7962304131054143,0.29239766081871343,0,34.10811282276579,0.3271604938271605
DOT,18,2023-07,171,0.29239766081871343,0.5,0.15204678362573099,296,8.7075796568627446,0.50920245398773001,1,31.868846295779079,0.23474178403755869
DOT,18,2023-08,163,0.50920245398773001,0.45624999999999999,0.13496932515337423,325,11.915573434908788,0.58273381294964033,1,49.981211355861063,0.65714285714285714
DOT,18,2023-09,139,0.58273381294964033,0.35294117647058826,0.1366906474820144,331,12.045671731411863,0.42857142857142855,1,55.450457394203063,0.81818181818181823
DOT,18,2023-10,182,0.42857142857142855,0.5280898876404494,0.13186813186813187,359,13.074784934035343,0.23999999999999999,0,44.511558574029408,0.57692307692307687
DOT,18,2023-11,125,0.23999999999999999,0.532258064516129,0.040000000000000001,349,13.22813005829904,0.2484472049689441,0,28.917755474211404,0.19
DOT,18,2023-12,161,0.2484472049689441,0.52795031055900621,0.055900621118012424,365,8.8900590676883784,0.16666666666666666,0,28.787793557170637,0.19
DOT,18,2024-01,186,0.16666666666666666,0.50898203592814373,0.053763440860215055,379,6.0617977497846685,0.18831168831168832,0,21.614621972766177,0.11846689895470383
DOT,18,2024-02,154,0.18831168831168832,0.46405228758169936,0.097402597402597407,394,5.3384121036504135,0.22641509433962265,0,23.326657102406948,0.11846689895470383
DOT,18,2024-03,159,0.22641509433962265,0.60927152317880795,0.075471698113207544,394,16.46682382657815,0.22,0,29.642726604853703,0.19
DOT,18,2024-04,200,0.22,0.70053475935828879,0.025000000000000001,411,4.8975445156695159,0.37058823529411766,1,26.757539303218753,0.17582417582417584
DOT,18,2024-05,170,0.37058823529411766,0.54374999999999996,0.076470588235294124,430,9.3883832321559968,0.29326923076923078,0,39.54964819929544,0.35869565217391303
DOT,18,2024-06,208,0.29326923076923078,0.42307692307692307,0.15384615384615385,461,20.359845025109855,0.26548672566371684,0,36.090720877325523,0.3271604938271605
DOT,18,2024-07,226,0.26548672566371684,0.51569506726457404,0.17699115044247787,452,9.3289847813238769,0.37341772151898733,1,31.723279353095769,0.23474178403755869
DOT,18,2024-08,158,0.37341772151898733,0.43870967741935485,0.20253164556962025,477,8.1948739035087712,0.23030303030303031,0,40.032007985051507,0.35869565217391303
DOT,18,2024-09,165,0.23030303030303031,0.58227848101265822,0.19393939393939394,460,11.15617991961742,0.12080536912751678,0,29.846509237951565,0.19
DOT,18,2024-10,149,0.12080536912751678,0.54421768707482998,0.087248322147651006,461,10.406331409534534,0.20930232558139536,0,20.194915337377381,0.11846689895470383
DOT,18,2024-11,129,0.20930232558139536,0.51937984496124034,0.10077519379844961,457,20.886761909810573,0.084870848708487087,0,29.672618409594573,0.19
DOT,18,2024-12,271,0.084870848708487087,0.60754716981132073,0.070110701107011064,472,4.5937448007089117,0.064220183486238536,0,16.272417039893263,0.078378378378378383
DOT,18,2025-01,218,0.064220183486238536,0.63133640552995396,0.059633027522935783,463,7.4423763562571388,0.08387096774193549,0,15.280691326506998,0.078378378378378383
DOT,18,2025-02,155,0.08387096774193549,0.59740259740259738,0.051612903225806452,468,5.9141510030864195,0.093567251461988299,0,16.331955638811486,0.078378378378378383
DOT,18,2025-03,171,0.093567251461988299,0.63690476190476186,0.040935672514619881,476,8.3195881201417468,0.07926829268292683,0,17.856727247962429,0.078378378378378383
DOT,18,2025-04,164,0.07926829268292683,0.68125000000000002,0.11585365853658537,460,4.8308626543209874,0.20858895705521471,0,16.361167005080684,0.078378378378378383
DOT,18,2025-05,163,0.20858895705521471,0.55625000000000002,0.15950920245398773,481,12.47570936032864,0.18877551020408162,0,28.23824533938183,0.19
DOT,18,2025-06,196,0.18877551020408162,0.57446808510638303,0.11734693877551021,496,11.50875626662574,0.26775956284153007,0,26.303071450882001,0.1702127659574468
DOT,18,2025-07,183,0.26775956284153007,0.62068965517241381,0.19125683060109289,496,18.026012699858327,0.18857142857142858,0,34.77519018047397,0.3271604938271605
DOT,18,2025-08,175,0.18857142857142858,0.59064327485380119,0.11428571428571428,506,9.6561628086419748,0.14792899408284024,0,25.910930728572584,0.13513513513513514
DOT,18,2025-09,169,0.14792899408284024,0.64779874213836475,0.15384615384615385,509,9.6151126031905392,0.16981132075471697,0,23.1333468490356,0.11846689895470383
DOT,18,2025-10,159,0.16981132075471697,0.56862745098039214,0.11949685534591195,517,20.263899773117487,0.189873417721519,0,26.853416204805818,0.17582417582417584
DOT,18,2025-11,158,0.189873417721519,0.63291139240506333,0.056962025316455694,514,8.0681131383712898,0.21925133689839571,0,25.56145175096653,0.11846689895470383
DSNY,1,2022-01,165,0.84242424242424241,0.036363636363636362,0.012121212121212121,49,10.032525343231162,0.6875,1,70.546623359186484,1
DSNY,1,2022-02,208,0.6875,0.081730769230769232,0,101,7.7214434947768273,0.71199999999999997,1,58.32034353816718,0.92105263157894735
DSNY,1,2022-03,250,0.71199999999999997,0.17199999999999999,0.0040000000000000001,80,12.231894902282356,0.78386167146974062,1,61.603378253984474,0.92105263157894735
DSNY,1,2022-04,347,0.78386167146974062,0.22478386167146974,0.014409221902017291,85,11.431645447530864,0.88418079096045199,1,67.530680583674283,1
DSNY,1,2022-05,354,0.88418079096045199,0.30508474576271188,0.0028248587570621469,249,12.880661854288499,0.95833333333333337,1,77.985979430468902,1
DSNY,1,2022-06,360,0.95833333333333337,0.30083565459610029,0.0055555555555555558,278,18.518502783372497,0.865979381443299,1,85.561657251812292,1
DSNY,1,2022-07,388,0.865979381443299,0.38402061855670105,0.012886597938144329,214,21.819060246640444,0.87126436781609196,1,78.534601907487911,1
DSNY,1,2022-08,435,0.87126436781609196,0.36091954022988504,0.0068965517241379309,154,11.220514964459408,0.82897384305835009,1,75.848174715239679,1
DSNY,1,2022-09,497,0.82897384305835009,0.38702928870292885,0.0060362173038229373,171,13.102322506751543,0.80474452554744524,1,73.220000166269628,1
DSNY,1,2022-10,548,0.80474452554744524,0.5533088235294118,0.0036496350364963502,212,11.788835835342246,0.80758807588075876,1,72.223428533372996,1
DSNY,1,2022-11,369,0.80758807588075876,0.54742547425474253,0.010840108401084011,154,16.696793818848121,0.77247191011235961,1,73.011066554301635,1
DSNY,1,2022-12,356,0.77247191011235961,0.54366197183098597,0.0056179775280898875,154,15.63567448241781,0.78835978835978837,1,69.904038548572672,1
DSNY,1,2023-01,378,0.78835978835978837,0.5251989389920424,0.0079365079365079361,106,14.313611165449487,0.65486725663716816,1,70.269804488380188,1
DSNY,1,2023-02,339,0.65486725663716816,0.58284023668639051,0.0088495575221238937,63,8.4770111317141748,0.58389261744966447,1,58.036145452841836,0.92105263157894735
DSNY,1,2023-03,447,0.58389261744966447,0.58876404494382018,0.008948545861297539,177,5.4422932654877103,0.34715025906735753,1,52.87546820054586,0.66666666666666663
DSNY,1,2023-04,386,0.34715025906735753,0.59067357512953367,0.0025906735751295338,28,7.4179171426099,0.24109014675052412,0,32.802841694708107,0.23474178403755869
DSNY,1,2023-05,477,0.24109014675052412,0.59110169491525422,0.010482180293501049,57,4.0726172391699738,0.35999999999999999,1,23.870485903890014,0.11846689895470383
DSNY,1,2023-06,525,0.35999999999999999,0.6487523992322457,0.0057142857142857143,129,4.5187418496034661,0.61184210526315785,1,34.518284408951509,0.3271604938271605
DSNY,1,2023-07,456,0.61184210526315785,0.5629139072847682,0.024122807017543858,169,7.995912654691951,0.63238512035010941,1,55.581521820200507,0.81818181818181823
DSNY,1,2023-08,457,0.63238512035010941,0.5691964285714286,0.010940919037199124,175,10.171224798801019,0.42292490118577075,1,57.772427356002183,0.92105263157894735
DSNY,1,2023-09,506,0.42292490118577075,0.56886227544910184,0.023715415019762844,46,8.2404279126567523,0.36141906873614188,1,39.248413342238237,0.35869565217391303
DSNY,1,2023-10,451,0.36141906873614188,0.58520179372197312,0.039911308203991129,106,3.9754063654447283,0.25525525525525528,0,34.111431900658253,0.3271604938271605
DSNY,1,2023-11,333,0.25525525525525528,0.60060975609756095,0.03903903903903904,20,5.0675730906921244,0.068027210884353748,0,25.038286766618615,0.11846689895470383
DSNY,1,2023-12,294,0.068027210884353748,0.57191780821917804,0.054421768707482991,35,2.278017265697597,0.059999999999999998,0,9.4881569859539816,0.017391304347826087
DSNY,1,2024-01,250,0.059999999999999998,0.63306451612903225,0.084000000000000005,37,2.2539434923835127,0.11842105263157894,0,9.3151045865720548,0.017391304347826087
DSNY,1,2024-02,228,0.11842105263157894,0.60792951541850215,0.11403508771929824,39,2.268771355703048,0.037671232876712327,0,14.038043180322944,0.078378378378378383
DSNY,1,2024-03,292,0.037671232876712327,0.61986301369863017,0.12671232876712329,52,1.8368535527014469,0.072100313479623826,0,7.7362285616368078,0
DSNY,1,2024-04,319,0.072100313479623826,0.56329113924050633,0.12225705329153605,57,2.3545968609931589,0.072386058981233251,0,10.361843442353637,0.017391304347826087
DSNY,1,2024-05,373,0.072386058981233251,0.64150943396226412,0.12868632707774799,48,2.2578486462575138,0.11023622047244094,0,10.689349513659316,0.017391304347826087
DSNY,1,2024-06,381,0.11023622047244094,0.61290322580645162,0.13385826771653545,96,2.3800340270826386,0.18157181571815717,0,14.138848796776053,0.078378378378378383
DSNY,1,2024-07,369,0.18157181571815717,0.56545961002785516,0.10569105691056911,79,3.1320955970543078,0.070270270270270274,0,19.466337815349775,0.078378378378378383
DSNY,1,2024-08,370,0.070270270270270274,0.56232686980609414,0.16216216216216217,71,1.5515007409856945,0.10319410319410319,0,10.367428425755632,0.017391304347826087
DSNY,1,2024-09,407,0.10319410319410319,0.60049627791563276,0.13022113022113022,97,2.1635389933897153,0.09152542372881356,0,13.45429557726842,0.027397260273972601
DSNY,1,2024-10,295,0.09152542372881356,0.65753424657534243,0.11186440677966102,91,2.095224906176941,0.30555555555555558,0,12.634238371423855,0.027397260273972601
DSNY,1,2024-11,252,0.30555555555555558,0.57936507936507942,0.20238095238095238,80,3.9309284343754403,0.15458937198067632,0,30.138933701017081,0.19
DSNY,1,2024-12,207,0.15458937198067632,0.65853658536585369,0.14492753623188406,97,2.9083077485380118,0.13149847094801223,0,18.107083403386579,0.078378378378378383
DSNY,1,2025-01,327,0.13149847094801223,0.61059190031152644,0.14678899082568808,105,3.5903002365610126,0.15789473684210525,0,16.276811904405985,0.078378378378378383
DSNY,1,2025-02,190,0.15789473684210525,0.56315789473684208,0.14210526315789473,108,2.1970131461675577,0.18978102189781021,0,17.827812392607431,0.078378378378378383
DSNY,1,2025-03,274,0.18978102189781021,0.59999999999999998,0.21532846715328466,150,2.5985861170977009,0.15060240963855423,0,21.470576103455457,0.11846689895470383
DSNY,1,2025-04,332,0.15060240963855423,0.59692307692307689,0.18975903614457831,149,4.4845882340674006,0.30903790087463556,0,18.631789618627046,0.078378378378378383
DSNY,1,2025-05,343,0.30903790087463556,0.61651917404129797,0.10787172011661808,183,2.8832545622078389,0.14242424242424243,0,30.974546790022856,0.23474178403755869
DSNY,1,2025-06,330,0.14242424242424243,0.59202453987730064,0.1484848484848485,130,5.5125439996131904,0.33506493506493507,0,17.789885033633642,0.078378378378378383
DSNY,1,2025-07,385,0.33506493506493507,0.60846560846560849,0.18441558441558442,221,2.1732462915721844,0.21428571428571427,0,33.633397633440026,0.23474178403755869
DSNY,1,2025-08,350,0.21428571428571427,0.59826589595375723,0.14285714285714285,143,6.8847378526306677,0.26253687315634217,0,24.006787426244685,0.11846689895470383
DSNY,1,2025-09,339,0.26253687315634217,0.59347181008902072,0.10914454277286136,165,3.3885898980605211,0.14373088685015289,0,27.074915978398742,0.17582417582417584
DSNY,1,2025-10,327,0.14373088685015289,0.64396284829721362,0.12538226299694188,128,4.3765292086385834,0.31216931216931215,0,17.746704197214505,0.078378378378378383
DSNY,1,2025-11,189,0.31216931216931215,0.63297872340425532,0.10582010582010581,119,4.2653677398989895,0.23605150214592274,0,30.946983595532632,0.23474178403755869
DSNY,2,2022-01,78,0.85897435897435892,0.01282051282051282,0,41,9.3991325700700692,0.81538461538461537,1,71.456473795727149,1
DSNY,2,2022-02,65,0.81538461538461537,0.16923076923076924,0.046153846153846156,30,13.729299463937624,0.84210526315789469,1,69.897025131051848,1
DSNY,2,2022-03,171,0.84210526315789469,0.23391812865497075,0.017543859649122806,62,14.679324290567545,0.84239130434782605,1,72.78110429908206,1
DSNY,2,2022-04,184,0.84239130434782605,0.16304347826086957,0.010869565217391304,77,22.095084716743372,0.89403973509933776,1,74.078235972997561,1
DSNY,2,2022-05,151,0.89403973509933776,0.25165562913907286,0,199,4.6305348020434227,0.98843930635838151,1,75.997028565759138,1
DSNY,2,2022-06,173,0.98843930635838151,0.2138728323699422,0.0057803468208092483,284,35.006308791035352,0.9320987654320988,1,88.188199256695171,1
DSNY,2,2022-07,162,0.9320987654320988,0.18518518518518517,0,356,28.367735468106996,0.90243902439024393,1,84.272959325505184,1
DSNY,2,2022-08,205,0.90243902439024393,0.33170731707317075,0.014634146341463415,67,35.741599705727992,0.86069651741293529,1,79.638026173219089,1
DSNY,2,2022-09,201,0.86069651741293529,0.38805970149253732,0.019900497512437811,50,16.058534605419641,0.68617021276595747,1,75.252102894134026,1
DSNY,2,2022-10,188,0.68617021276595747,0.48936170212765956,0.0053191489361702126,84,8.0307351791726784,0.77477477477477474,1,60.171934215000611,0.92105263157894735
DSNY,2,2022-11,111,0.77477477477477474,0.54054054054054057,0,39,21.43586850071225,0.75,1,70.098667801827844,1
DSNY,2,2022-12,88,0.75,0.5,0.011363636363636364,32,14.437304093567251,0.80714285714285716,1,66.336077614405596,0.98524787573051531
DSNY,2,2023-01,140,0.80714285714285716,0.4642857142857143,0.014285714285714285,43,14.594912252368648,0.8165137614678899,1,70.897856502461721,1
DSNY,2,2023-02,109,0.8165137614678899,0.43119266055045874,0,32,11.694424382716049,0.45217391304347826,1,70.602812354834455,1
DSNY,2,2023-03,115,0.45217391304347826,0.52212389380530977,0.086956521739130432,68,2.7039773792780122,0.48076923076923078,1,40.585322422072764,0.45238095238095238
DSNY,2,2023-04,156,0.48076923076923078,0.4358974358974359,0.05128205128205128,10,11.372260351765316,0.20606060606060606,0,43.712957297359061,0.57692307692307687
DSNY,2,2023-05,165,0.20606060606060606,0.49696969696969695,0.036363636363636362,24,4.0084868622761833,0.27807486631016043,0,20.36128128138202,0.11846689895470383
DSNY,2,2023-06,187,0.27807486631016043,0.57754010695187163,0.069518716577540107,19,3.9222079354745372,0.47706422018348627,1,26.617402043504242,0.1702127659574468
DSNY,2,2023-07,218,0.47706422018348627,0.4697674418604651,0.032110091743119268,76,3.6865330256498736,0.31455399061032863,0,42.359544656348021,0.46666666666666667
DSNY,2,2023-08,213,0.31455399061032863,0.53658536585365857,0.070422535211267609,48,7.3878729157061622,0.0440251572327044,0,30.469026641925456,0.19
DSNY,2,2023-09,159,0.0440251572327044,0.50314465408805031,0.10062893081761007,8,3.8800045365717479,0.17535545023696683,0,7.5502232133338012,0
DSNY,2,2023-10,211,0.17535545023696683,0.47867298578199052,0.10426540284360189,44,2.4683551587301586,0.040000000000000001,0,17.998280733639355,0.078378378378378383
DSNY,2,2023-11,150,0.040000000000000001,0.57718120805369133,0.040000000000000001,9,4.0139062187187191,0.027777777777777776,0,7.3377632737740672,0
DSNY,2,2023-12,144,0.027777777777777776,0.55633802816901412,0.15277777777777779,11,1.4310209637454356,0.067567567567567571,0,6.2255235666844566,0
DSNY,2,2024-01,148,0.067567567567567571,0.62585034013605445,0.13513513513513514,14,1.689007503192848,0.066037735849056603,0,9.7613583387631788,0.017391304347826087
DSNY,2,2024-02,106,0.066037735849056603,0.57692307692307687,0.11320754716981132,9,1.5625190815815815,0.016129032258064516,0,9.2014815008126334,0.017391304347826087
DSNY,2,2024-03,124,0.016129032258064516,0.56451612903225812,0.096774193548387094,13,1.5124508101851852,0.050847457627118647,0,5.0951271249477674,0
DSNY,2,2024-04,118,0.050847457627118647,0.55652173913043479,0.17796610169491525,10,1.3212507652280379,0.040322580645161289,0,8.1611863981768433,0
DSNY,2,2024-05,124,0.040322580645161289,0.47580645161290325,0.16935483870967741,4,1.6262550747863247,0.061452513966480445,0,6.8815385322124554,0
DSNY,2,2024-06,179,0.061452513966480445,0.49152542372881358,0.13407821229050279,22,1.4694778007821485,0.1404494382022472,0,8.6278683131453917,0
DSNY,2,2024-07,178,0.1404494382022472,0.48520710059171596,0.1853932584269663,10,2.5620094420077972,0.086021505376344093,0,15.305501895585399,0.078378378378378383
DSNY,2,2024-08,186,0.086021505376344093,0.5494505494505495,0.11827956989247312,12,2.0164177611714975,0.10218978102189781,0,10.828165992215679,0.017391304347826087
DSNY,2,2024-09,137,0.10218978102189781,0.58955223880597019,0.18978102189781021,20,2.3330823822853861,0.0076335877862595417,0,12.840017311509586,0.027397260273972601
DSNY,2,2024-10,131,0.0076335877862595417,0.59677419354838712,0.12977099236641221,10,1.8500194542947201,0.11764705882352941,0,4.7903493635537782,0
DSNY,2,2024-11,85,0.11764705882352941,0.52439024390243905,0.15294117647058825,4,2.7321799959299957,0.34146341463414637,0,13.491818500668867,0.027397260273972601
DSNY,2,2024-12,82,0.34146341463414637,0.55000000000000004,0.12195121951219512,4,4.9887528229448961,0.13513513513513514,0,31.907808748826959,0.23474178403755869
DSNY,2,2025-01,111,0.13513513513513514,0.58715596330275233,0.16216216216216217,8,2.3129271590515752,0.19230769230769232,0,15.193370263923441,0.078378378378378383
DSNY,2,2025-02,78,0.19230769230769232,0.68000000000000005,0.12820512820512819,16,2.3701069775132275,0.15833333333333333,0,20.160144237126492,0.11846689895470383
DSNY,2,2025-03,120,0.15833333333333333,0.58260869565217388,0.14166666666666666,31,3.1017142857142859,0.070175438596491224,0,17.356097397176569,0.078378378378378383
DSNY,2,2025-04,114,0.070175438596491224,0.60360360360360366,0.10526315789473684,15,4.0043961004273507,0.18181818181818182,0,10.27165305215612,0.017391304347826087
DSNY,2,2025-05,110,0.18181818181818182,0.59999999999999998,0.16363636363636364,19,1.788774895178197,0.26515151515151514,0,18.991488026717402,0.078378378378378383
DSNY,2,2025-06,132,0.26515151515151514,0.46511627906976744,0.18181818181818182,15,4.7820081869553377,0.32413793103448274,0,25.745309169693837,0.11846689895470383
DSNY,2,2025-07,145,0.32413793103448274,0.51048951048951052,0.20000000000000001,52,1.6376400677297669,0.083333333333333329,0,30.425616545179089,0.19
DSNY,2,2025-08,132,0.083333333333333329,0.63492063492063489,0.12878787878787878,12,7.8923237645348836,0.1640625,0,12.492951236722929,0.027397260273972601
DSNY,2,2025-09,128,0.1640625,0.61417322834645671,0.1328125,13,2.5176240339749199,0.080808080808080815,0,17.597737186997389,0.078378378378378383
DSNY,2,2025-10,99,0.080808080808080815,0.48958333333333331,0.16161616161616163,4,2.2301021304869684,0.1095890410958904,0,10.294428084301472,0.017391304347826087
DSNY,2,2025-11,73,0.1095890410958904,0.61643835616438358,0.19178082191780821,10,1.7703587962962963,0.088235294117647065,0,13.336159169944606,0.027397260273972601
DSNY,3,2022-01,167,0.76047904191616766,0.029940119760479042,0.0059880239520958087,28,7.6830292432720491,0.58620689655172409,1,63.145538843570861,0.92307692307692313
DSNY,3,2022-02,145,0.58620689655172409,0.096551724137931033,0.027586206896551724,55,7.0582492741682357,0.4681818181818182,1,49.782624345283942,0.65714285714285714
DSNY,3,2022-03,220,0.4681818181818182,0.21363636363636362,0.022727272727272728,58,7.4884735023041475,0.7276785714285714,1,41.036120394473819,0.45238095238095238
DSNY,3,2022-04,224,0.7276785714285714,0.21973094170403587,0.026785714285714284,50,10.305474038154534,0.87058823529411766,1,62.432800697872651,0.92307692307692313
DSNY,3,2022-05,255,0.87058823529411766,0.20784313725490197,0,173,8.5333535879629636,0.89250814332247552,1,74.555696239390116,1
DSNY,3,2022-06,307,0.89250814332247552,0.20846905537459284,0.0097719869706840382,176,15.847931933784112,0.76699029126213591,1,78.135833583295337,1
DSNY,3,2022-07,309,0.76699029126213591,0.26860841423948217,0.025889967637540454,64,16.231672494941495,0.71875,1,67.378186463734636,1
DSNY,3,2022-08,288,0.71875,0.34494773519163763,0.027777777777777776,95,6.7144311139933706,0.70029673590504449,1,61.971696058197018,0.92288698749598308
DSNY,3,2022-09,337,0.70029673590504449,0.4017857142857143,0.026706231454005934,66,9.9857159481886253,0.62396694214876036,1,61.245804883928542,0.92105263157894735
DSNY,3,2022-10,242,0.62396694214876036,0.3512396694214876,0.0041322314049586778,72,8.1730603617388571,0.6900584795321637,1,54.40566142198189,0.81818181818181823
DSNY,3,2022-11,171,0.6900584795321637,0.39766081871345027,0.0058479532163742687,79,11.845811878952123,0.6402439024390244,1,60.883004825469193,0.92105263157894735
DSNY,3,2022-12,164,0.6402439024390244,0.46341463414634149,0.018292682926829267,64,13.003847571384233,0.54205607476635509,1,57.405511365209598,0.92105263157894735
DSNY,3,2023-01,214,0.54205607476635509,0.42452830188679247,0.07476635514018691,31,11.366673648597992,0.45251396648044695,1,48.898068392450782,0.65714285714285714
DSNY,3,2023-02,179,0.45251396648044695,0.49162011173184356,0.027932960893854747,39,6.2214818199047004,0.36363636363636365,1,40.695081682418007,0.45238095238095238
DSNY,3,2023-03,187,0.36363636363636365,0.46195652173913043,0.032085561497326207,63,4.9996186236082707,0.10849056603773585,0,33.42100377081433,0.23474178403755869
DSNY,3,2023-04,212,0.10849056603773585,0.39622641509433965,0.070754716981132074,26,4.2048603673955078,0.047619047619047616,0,12.291958056195705,0.027397260273972601
DSNY,3,2023-05,294,0.047619047619047616,0.44791666666666669,0.057823129251700682,30,2.4790021551724135,0.17562724014336917,0,7.2473159012483173,0
DSNY,3,2023-06,279,0.17562724014336917,0.46886446886446886,0.039426523297491037,52,2.4246793936446172,0.5092592592592593,1,17.721302019625139,0.078378378378378383
DSNY,3,2023-07,324,0.5092592592592593,0.45820433436532509,0.030864197530864196,101,5.147680597643097,0.56657963446475201,1,45.484609932214866,0.57692307692307687
DSNY,3,2023-08,383,0.56657963446475201,0.47074468085106386,0.083550913838120106,146,7.6828406133574401,0.32035928143712578,0,51.478080926143058,0.65714285714285714
DSNY,3,2023-09,334,0.32035928143712578,0.48456790123456789,0.080838323353293412,40,9.2506532775673396,0.45320197044334976,1,31.08432614698615,0.23474178403755869
DSNY,3,2023-10,406,0.45320197044334976,0.51990049751243783,0.081280788177339899,89,5.0114742517377318,0.75449101796407181,1,41.400766270434033,0.45238095238095238
DSNY,3,2023-11,334,0.75449101796407181,0.4303030303030303,0.041916167664670656,134,7.2854311642957841,0.26859504132231404,0,65.878494325825002,0.92307692307692313
DSNY,3,2023-12,242,0.26859504132231404,0.55000000000000004,0.090909090909090912,18,9.0389084160976623,0.18518518518518517,0,27.036718679215685,0.17582417582417584
DSNY,3,2024-01,189,0.18518518518518517,0.46031746031746029,0.20634920634920634,28,3.1983451013863027,0.07746478873239436,0,19.207376286262317,0.078378378378378383
DSNY,3,2024-02,142,0.07746478873239436,0.52173913043478259,0.18309859154929578,21,2.9091132239622173,0.014423076923076924,0,10.637401072141504,0.017391304347826087
DSNY,3,2024-03,208,0.014423076923076924,0.5714285714285714,0.1201923076923077,25,1.5232938453159042,0.0099009900990099011,0,5.2402775795185601,0
DSNY,3,2024-04,202,0.0099009900990099011,0.56999999999999995,0.19801980198019803,17,1.5869973544973546,0.044176706827309238,0,5.190763668022444,0
DSNY,3,2024-05,249,0.044176706827309238,0.66115702479338845,0.16867469879518071,24,3.4008271158555252,0.1299638989169675,0,8.7483296267385189,0
DSNY,3,2024-06,277,0.1299638989169675,0.57854406130268199,0.16245487364620939,47,2.1693709900845728,0.15555555555555556,0,15.117887046220019,0.078378378378378383
DSNY,3,2024-07,270,0.15555555555555556,0.54054054054054057,0.14814814814814814,39,2.7509954952704505,0.084821428571428575,0,16.957309172023315,0.078378378378378383
DSNY,3,2024-08,224,0.084821428571428575,0.53953488372093028,0.13392857142857142,21,2.1013989803336393,0.14826498422712933,0,10.876616329673329,0.017391304347826087
DSNY,3,2024-09,317,0.14826498422712933,0.61311475409836069,0.12618296529968454,32,2.3197575874485596,0.040000000000000001,0,16.450055366871172,0.078378378378378383
DSNY,3,2024-10,225,0.040000000000000001,0.56950672645739908,0.15555555555555556,26,1.8344760602052268,0.052941176470588235,0,7.5383910600365089,0
DSNY,3,2024-11,170,0.052941176470588235,0.6071428571428571,0.14117647058823529,17,2.217690551934616,0.17857142857142858,0,8.6857267327630368,0
DSNY,3,2024-12,140,0.17857142857142858,0.5714285714285714,0.14285714285714285,18,3.3098973321342928,0.13227513227513227,0,18.836788193208157,0.078378378378378383
DSNY,3,2025-01,189,0.13227513227513227,0.58510638297872342,0.18518518518518517,35,2.5240613560508183,0.12972972972972974,0,15.406367083925188,0.078378378378378383
DSNY,3,2025-02,185,0.12972972972972974,0.61581920903954801,0.1891891891891892,36,1.8845240791062803,0.16289592760180996,0,15.234564670459427,0.078378378378378383
DSNY,3,2025-03,221,0.16289592760180996,0.58181818181818179,0.167420814479638,37,5.0754751683501684,0.31060606060606061,0,18.379870567801351,0.078378378378378383
DSNY,3,2025-04,264,0.31060606060606061,0.58461538461538465,0.18181818181818182,95,2.0727996336749372,0.092050209205020925,0,30.1829423210086,0.19
DSNY,3,2025-05,239,0.092050209205020925,0.5714285714285714,0.18828451882845187,41,6.7932317737959806,0.13535911602209943,0,13.21632177372364,0.027397260273972601
DSNY,3,2025-06,362,0.13535911602209943,0.58659217877094971,0.23756906077348067,73,2.5826308571829406,0.39541547277936961,1,16.339788962961443,0.078378378378378383
DSNY,3,2025-07,349,0.39541547277936961,0.56559766763848396,0.19197707736389685,145,3.0215676811739538,0.18059299191374664,0,37.680215572929441,0.35869565217391303
DSNY,3,2025-08,371,0.18059299191374664,0.61263736263736268,0.22371967654986524,50,6.0029330094579558,0.12865497076023391,0,20.590199254237561,0.11846689895470383
DSNY,3,2025-09,342,0.12865497076023391,0.63798219584569738,0.20175438596491227,56,2.3289952601410935,0.091228070175438603,0,15.640436522890813,0.078378378378378383
DSNY,3,2025-10,285,0.091228070175438603,0.68070175438596492,0.16842105263157894,41,2.4186046682098765,0.097435897435897437,0,12.55533498817541,0.027397260273972601
DSNY,3,2025-11,195,0.097435897435897437,0.63586956521739135,0.16923076923076924,50,2.1432845479888494,0.10267857142857142,0,12.861793430514879,0.027397260273972601
DSNY,4,2022-01,197,0.80710659898477155,0.1116751269035533,0.01015228426395939,33,7.1791801462285463,0.8214285714285714,1,67.238265826509263,1
DSNY,4,2022-02,168,0.8214285714285714,0.26190476190476192,0.02976190476190476,29,9.4418515826873382,0.59259259259259256,1,69.729841292491287,1
DSNY,4,2022-03,162,0.59259259259259256,0.31481481481481483,0.037037037037037035,31,6.6536948061342596,0.55737704918032782,1,51.08088610601294,0.65714285714285714
DSNY,4,2022-04,122,0.55737704918032782,0.27049180327868855,0.049180327868852458,4,8.5090116206810844,0.74311926605504586,1,48.258160653848414,0.65536751324814568
DSNY,4,2022-05,109,0.74311926605504586,0.32110091743119268,0.045871559633027525,75,5.2939668615984408,0.8571428571428571,1,63.341725633236436,0.92307692307692313
DSNY,4,2022-06,112,0.8571428571428571,0.25892857142857145,0.053571428571428568,41,15.512121860730593,0.7007299270072993,1,74.264786833638425,1
DSNY,4,2022-07,137,0.7007299270072993,0.19708029197080293,0.029197080291970802,27,11.982775478292863,0.65714285714285714,1,60.331177278895666,0.92105263157894735
DSNY,4,2022-08,140,0.65714285714285714,0.33571428571428569,0.057142857142857141,32,6.1621870713305906,0.68468468468468469,1,56.343434568573542,0.92105263157894735
DSNY,4,2022-09,111,0.68468468468468469,0.36036036036036034,0.027027027027027029,12,7.5505980527283008,0.5,1,58.637901070899623,0.92105263157894735
DSNY,4,2022-10,128,0.5,0.390625,0.0078125,35,4.8018730158730154,0.85074626865671643,1,43.507687462879247,0.57692307692307687
DSNY,4,2022-11,67,0.85074626865671643,0.47761194029850745,0,49,21.722325952131378,0.77966101694915257,1,75.967885253328333,1
DSNY,4,2022-12,59,0.77966101694915257,0.2711864406779661,0.13559322033898305,21,20.203438564282674,0.64227642276422769,1,69.443061068259709,1
DSNY,4,2023-01,123,0.64227642276422769,0.34959349593495936,0.056910569105691054,28,9.0193977490421453,0.55405405405405406,1,55.860630502696388,0.91696076133457893
DSNY,4,2023-02,74,0.55405405405405406,0.39189189189189189,0.040540540540540543,11,7.1466600529100521,0.18269230769230768,0,48.305849988523299,0.65714285714285714
DSNY,4,2023-03,104,0.18269230769230768,0.41346153846153844,0.10576923076923077,18,2.5100199264986638,0.022222222222222223,0,18.000607717692343,0.078378378378378383
DSNY,4,2023-04,90,0.022222222222222223,0.41111111111111109,0.077777777777777779,2,3.3866918894129978,0.0078125,0,5.0503408095348332,0
DSNY,4,2023-05,128,0.0078125,0.49606299212598426,0.171875,8,1.202179720704311,0.11023622047244094,0,4.3360488513113031,0
DSNY,4,2023-06,127,0.11023622047244094,0.41269841269841268,0.11023622047244094,16,1.637120876128229,0.28104575163398693,0,11.993454546256718,0.027397260273972601
DSNY,4,2023-07,153,0.28104575163398693,0.39333333333333331,0.10457516339869281,29,3.7927547949735452,0.16352201257861634,0,26.184637708648328,0.13513513513513514
DSNY,4,2023-08,159,0.16352201257861634,0.43312101910828027,0.081761006289308172,27,3.4780647573038874,0.12,0,16.771422688629087,0.078378378378378383
DSNY,4,2023-09,150,0.12,0.41095890410958902,0.059999999999999998,6,3.7556510585878278,0.054421768707482991,0,12.913259068004693,0.027397260273972601
DSNY,4,2023-10,147,0.054421768707482991,0.40816326530612246,0.12925170068027211,16,1.788169099756691,0.15178571428571427,0,7.6367008698706353,0
DSNY,4,2023-11,112,0.15178571428571427,0.46846846846846846,0.10714285714285714,5,3.3663908649503163,0.031007751937984496,0,15.876017401454126,0.078378378378378383
DSNY,4,2023-12,129,0.031007751937984496,0.53125,0.23255813953488372,8,1.8089356444738389,0.065420560747663545,0,6.8155800479090267,0
DSNY,4,2024-01,107,0.065420560747663545,0.54716981132075471,0.23364485981308411,7,1.7605335862482852,0.030927835051546393,0,9.6314825821436951,0.017391304347826087
DSNY,4,2024-02,97,0.030927835051546393,0.60824742268041232,0.24742268041237114,10,1.4225953014184398,0.07792207792207792,0,7.1976828453482407,0
DSNY,4,2024-03,77,0.07792207792207792,0.57894736842105265,0.25974025974025972,4,1.6678437360553322,0.11926605504587157,0,10.867037350810232,0.017391304347826087
DSNY,4,2024-04,109,0.11926605504587157,0.51851851851851849,0.1743119266055046,20,1.0672520908004779,0.10317460317460317,0,13.472013864331863,0.027397260273972601
DSNY,4,2024-05,126,0.10317460317460317,0.61788617886178865,0.21428571428571427,8,2.7760473698336017,0.020833333333333332,0,13.161146480975574,0.027397260273972601
DSNY,4,2024-06,192,0.020833333333333332,0.65142857142857147,0.28645833333333331,10,1.3421842105263158,0.090452261306532666,0,6.7820536978898529,0
DSNY,4,2024-07,199,0.090452261306532666,0.53608247422680411,0.14572864321608039,13,2.3514417398904008,0.087912087912087919,0,11.343468328077639,0.017391304347826087
DSNY,4,2024-08,182,0.087912087912087919,0.55307262569832405,0.18681318681318682,13,1.7202610526048028,0.076923076923076927,0,11.280251539462155,0.017391304347826087
DSNY,4,2024-09,182,0.076923076923076927,0.601123595505618,0.18681318681318682,5,2.0369748416179339,0.12213740458015267,0,10.631919804496926,0.017391304347826087
DSNY,4,2024-10,131,0.12213740458015267,0.5725190839694656,0.13740458015267176,21,1.4799007648953302,0.088709677419354843,0,13.896114692628425,0.078378378378378383
DSNY,4,2024-11,124,0.088709677419354843,0.52500000000000002,0.12903225806451613,8,2.6093543018383345,0.066666666666666666,0,11.073536003210187,0.017391304347826087
DSNY,4,2024-12,120,0.066666666666666666,0.65833333333333333,0.24166666666666667,12,1.8135747924648786,0.037593984962406013,0,10.392813916926661,0.017391304347826087
DSNY,4,2025-01,133,0.037593984962406013,0.54961832061068705,0.31578947368421051,8,1.8129929541768046,0.063063063063063057,0,7.8514483740045309,0
DSNY,4,2025-02,111,0.063063063063063057,0.51851851851851849,0.29729729729729731,11,1.2403183942043896,0.1702127659574468,0,9.5364142815527781,0.017391304347826087
DSNY,4,2025-03,141,0.1702127659574468,0.55797101449275366,0.15602836879432624,37,1.7450044283413848,0.18072289156626506,0,17.995526266374679,0.078378378378378383
DSNY,4,2025-04,166,0.18072289156626506,0.59756097560975607,0.18072289156626506,29,5.0759852596849724,0.17816091954022989,0,19.866445018943949,0.11846689895470383
DSNY,4,2025-05,174,0.17816091954022989,0.56547619047619047,0.10344827586206896,23,4.1620405092592589,0.15929203539823009,0,18.833241709744062,0.078378378378378383
DSNY,4,2025-06,226,0.15929203539823009,0.59909909909909909,0.17256637168141592,40,2.918679281853624,0.40996168582375481,1,17.721679235543789,0.078378378378378383
DSNY,4,2025-07,261,0.40996168582375481,0.61475409836065575,0.16475095785440613,63,3.9982764355742297,0.31521739130434784,0,38.315772846990029,0.35869565217391303
DSNY,4,2025-08,184,0.31521739130434784,0.55865921787709494,0.17391304347826086,23,6.5178923817791006,0.24083769633507854,0,30.677260538565857,0.23474178403755869
DSNY,4,2025-09,191,0.24083769633507854,0.63387978142076506,0.11518324607329843,37,3.1843744768780082,0.16455696202531644,0,24.163753565509776,0.11846689895470383
DSNY,4,2025-10,158,0.16455696202531644,0.60784313725490191,0.21518987341772153,25,5.3546032135076258,0.20754716981132076,0,18.820840737434192,0.078378378378378383
DSNY,4,2025-11,106,0.20754716981132076,0.64761904761904765,0.31132075471698112,17,2.6064639173164394,0.12121212121212122,0,22.19991421328821,0.11846689895470383
DSNY,5,2022-01,85,0.70588235294117652,0.023529411764705882,0,28,8.7378200129954511,0.58333333333333337,1,58.967127114851422,0.92105263157894735
DSNY,5,2022-02,108,0.58333333333333337,0.14953271028037382,0.0092592592592592587,33,9.0194706265731757,0.33333333333333331,0,49.959727637392419,0.65714285714285714
DSNY,5,2022-03,162,0.33333333333333331,0.12962962962962962,0.024691358024691357,20,5.9121999338624338,0.48809523809523808,1,29.059109670843377,0.19
DSNY,5,2022-04,168,0.48809523809523808,0.30952380952380953,0.011904761904761904,30,6.7994212962962965,0.45731707317073172,1,42.593105626074049,0.46666666666666667
DSNY,5,2022-05,164,0.45731707317073172,0.27160493827160492,0.012195121951219513,57,4.2117748040010818,0.71823204419889508,1,39.61282920817888,0.35869565217391303
DSNY,5,2022-06,181,0.71823204419889508,0.23756906077348067,0.016574585635359115,88,14.630335030864199,0.56349206349206349,1,63.14901829485428,0.92307692307692313
DSNY,5,2022-07,252,0.56349206349206349,0.25,0.01984126984126984,63,14.121392106230781,0.77542372881355937,1,50.461691576433523,0.65714285714285714
DSNY,5,2022-08,236,0.77542372881355937,0.28085106382978725,0.0042372881355932203,113,8.6869690860215041,0.6093023255813953,1,66.728438486662071,1
DSNY,5,2022-09,215,0.6093023255813953,0.27230046948356806,0.013953488372093023,25,13.544738647475857,0.28125,0,53.667779731263884,0.69365594862981761
DSNY,5,2022-10,160,0.28125,0.33333333333333331,0.018749999999999999,33,3.9517450962475635,0.69277108433734935,1,25.552187939883627,0.11846689895470383
DSNY,5,2022-11,166,0.69277108433734935,0.40000000000000002,0,93,6.695080035814116,0.41919191919191917,1,60.003916921291086,0.92105263157894735
DSNY,5,2022-12,198,0.41919191919191917,0.41116751269035534,0.015151515151515152,62,13.360257005094613,0.45029239766081869,1,39.508141808858475,0.35869565217391303
DSNY,5,2023-01,171,0.45029239766081869,0.43274853801169588,0.011695906432748537,18,8.8079619939707143,0.3671875,1,40.535115880217134,0.45238095238095238
DSNY,5,2023-02,128,0.3671875,0.3671875,0.0625,35,5.074273752919586,0.080246913580246909,0,33.103869726219976,0.23474178403755869
DSNY,5,2023-03,162,0.080246913580246909,0.45624999999999999,0.098765432098765427,19,3.7624058468580941,0.093167701863354033,0,10.292919855566382,0.017391304347826087
DSNY,5,2023-04,161,0.093167701863354033,0.50310559006211175,0.049689440993788817,14,5.8966173025435076,0.030303030303030304,0,11.770875875889869,0.017391304347826087
DSNY,5,2023-05,198,0.030303030303030304,0.43654822335025378,0.070707070707070704,15,2.1194447382026698,0.13875598086124402,0,5.6247156157086167,0
DSNY,5,2023-06,209,0.13875598086124402,0.38164251207729466,0.062200956937799042,36,1.9535324935973206,0.46743295019157088,1,14.167269952085473,0.078378378378378383
DSNY,5,2023-07,261,0.46743295019157088,0.40154440154440152,0.07662835249042145,84,5.2235987762997738,0.27099236641221375,0,41.921658950588046,0.45238095238095238
DSNY,5,2023-08,262,0.27099236641221375,0.47509578544061304,0.13358778625954199,48,5.8645319879443196,0.085106382978723402,0,26.629550090699613,0.1702127659574468
DSNY,5,2023-09,282,0.085106382978723402,0.44086021505376344,0.14893617021276595,34,3.0179380552427428,0.095785440613026823,0,10.837449759126715,0.017391304347826087
DSNY,5,2023-10,261,0.095785440613026823,0.52895752895752901,0.065134099616858232,42,2.3382357085346217,0.2696629213483146,0,11.63622764154478,0.017391304347826087
DSNY,5,2023-11,178,0.2696629213483146,0.59090909090909094,0.033707865168539325,46,2.7297850814176243,0.10526315789473684,0,25.834763720382529,0.11846689895470383
DSNY,5,2023-12,133,0.10526315789473684,0.48484848484848486,0.052631578947368418,19,4.8764620225694442,0.184,0,12.471959835097211,0.027397260273972601
DSNY,5,2024-01,125,0.184,0.52000000000000002,0.024,27,4.9681548749604305,0.11382113821138211,0,18.910259798716343,0.078378378378378383
DSNY,5,2024-02,123,0.11382113821138211,0.50406504065040647,0.065040650406504072,19,2.7872633941193099,0.077844311377245512,0,12.816970031812211,0.027397260273972601
DSNY,5,2024-03,167,0.077844311377245512,0.5696969696969697,0.065868263473053898,20,5.848540690539938,0.27272727272727271,0,11.011100151195997,0.017391304347826087
DSNY,5,2024-04,132,0.27272727272727271,0.57692307692307687,0.10606060606060606,53,1.9083839552936777,0.10362694300518134,0,26.250359804867738,0.1702127659574468
DSNY,5,2024-05,193,0.10362694300518134,0.6113989637305699,0.082901554404145081,28,3.724551424991505,0.17727272727272728,0,12.946264259179422,0.027397260273972601
DSNY,5,2024-06,220,0.17727272727272728,0.4861111111111111,0.077272727272727271,44,2.9989725739832966,0.26618705035971224,0,18.180308348996594,0.078378378378378383
DSNY,5,2024-07,278,0.26618705035971224,0.52631578947368418,0.075539568345323743,40,3.8731514726162333,0.19749216300940439,0,25.651604661221299,0.11846689895470383
DSNY,5,2024-08,319,0.19749216300940439,0.48993288590604028,0.068965517241379309,31,2.8800494015356821,0.23348017621145375,0,19.609093102686547,0.078378378378378383
DSNY,5,2024-09,227,0.23348017621145375,0.57534246575342463,0.066079295154185022,31,3.3073397984989397,0.094527363184079602,0,23.00254590788127,0.11846689895470383
DSNY,5,2024-10,201,0.094527363184079602,0.5879396984924623,0.06965174129353234,49,2.0801405965391622,0.15686274509803921,0,11.865899563345852,0.017391304347826087
DSNY,5,2024-11,153,0.15686274509803921,0.55921052631578949,0.098039215686274508,17,2.9751516516516516,0.14723926380368099,0,16.724545457908341,0.078378378378378383
DSNY,5,2024-12,163,0.14723926380368099,0.57594936708860756,0.061349693251533742,28,2.6545554641812865,0.071428571428571425,0,15.895303181714009,0.078378378378378383
DSNY,5,2025-01,154,0.071428571428571425,0.62666666666666671,0.090909090909090912,27,2.3271380675029869,0.1743119266055046,0,10.143226129357746,0.017391304347826087
DSNY,5,2025-02,109,0.1743119266055046,0.57009345794392519,0.14678899082568808,32,2.0284809027777779,0.25229357798165136,0,18.352333110943981,0.078378378378378383
DSNY,5,2025-03,218,0.25229357798165136,0.57870370370370372,0.12385321100917432,72,2.6760005722014149,0.29999999999999999,0,25.098120804187715,0.11846689895470383
DSNY,5,2025-04,270,0.29999999999999999,0.50936329588014984,0.085185185185185183,113,5.0649621441856709,0.25079365079365079,0,29.378998355717798,0.19
DSNY,5,2025-05,315,0.25079365079365079,0.55161290322580647,0.09841269841269841,90,6.9929165981810222,0.18820224719101122,0,25.935064735760804,0.13513513513513514
DSNY,5,2025-06,356,0.18820224719101122,0.67435158501440917,0.095505617977528087,61,4.6123737073112077,0.57643312101910826,1,20.651899061461098,0.11846689895470383
DSNY,5,2025-07,314,0.57643312101910826,0.61563517915309451,0.10191082802547771,142,5.2615403950087423,0.25255972696245732,0,52.463269155583284,0.65936281247101514
DSNY,5,2025-08,293,0.25255972696245732,0.57534246575342463,0.11945392491467577,51,8.2860982108410486,0.13777777777777778,0,26.194295867063602,0.16666666666666666
DSNY,5,2025-09,225,0.13777777777777778,0.72398190045248867,0.13333333333333333,39,4.1207345874355363,0.12195121951219512,0,16.704565482391079,0.078378378378378383
DSNY,5,2025-10,205,0.12195121951219512,0.58536585365853655,0.11219512195121951,34,2.6806180555555557,0.18248175182481752,0,14.243482130360091,0.078378378378378383
DSNY,5,2025-11,137,0.18248175182481752,0.55474452554744524,0.11678832116788321,32,4.1377429722888355,0.19565217391304349,0,19.281702782769184,0.078378378378378383
DSNY,6,2022-01,119,0.56302521008403361,0.025210084033613446,0,29,5.6453002829218111,0.30526315789473685,0,46.820806578412807,0.57692307692307687
DSNY,6,2022-02,95,0.30526315789473685,0.11702127659574468,0.010526315789473684,10,5.5717246385640022,0.26000000000000001,0,26.492357511441291,0.1702127659574468
DSNY,6,2022-03,150,0.26000000000000001,0.12,0.0066666666666666671,17,4.2442060832685833,0.22077922077922077,0,22.624935864020699,0.11846689895470383
DSNY,6,2022-04,154,0.22077922077922077,0.22222222222222221,0,20,3.7420108229090019,0.28282828282828282,0,19.877257480648815,0.11846689895470383
DSNY,6,2022-05,198,0.28282828282828282,0.29797979797979796,0.0050505050505050509,52,3.2594970158411427,0.4152542372881356,1,25.469953292334914,0.11846689895470383
DSNY,6,2022-06,236,0.4152542372881356,0.26808510638297872,0,106,8.9515155677655667,0.65238095238095239,1,37.818657956589242,0.35869565217391303
DSNY,6,2022-07,210,0.65238095238095239,0.23809523809523808,0,59,13.101461440769564,0.46039603960396042,1,57.128588863370808,0.92105263157894735
DSNY,6,2022-08,202,0.46039603960396042,0.29850746268656714,0,37,8.2073925781250008,0.44549763033175355,1,40.672331035075239,0.45238095238095238
DSNY,6,2022-09,211,0.44549763033175355,0.3619047619047619,0.0094786729857819912,30,7.8183706570676179,0.24581005586592178,0,39.67784686455402,0.35869565217391303
DSNY,6,2022-10,179,0.24581005586592178,0.32960893854748602,0,26,4.2728316003845377,0.35365853658536583,1,22.606816021945018,0.11846689895470383
DSNY,6,2022-11,164,0.35365853658536583,0.37195121951219512,0,50,6.8976192956349207,0.59685863874345546,1,32.326520804838772,0.23474178403755869
DSNY,6,2022-12,191,0.59685863874345546,0.26315789473684209,0.010471204188481676,44,9.5478342381086669,0.27218934911242604,0,51.858591587302058,0.65714285714285714
DSNY,6,2023-01,169,0.27218934911242604,0.39644970414201186,0,26,8.7930850168350165,0.26797385620915032,0,26.128316597937147,0.13513513513513514
DSNY,6,2023-02,153,0.26797385620915032,0.47058823529411764,0.013071895424836602,11,4.2998312803130512,0.028368794326241134,0,24.997369355479265,0.11846689895470383
DSNY,6,2023-03,141,0.028368794326241134,0.45323741007194246,0.014184397163120567,12,2.373774636243386,0.15853658536585366,0,5.2995529883746464,0
DSNY,6,2023-04,164,0.15853658536585366,0.44171779141104295,0.012195121951219513,42,2.5514176513267,0.036585365853658534,0,16.006199280966655,0.078378378378378383
DSNY,6,2023-05,164,0.036585365853658534,0.44720496894409939,0.0060975609756097563,17,3.0355833578287279,0.0099502487562189053,0,6.0970357326865283,0
DSNY,6,2023-06,201,0.0099502487562189053,0.4642857142857143,0.019900497512437811,8,2.1626328262786596,0.032863849765258218,0,3.8171279136574152,0
DSNY,6,2023-07,213,0.032863849765258218,0.44761904761904764,0.018779342723004695,27,2.1550779161893852,0.04048582995951417,0,5.7611705980878423,0
DSNY,6,2023-08,247,0.04048582995951417,0.48582995951417002,0.056680161943319839,24,2.391980324074074,0.093220338983050849,0,6.7760841663010618,0
DSNY,6,2023-09,236,0.093220338983050849,0.4978540772532189,0.038135593220338986,12,2.5158052848715649,0.036585365853658534,0,10.864342952425545,0.017391304347826087
DSNY,6,2023-10,246,0.036585365853658534,0.46122448979591835,0.06910569105691057,22,2.177335756042059,0.078787878787878782,0,6.3307781439083257,0
DSNY,6,2023-11,165,0.078787878787878782,0.49693251533742333,0.036363636363636362,20,2.8282456614548681,0,0,9.8556467410471864,0.017391304347826087
DSNY,6,2023-12,164,0,0.59509202453987731,0.042682926829268296,15,1.9693776709401709,0.01834862385321101,0,3.8173222914109051,0
DSNY,6,2024-01,109,0.01834862385321101,0.47706422018348627,0.082568807339449546,1,3.1172156353507976,0.10204081632653061,0,5.0193559471091307,0
DSNY,6,2024-02,98,0.10204081632653061,0.37234042553191488,0.071428571428571425,8,1.6857502798127799,0.0071942446043165471,0,10.868653166922366,0.017391304347826087
DSNY,6,2024-03,139,0.0071942446043165471,0.54545454545454541,0.028776978417266189,4,1.3336268939393938,0.007462686567164179,0,3.8069003871927141,0
DSNY,6,2024-04,134,0.007462686567164179,0.4925373134328358,0.044776119402985072,4,1.4534032960199006,0.0058823529411764705,0,3.6723233002954623,0
DSNY,6,2024-05,170,0.0058823529411764705,0.47337278106508873,0.058823529411764705,10,1.4236459039069558,0,0,3.5769169075101308,0
DSNY,6,2024-06,162,0,0.5,0.037037037037037035,12,1.3936246383101851,0.095238095238095233,0,3.1446107995450161,0
DSNY,6,2024-07,189,0.095238095238095233,0.49197860962566847,0.037037037037037035,16,1.8450188938938938,0.0046511627906976744,0,10.873539581168977,0.017391304347826087
DSNY,6,2024-08,215,0.0046511627906976744,0.48325358851674644,0.088372093023255813,9,1.8437129838171504,0.0051282051282051282,0,3.7650370485677254,0
DSNY,6,2024-09,195,0.0051282051282051282,0.45077720207253885,0.046153846153846156,18,1.3238829773994425,0.0057142857142857143,0,3.40141502157116,0
DSNY,6,2024-10,175,0.0057142857142857143,0.52631578947368418,0.040000000000000001,13,1.1830202546296296,0.04790419161676647,0,3.7085852820038689,0
DSNY,6,2024-11,167,0.04790419161676647,0.49696969696969695,0.035928143712574849,3,2.048554679326219,0.090277777777777776,0,7.0167366968965084,0
DSNY,6,2024-12,144,0.090277777777777776,0.51773049645390068,0.055555555555555552,10,2.9088466477426334,0.045685279187817257,0,10.887833297531067,0.017391304347826087
DSNY,6,2025-01,197,0.045685279187817257,0.44041450777202074,0.091370558375634514,13,1.690089549923635,0.037593984962406013,0,6.8544165235482293,0
DSNY,6,2025-02,133,0.037593984962406013,0.48091603053435117,0.13533834586466165,14,1.6682873000841751,0.014634146341463415,0,6.6348858370831048,0
DSNY,6,2025-03,205,0.014634146341463415,0.53535353535353536,0.082926829268292687,14,2.0360365853658537,0.13197969543147209,0,4.895846735269461,0
DSNY,6,2025-04,197,0.13197969543147209,0.51832460732984298,0.071065989847715741,10,2.5348196517412935,0.075376884422110546,0,14.215389068489843,0.078378378378378383
DSNY,6,2025-05,199,0.075376884422110546,0.56315789473684208,0.040201005025125629,15,2.2484344573310424,0.090476190476190474,0,9.7418623191244826,0.017391304347826087
DSNY,6,2025-06,210,0.090476190476190474,0.54973821989528793,0.12380952380952381,26,2.130791689931137,0.043956043956043959,0,11.389498251045953,0.017391304347826087
DSNY,6,2025-07,182,0.043956043956043959,0.48863636363636365,0.038461538461538464,29,1.782133638526795,0,0,6.8844195944989686,0
DSNY,6,2025-08,189,0,0.53804347826086951,0.10052910052910052,26,1.6801450978973766,0.096153846153846159,0,3.869177331258308,0
DSNY,6,2025-09,208,0.096153846153846159,0.59803921568627449,0.096153846153846159,43,2.192264640294745,0.061855670103092786,0,12.142047376791581,0.027397260273972601
DSNY,6,2025-10,194,0.061855670103092786,0.62631578947368416,0.10824742268041238,48,2.6569464653145207,0.080645161290322578,0,9.7638421796716681,0.017391304347826087
DSNY,6,2025-11,124,0.080645161290322578,0.68852459016393441,0.088709677419354843,23,2.5903525820283373,0.0074074074074074077,0,11.199092289684412,0.017391304347826087
DSNY,7,2022-01,57,0.42105263157894735,0.052631578947368418,0,8,5.4323436318972034,0.17777777777777778,0,35.326470611477042,0.3271604938271605
DSNY,7,2022-02,45,0.17777777777777778,0.1111111111111111,0.044444444444444446,1,4.7903757122507127,0.17692307692307693,0,16.151897238540631,0.078378378378378383
DSNY,7,2022-03,130,0.17692307692307693,0.15625,0,11,3.4162880979938275,0.30434782608695654,0,15.865768601884936,0.078378378378378383
DSNY,7,2022-04,115,0.30434782608695654,0.22608695652173913,0,7,4.2248117997198884,0.26811594202898553,0,26.559075674834045,0.1702127659574468
DSNY,7,2022-05,138,0.26811594202898553,0.2608695652173913,0.007246376811594203,37,2.6572734482167353,0.5,1,23.815680796905323,0.11846689895470383
DSNY,7,2022-06,162,0.5,0.20370370370370369,0.0061728395061728392,61,10.397143971417069,0.65263157894736845,1,44.173974803155502,0.57692307692307687
DSNY,7,2022-07,190,0.65263157894736845,0.21578947368421053,0,63,11.901690492021277,0.44385026737967914,1,56.793725292227549,0.92105263157894735
DSNY,7,2022-08,187,0.44385026737967914,0.37634408602150538,0.032085561497326207,37,8.2859002238741084,0.39156626506024095,1,39.916990751130967,0.35869565217391303
DSNY,7,2022-09,166,0.39156626506024095,0.29518072289156627,0.024096385542168676,40,5.4980990115882751,0.20895522388059701,0,34.656166626224163,0.3271604938271605
DSNY,7,2022-10,134,0.20895522388059701,0.40151515151515149,0.029850746268656716,12,4.5375132173068131,0.45370370370370372,1,20.081665210937903,0.11846689895470383
DSNY,7,2022-11,108,0.45370370370370372,0.3611111111111111,0,36,8.9153123622134043,0.49019607843137253,1,40.608011395869731,0.45238095238095238
DSNY,7,2022-12,102,0.49019607843137253,0.38235294117647056,0,26,11.343594060019841,0.5130434782608696,1,44.105988242318396,0.57692307692307687
DSNY,7,2023-01,115,0.5130434782608696,0.42608695652173911,0.034782608695652174,29,6.6555660962301593,0.33333333333333331,0,45.241276827382826,0.57692307692307687
DSNY,7,2023-02,87,0.33333333333333331,0.50574712643678166,0,5,5.5510698198198201,0.036363636363636362,0,30.570963272558881,0.19
DSNY,7,2023-03,110,0.036363636363636362,0.55045871559633031,0.027272727272727271,7,2.2695714377572016,0.21929824561403508,0,6.4127827019278758,0
DSNY,7,2023-04,114,0.21929824561403508,0.44247787610619471,0.026315789473684209,24,3.8464763507063764,0,0,21.058991177685922,0.11846689895470383
DSNY,7,2023-05,140,0,0.47445255474452552,0.042857142857142858,10,2.6138262836700337,0.014388489208633094,0,3.315458386232101,0
DSNY,7,2023-06,139,0.014388489208633094,0.44525547445255476,0.043165467625899283,9,1.9396073082010583,0.010067114093959731,0,4.1508410199796746,0
DSNY,7,2023-07,298,0.010067114093959731,0.41666666666666669,0.22483221476510068,33,1.4373233052852121,0.019607843137254902,0,4.705642129445061,0
DSNY,7,2023-08,306,0.019607843137254902,0.50167224080267558,0.26797385620915032,16,1.3485728772503154,0.044692737430167599,0,5.9080255952503808,0
DSNY,7,2023-09,179,0.044692737430167599,0.50289017341040465,0.05027932960893855,16,2.0097033416097663,0.024875621890547265,0,6.9899283658487334,0
DSNY,7,2023-10,201,0.024875621890547265,0.43216080402010049,0.03482587064676617,20,1.8754834672870841,0.047619047619047616,0,4.9841327204089891,0
DSNY,7,2023-11,147,0.047619047619047616,0.54545454545454541,0.034013605442176874,20,2.3613220427059711,0.083333333333333329,0,7.4817613382492016,0
DSNY,7,2023-12,144,0.083333333333333329,0.55944055944055948,0.083333333333333329,26,2.2024795356951157,0.068376068376068383,0,10.68127873945649,0.017391304347826087
DSNY,7,2024-01,117,0.068376068376068383,0.5855855855855856,0.15384615384615385,10,2.0879727965747699,0.028571428571428571,0,9.7708622338077245,0.017391304347826087
DSNY,7,2024-02,105,0.028571428571428571,0.48514851485148514,0.095238095238095233,13,1.216795116194626,0.0086206896551724137,0,5.6155568910249505,0
DSNY,7,2024-03,116,0.0086206896551724137,0.47368421052631576,0.086206896551724144,10,1.1177107648615001,0.0067567567567567571,0,3.8615696428095934,0
DSNY,7,2024-04,148,0.0067567567567567571,0.52083333333333337,0.060810810810810814,15,1.339063875938876,0.017045454545454544,0,3.927035165777109,0
DSNY,7,2024-05,176,0.017045454545454544,0.47398843930635837,0.10795454545454546,12,1.1933000982826401,0.016666666666666666,0,4.6850507688725029,0
DSNY,7,2024-06,180,0.016666666666666666,0.4632768361581921,0.050000000000000003,10,1.1262617648555149,0.07281553398058252,0,4.2742093491146074,0
DSNY,7,2024-07,206,0.07281553398058252,0.46938775510204084,0.067961165048543687,16,1.6085898726851853,0.0064516129032258064,0,9.0650784170279461,0
DSNY,7,2024-08,155,0.0064516129032258064,0.55555555555555558,0.051612903225806452,9,1.4111664094650205,0.094674556213017749,0,3.9837289074051072,0
DSNY,7,2024-09,169,0.094674556213017749,0.53293413173652693,0.10650887573964497,24,1.7142131132756133,0.13740458015267176,0,11.434359578343109,0.017391304347826087
DSNY,7,2024-10,131,0.13740458015267176,0.54761904761904767,0.053435114503816793,13,2.3171560380803338,0.125,0,14.687683645956517,0.078378378378378383
DSNY,7,2024-11,104,0.125,0.45192307692307693,0.04807692307692308,8,2.3128697332653756,0.044117647058823532,0,13.135948742614644,0.027397260273972601
DSNY,7,2024-12,136,0.044117647058823532,0.54477611940298509,0.066176470588235295,16,1.5323741319444444,0.032786885245901641,0,7.1191133363821582,0
DSNY,7,2025-01,122,0.032786885245901641,0.49180327868852458,0.065573770491803282,13,1.5638463888888889,0.07476635514018691,0,5.9204281605041258,0
DSNY,7,2025-02,107,0.07476635514018691,0.54716981132075471,0.10280373831775701,16,1.9201448985042735,0.056603773584905662,0,9.858498065774091,0.017391304347826087
DSNY,7,2025-03,159,0.056603773584905662,0.43670886075949367,0.037735849056603772,10,1.7611607744107745,0.049689440993788817,0,7.4262737093680995,0
DSNY,7,2025-04,161,0.049689440993788817,0.51898734177215189,0.049689440993788817,28,1.4426288526288527,0.065088757396449703,0,7.4594820332659433,0
DSNY,7,2025-05,169,0.065088757396449703,0.49397590361445781,0.053254437869822487,12,1.6838803178178179,0.066225165562913912,0,8.4718192005197217,0
DSNY,7,2025-06,151,0.066225165562913912,0.54109589041095896,0.072847682119205295,16,2.0475248803224995,0.11917098445595854,0,9.0254011382150541,0
DSNY,7,2025-07,193,0.11917098445595854,0.50261780104712039,0.025906735751295335,17,2.3447000988618827,0.043715846994535519,0,12.91537496655741,0.027397260273972601
DSNY,7,2025-08,183,0.043715846994535519,0.53296703296703296,0.032786885245901641,19,1.6816444776959278,0.011904761904761904,0,6.9283846814135206,0
DSNY,7,2025-09,168,0.011904761904761904,0.5535714285714286,0.047619047619047616,11,1.417892926662458,0.038095238095238099,0,4.4129235005783389,0
DSNY,7,2025-10,105,0.038095238095238099,0.63461538461538458,0.066666666666666666,21,1.6137619395711502,0.095238095238095233,0,7.1614387415709517,0
DSNY,7,2025-11,84,0.095238095238095233,0.53846153846153844,0.059523809523809521,13,2.3316881793478261,0.013698630136986301,0,11.302492507702144,0.017391304347826087
DSNY,8,2022-01,139,0.69064748201438853,0.086330935251798566,0.014388489208633094,25,6.7825781757634829,0.75,1,57.636604700307281,0.92105263157894735
DSNY,8,2022-02,108,0.75,0.16666666666666666,0.027777777777777776,50,11.291944026104417,0.41346153846153844,1,64.193177503371601,0.92307692307692313
DSNY,8,2022-03,104,0.41346153846153844,0.27884615384615385,0.028846153846153848,13,11.468023870501707,0.75510204081632648,1,37.485581505970167,0.35869565217391303
DSNY,8,2022-04,98,0.75510204081632648,0.28865979381443296,0.01020408163265306,24,9.1622605363984668,0.79090909090909089,1,64.340025915293438,0.92307692307692313
DSNY,8,2022-05,110,0.79090909090909089,0.27272727272727271,0.018181818181818181,53,10.265511116826703,0.87786259541984735,1,67.735516312618657,1
DSNY,8,2022-06,131,0.87786259541984735,0.20610687022900764,0.0076335877862595417,85,23.557267115600446,0.8294573643410853,1,77.199994343650062,1
DSNY,8,2022-07,129,0.8294573643410853,0.20930232558139536,0.015503875968992248,78,17.002057632080611,0.72839506172839508,1,72.35924304085124,1
DSNY,8,2022-08,162,0.72839506172839508,0.36024844720496896,0.037037037037037035,67,12.870420346285592,0.86875000000000002,1,64.035535307095955,0.92307692307692313
DSNY,8,2022-09,160,0.86875000000000002,0.29559748427672955,0.0625,55,19.785579511197245,0.59663865546218486,1,76.588123254536399,1
DSNY,8,2022-10,119,0.59663865546218486,0.48305084745762711,0.025210084033613446,44,15.062660968660968,0.76666666666666672,1,54.328071254443174,0.81818181818181823
DSNY,8,2022-11,90,0.76666666666666672,0.51136363636363635,0.011111111111111112,33,16.63830789328933,0.55223880597014929,1,68.25997193848572,1
DSNY,8,2022-12,67,0.55223880597014929,0.44776119402985076,0,9,12.558688186813187,0.71830985915492962,1,49.505465798203048,0.65714285714285714
DSNY,8,2023-01,71,0.71830985915492962,0.37142857142857144,0.028169014084507043,17,8.2263945840681956,0.49333333333333335,1,61.603047339276728,0.92105263157894735
DSNY,8,2023-02,75,0.49333333333333335,0.36486486486486486,0.026666666666666668,18,4.9227418043043043,0.19,0,42.788157055118837,0.46666666666666667
DSNY,8,2023-03,100,0.19,0.49494949494949497,0.13,6,4.2707330935846564,0.14423076923076922,0,19.405921628687555,0.078378378378378383
DSNY,8,2023-04,104,0.14423076923076922,0.4563106796116505,0.086538461538461536,5,3.0666407627865961,0.013888888888888888,0,15.036394929526898,0.078378378378378383
DSNY,8,2023-05,144,0.013888888888888888,0.35507246376811596,0.125,9,1.797600529100529,0.13793103448275862,0,4.03530325046823,0
DSNY,8,2023-06,116,0.13793103448275862,0.46086956521739131,0.068965517241379309,19,1.327779743186583,0.36805555555555558,1,14.201679087510632,0.078378378378378383
DSNY,8,2023-07,144,0.36805555555555558,0.51388888888888884,0.076388888888888895,37,4.4247525352733685,0.26400000000000001,0,33.842748362153259,0.2369419473853028
DSNY,8,2023-08,125,0.26400000000000001,0.45161290322580644,0.104,27,5.931338391632373,0.033057851239669422,0,25.597793367012116,0.11846689895470383
DSNY,8,2023-09,121,0.033057851239669422,0.46280991735537191,0.19834710743801653,4,3.1475965309927982,0.024793388429752067,0,6.7428049650789488,0
DSNY,8,2023-10,121,0.024793388429752067,0.5130434782608696,0.057851239669421489,8,1.428298512187401,0.27884615384615385,0,5.2631647863143245,0
DSNY,8,2023-11,104,0.27884615384615385,0.46000000000000002,0.067307692307692304,24,2.2591920507154879,0.089743589743589744,0,25.737210878413634,0.11846689895470383
DSNY,8,2023-12,78,0.089743589743589744,0.42307692307692307,0.076923076923076927,0,4.7390184731299927,0,0,10.80855423977559,0.017391304347826087
DSNY,8,2024-01,68,0,0.56716417910447758,0.14705882352941177,5,1.6310043724279835,0.043010752688172046,0,4.0127949400354757,0
DSNY,8,2024-02,93,0.043010752688172046,0.5494505494505495,0.26881720430107525,3,1.9734764863547758,0,0,8.034241882500293,0
DSNY,8,2024-03,87,0,0.55952380952380953,0.16091954022988506,1,1.2572930971702039,0.016260162601626018,0,3.9123974010940419,0
DSNY,8,2024-04,123,0.016260162601626018,0.6386554621848739,0.21951219512195122,5,1.1047105508870214,0.033783783783783786,0,5.9079426916636937,0
DSNY,8,2024-05,148,0.033783783783783786,0.5374149659863946,0.14189189189189189,5,1.5458939408158159,0.16666666666666666,0,6.5206315911758734,0
DSNY,8,2024-06,138,0.16666666666666666,0.57462686567164178,0.22463768115942029,22,1.8652564470462198,0.050000000000000003,0,18.007584449647215,0.078378378378378383
DSNY,8,2024-07,140,0.050000000000000003,0.52592592592592591,0.20000000000000001,11,2.8478134964434636,0.056250000000000001,0,8.4249041248114001,0
DSNY,8,2024-08,160,0.056250000000000001,0.64052287581699341,0.22500000000000001,16,1.5902576164874551,0.078431372549019607,0,9.3763530741920356,0.017391304347826087
DSNY,8,2024-09,153,0.078431372549019607,0.60526315789473684,0.16993464052287582,6,2.1758501618950237,0.12666666666666668,0,10.732589999496586,0.017391304347826087
DSNY,8,2024-10,150,0.12666666666666668,0.64827586206896548,0.19333333333333333,13,2.1746759259259258,0.058139534883720929,0,14.997492286802533,0.078378378378378383
DSNY,8,2024-11,86,0.058139534883720929,0.69512195121951215,0.26744186046511625,3,2.4016096402391978,0.20000000000000001,0,10.068025119168665,0.017391304347826087
DSNY,8,2024-12,95,0.20000000000000001,0.64210526315789473,0.094736842105263161,16,1.7655110941734418,0.066666666666666666,0,20.27466349154621,0.11846689895470383
DSNY,8,2025-01,90,0.066666666666666666,0.64444444444444449,0.22222222222222221,6,2.7703812499999998,0.045977011494252873,0,10.390412414683682,0.017391304347826087
DSNY,8,2025-02,87,0.045977011494252873,0.67441860465116277,0.14942528735632185,10,1.9317349955377063,0.22321428571428573,0,8.3637790449305207,0
DSNY,8,2025-03,112,0.22321428571428573,0.5267857142857143,0.16071428571428573,34,4.7432812499999999,0.23129251700680273,0,22.785637855037375,0.11846689895470383
DSNY,8,2025-04,147,0.23129251700680273,0.61870503597122306,0.24489795918367346,38,2.6284328056203057,0.18012422360248448,0,23.851012201829228,0.11846689895470383
DSNY,8,2025-05,161,0.18012422360248448,0.59999999999999998,0.14285714285714285,35,4.2261158395438123,0.13698630136986301,0,19.502626638365818,0.078378378378378383
DSNY,8,2025-06,146,0.13698630136986301,0.6428571428571429,0.16438356164383561,19,4.1099869970278924,0.3987730061349693,1,16.176002068419557,0.078378378378378383
DSNY,8,2025-07,163,0.3987730061349693,0.63190184049079756,0.11042944785276074,67,2.2703276972624797,0.23595505617977527,0,36.865583893309598,0.3271604938271605
DSNY,8,2025-08,178,0.23595505617977527,0.5536723163841808,0.15168539325842698,15,6.761985607890499,0.13333333333333333,0,24.173446118221417,0.11846689895470383
DSNY,8,2025-09,255,0.13333333333333333,0.65587044534412953,0.16470588235294117,33,2.2405534067823094,0.099236641221374045,0,15.653667577907713,0.078378378378378383
DSNY,8,2025-10,131,0.099236641221374045,0.67938931297709926,0.13740458015267176,9,2.5216792861409796,0.053333333333333337,0,12.719226820292668,0.027397260273972601
DSNY,8,2025-11,75,0.053333333333333337,0.65333333333333332,0.14666666666666667,14,15.15529861111111,0.041666666666666664,0,12.026065167525507,0.027397260273972601
DSNY,9,2022-01,60,0.78333333333333333,0.066666666666666666,0,13,10.253019109535067,0.59183673469387754,1,65.580638610946679,0.92307692307692313
DSNY,9,2022-02,49,0.59183673469387754,0.16326530612244897,0.020408163265306121,13,6.8677553382464103,0.43678160919540232,1,50.039441699648897,0.65714285714285714
DSNY,9,2022-03,87,0.43678160919540232,0.21176470588235294,0,19,6.1225960219478743,0.71212121212121215,1,37.661678124278517,0.35869565217391303
DSNY,9,2022-04,66,0.71212121212121215,0.25757575757575757,0,12,8.0885627536783353,0.91860465116279066,1,60.311928260696902,0.92105263157894735
DSNY,9,2022-05,86,0.91860465116279066,0.10588235294117647,0,39,9.4463543628374129,0.89473684210526316,1,76.682213025504481,1
DSNY,9,2022-06,95,0.89473684210526316,0.14736842105263157,0.042105263157894736,91,15.160545327304048,0.8848920863309353,1,77.104187262208242,1
DSNY,9,2022-07,139,0.8848920863309353,0.23741007194244604,0.014388489208633094,77,17.439144199346405,0.89130434782608692,1,77.022491718213928,1
DSNY,9,2022-08,92,0.89130434782608692,0.28260869565217389,0.010869565217391304,38,17.192213387051172,0.92035398230088494,1,77.271024791525321,1
DSNY,9,2022-09,113,0.92035398230088494,0.34862385321100919,0.0088495575221238937,19,16.478508698092032,0.79166666666666663,1,79.543224902125985,1
DSNY,9,2022-10,96,0.79166666666666663,0.33333333333333331,0,24,11.120749643874644,0.81318681318681318,1,67.904148479247183,1
DSNY,9,2022-11,91,0.81318681318681318,0.24175824175824176,0.02197802197802198,37,14.632251750949667,0.78431372549019607,1,70.252398073136447,1
DSNY,9,2022-12,51,0.78431372549019607,0.37254901960784315,0.019607843137254902,26,17.062674171146952,0.82499999999999996,1,69.046939952808842,1
DSNY,9,2023-01,80,0.82499999999999996,0.43037974683544306,0.037499999999999999,24,12.689039634146342,0.69999999999999996,1,71.617191012941092,1
DSNY,9,2023-02,60,0.69999999999999996,0.40000000000000002,0.016666666666666666,15,8.5438021672034345,0.47058823529411764,1,60.27799860915912,0.92105263157894735
DSNY,9,2023-03,68,0.47058823529411764,0.4925373134328358,0.014705882352941176,11,6.2702273019547325,0.25,0,41.793842548993673,0.45238095238095238
DSNY,9,2023-04,80,0.25,0.40259740259740262,0.087499999999999994,9,4.5867771849593497,0.032258064516129031,0,23.638790407333527,0.11846689895470383
DSNY,9,2023-05,62,0.032258064516129031,0.46774193548387094,0.080645161290322578,3,2.4293971269063181,0.22727272727272727,0,5.9332358250050383,0
DSNY,9,2023-06,66,0.22727272727272727,0.42424242424242425,0.12121212121212122,18,2.0370812908496734,0.45569620253164556,1,21.585473308999489,0.11846689895470383
DSNY,9,2023-07,79,0.45569620253164556,0.35526315789473684,0.075949367088607597,23,5.8402657344844844,0.33333333333333331,0,40.247283577443888,0.35869565217391303
DSNY,9,2023-08,105,0.33333333333333331,0.43269230769230771,0.057142857142857141,19,4.7771216658171936,0.13114754098360656,0,30.455633060860013,0.19
DSNY,9,2023-09,122,0.13114754098360656,0.44166666666666665,0.090163934426229511,13,4.3755385561342592,0.38388625592417064,1,14.331420104255278,0.078378378378378383
DSNY,9,2023-10,211,0.38388625592417064,0.40298507462686567,0.047393364928909949,26,4.5523333450243175,0.3493975903614458,1,34.323325521606534,0.3271604938271605
DSNY,9,2023-11,83,0.3493975903614458,0.36144578313253012,0.084337349397590355,27,3.718124294263776,0.089743589743589744,0,31.353129610377863,0.23474178403755869
DSNY,9,2023-12,78,0.089743589743589744,0.46753246753246752,0.14102564102564102,3,5.2083811047567181,0.13084112149532709,0,11.495023237017074,0.017391304347826087
DSNY,9,2024-01,107,0.13084112149532709,0.49056603773584906,0.16822429906542055,11,1.8799093948746726,0.090909090909090912,0,14.325891343227173,0.078378378378378383
DSNY,9,2024-02,99,0.090909090909090912,0.58333333333333337,0.18181818181818182,2,2.5576039523319616,0,0,11.729064922708192,0.017391304347826087
DSNY,9,2024-03,82,0,0.55555555555555558,0.14634146341463414,13,1.2405416992696923,0,0,3.9430622464191107,0
DSNY,9,2024-04,79,0,0.60256410256410253,0.21518987341772153,8,1.5158377425044092,0,0,4.5348633580197264,0
DSNY,9,2024-05,100,0,0.44791666666666669,0.089999999999999997,8,1.0534630787037036,0,0,3.0255057836387569,0
DSNY,9,2024-06,159,0,0.63636363636363635,0.15723270440251572,9,0.94781792076887006,0.023809523809523808,0,4.2893548876128955,0
DSNY,9,2024-07,126,0.023809523809523808,0.50806451612903225,0.15079365079365079,9,1.3812297912992357,0.11504424778761062,0,5.6236814185690713,0
DSNY,9,2024-08,113,0.11504424778761062,0.5982142857142857,0.061946902654867256,21,1.4046544966996699,0.026315789473684209,0,13.061918189383324,0.027397260273972601
DSNY,9,2024-09,152,0.026315789473684209,0.68840579710144922,0.078947368421052627,12,1.8808812111801241,0.037267080745341616,0,6.5175420919720999,0
DSNY,9,2024-10,161,0.037267080745341616,0.56493506493506496,0.12422360248447205,10,1.5051724750056805,0.019801980198019802,0,6.891929015176415,0
DSNY,9,2024-11,101,0.019801980198019802,0.62,0.23762376237623761,4,1.695880603149879,0.17391304347826086,0,6.3188008337817205,0
DSNY,9,2024-12,92,0.17391304347826086,0.67391304347826086,0.17391304347826086,13,2.3496622601517183,0.0091743119266055051,0,18.849966250750267,0.078378378378378383
DSNY,9,2025-01,109,0.0091743119266055051,0.67592592592592593,0.37614678899082571,7,1.8643852657004831,0.026666666666666668,0,6.512838372593051,0
DSNY,9,2025-02,75,0.026666666666666668,0.66666666666666663,0.20000000000000001,5,1.4827831890331891,0.070175438596491224,0,6.8730309563798038,0
DSNY,9,2025-03,114,0.070175438596491224,0.62831858407079644,0.25438596491228072,11,2.0046624228395062,0.19626168224299065,0,10.621949837008676,0.017391304347826087
DSNY,9,2025-04,107,0.19626168224299065,0.6132075471698113,0.16822429906542055,26,1.1674484198872785,0.11711711711711711,0,20.16222059113311,0.11846689895470383
DSNY,9,2025-05,111,0.11711711711711711,0.60360360360360366,0.16216216216216217,19,9.8765193424356568,0.059523809523809521,0,15.752983767668187,0.078378378378378383
DSNY,9,2025-06,168,0.059523809523809521,0.67073170731707321,0.18452380952380953,10,2.7532905027202346,0.18461538461538463,0,9.800317843177865,0.017391304347826087
DSNY,9,2025-07,130,0.18461538461538463,0.67441860465116277,0.16923076923076924,23,1.4599074074074074,0.044776119402985072,0,19.579438787425275,0.078378378378378383
DSNY,9,2025-08,134,0.044776119402985072,0.61940298507462688,0.27611940298507465,9,4.1976645395395398,0.037037037037037035,0,9.1553559110329115,0.017391304347826087
DSNY,9,2025-09,108,0.037037037037037035,0.56481481481481477,0.18518518518518517,7,1.3091249999999999,0.016666666666666666,0,7.0991808850746079,0
DSNY,9,2025-10,120,0.016666666666666666,0.68067226890756305,0.125,7,1.4929183063271603,0.020202020202020204,0,5.7917017384692704,0
DSNY,9,2025-11,99,0.020202020202020204,0.66666666666666663,0.16161616161616163,5,1.4047477768610195,0.10714285714285714,0,6.1453465140682857,0
DSNY,10,2022-01,73,0.38356164383561642,0.027397260273972601,0,20,3.5850480433263456,0.23999999999999999,0,31.888294953623891,0.23474178403755869
DSNY,10,2022-02,75,0.23999999999999999,0.053333333333333337,0,2,6.9687877090800479,0.52873563218390807,1,21.148173766471604,0.11846689895470383
DSNY,10,2022-03,87,0.52873563218390807,0.091954022988505746,0.022988505747126436,10,5.682894690576652,0.1276595744680851,0,44.333569916261908,0.57692307692307687
DSNY,10,2022-04,94,0.1276595744680851,0.15053763440860216,0,10,3.8595316193853431,0.40000000000000002,1,11.991124938498254,0.027397260273972601
DSNY,10,2022-05,115,0.40000000000000002,0.18260869565217391,0,38,3.4298261228182207,0.39568345323741005,1,34.133518335541098,0.3271604938271605
DSNY,10,2022-06,139,0.39568345323741005,0.19708029197080293,0.021582733812949641,57,10.417308159722221,0.7024793388429752,1,35.834948092218362,0.3271604938271605
DSNY,10,2022-07,121,0.7024793388429752,0.21487603305785125,0.0082644628099173556,31,15.312703058075082,0.56521739130434778,1,61.291268298075224,0.92105263157894735
DSNY,10,2022-08,115,0.56521739130434778,0.20000000000000001,0.026086956521739129,31,6.8880511272141707,0.43262411347517732,1,48.317886246565415,0.65714285714285714
DSNY,10,2022-09,141,0.43262411347517732,0.2608695652173913,0.0070921985815602835,29,9.6355133061383071,0.3482142857142857,1,38.553181522443786,0.35869565217391303
DSNY,10,2022-10,112,0.3482142857142857,0.30357142857142855,0.026785714285714284,23,4.6577822897049597,0.5968992248062015,1,30.862743634042186,0.23474178403755869
DSNY,10,2022-11,129,0.5968992248062015,0.26356589147286824,0,47,8.4668127204585542,0.59595959595959591,1,51.585813415499565,0.65714285714285714
DSNY,10,2022-12,99,0.59595959595959591,0.25252525252525254,0,47,15.112043467078188,0.41935483870967744,1,53.038678748985639,0.66666666666666663
DSNY,10,2023-01,124,0.41935483870967744,0.36885245901639346,0.064516129032258063,28,10.642366129241129,0.34615384615384615,1,38.547949690768526,0.35869565217391303
DSNY,10,2023-02,104,0.34615384615384615,0.27884615384615385,0,15,5.9537737416904077,0.052631578947368418,0,30.664198594827674,0.23474178403755869
DSNY,10,2023-03,76,0.052631578947368418,0.1891891891891892,0.092105263157894732,9,4.3697189758355917,0.1368421052631579,0,6.7536295619290074,0
DSNY,10,2023-04,95,0.1368421052631579,0.32978723404255317,0.063157894736842107,20,4.0053283454585538,0.27272727272727271,0,14.078661312456514,0.078378378378378383
DSNY,10,2023-05,110,0.27272727272727271,0.40366972477064222,0.036363636363636362,16,4.4796722709551657,0.072992700729927001,0,25.255435502182692,0.11846689895470383
DSNY,10,2023-06,137,0.072992700729927001,0.40000000000000002,0.036496350364963501,6,2.9803787950365335,0.1984126984126984,0,8.7956605565140062,0
DSNY,10,2023-07,126,0.1984126984126984,0.27272727272727271,0.03968253968253968,18,3.5344792681936323,0.092436974789915971,0,18.46820516663773,0.078378378378378383
DSNY,10,2023-08,119,0.092436974789915971,0.42016806722689076,0.084033613445378158,15,2.5036704045233757,0.095238095238095233,0,10.671693323974273,0.017391304347826087
DSNY,10,2023-09,105,0.095238095238095233,0.40776699029126212,0.11428571428571428,11,3.1728511510363573,0.19101123595505617,0,11.102010383913179,0.017391304347826087
DSNY,10,2023-10,178,0.19101123595505617,0.31428571428571428,0.0449438202247191,7,3.4012136879324379,0.11538461538461539,0,17.961665108401355,0.078378378378378383
DSNY,10,2023-11,130,0.11538461538461539,0.33070866141732286,0.015384615384615385,20,2.9496808721114274,0.074626865671641784,0,11.876293929658742,0.017391304347826087
DSNY,10,2023-12,134,0.074626865671641784,0.39393939393939392,0.082089552238805971,9,2.826984833971903,0.088495575221238937,0,9.1193604930284398,0.017391304347826087
DSNY,10,2024-01,113,0.088495575221238937,0.40707964601769914,0.10619469026548672,4,1.835679143126177,0.015625,0,10.125824015495999,0.017391304347826087
DSNY,10,2024-02,64,0.015625,0.5714285714285714,0.171875,3,1.0333675213675213,0.0082644628099173556,0,5.2445767544581772,0
DSNY,10,2024-03,121,0.0082644628099173556,0.42372881355932202,0.090909090909090912,8,1.1479680515644954,0,0,3.5927832630483385,0
DSNY,10,2024-04,76,0,0.38157894736842107,0.14473684210526316,4,1.1585852141203703,0,0,2.9500880204734008,0
DSNY,10,2024-05,101,0,0.42424242424242425,0.059405940594059403,6,1.3707260101010101,0.015503875968992248,0,2.8085190421074726,0
DSNY,10,2024-06,129,0.015503875968992248,0.43307086614173229,0.069767441860465115,11,1.3146012544802868,0.058823529411764705,0,4.1844830753631079,0
DSNY,10,2024-07,136,0.058823529411764705,0.35820895522388058,0.11764705882352941,10,1.866246536226007,0.035398230088495575,0,7.6359528970595951,0
DSNY,10,2024-08,113,0.035398230088495575,0.4017857142857143,0.097345132743362831,9,1.8192912402534112,0.15094339622641509,0,5.8565037531773099,0
DSNY,10,2024-09,106,0.15094339622641509,0.41747572815533979,0.084905660377358486,4,2.5726718385051721,0.14678899082568808,0,15.242759992599593,0.078378378378378383
DSNY,10,2024-10,109,0.14678899082568808,0.5,0.11009174311926606,10,2.1290825017979143,0.069444444444444448,0,15.406970494831368,0.078378378378378383
DSNY,10,2024-11,72,0.069444444444444448,0.3888888888888889,0.097222222222222224,3,2.7697187060478199,0.16981132075471697,0,8.6778417548248186,0
DSNY,10,2024-12,106,0.16981132075471697,0.44761904761904764,0.12264150943396226,16,2.2124148745519712,0.38043478260869568,1,17.133145328499857,0.078378378378378383
DSNY,10,2025-01,92,0.38043478260869568,0.4044943820224719,0.05434782608695652,11,5.2929939862542961,0.36144578313253012,1,34.106755743709428,0.3271604938271605
DSNY,10,2025-02,83,0.36144578313253012,0.41463414634146339,0.15662650602409639,25,2.6434782608695655,0.06569343065693431,0,32.667107586935664,0.23474178403755869
DSNY,10,2025-03,137,0.06569343065693431,0.43795620437956206,0.10218978102189781,12,3.4259966049382715,0.14960629921259844,0,8.8998371532243841,0
DSNY,10,2025-04,127,0.14960629921259844,0.46825396825396826,0.1889763779527559,22,3.0494806505223173,0.22330097087378642,0,16.214728562953393,0.078378378378378383
DSNY,10,2025-05,103,0.22330097087378642,0.41414141414141414,0.24271844660194175,26,3.3604678731762068,0.18699186991869918,0,22.224994236143207,0.11846689895470383
DSNY,10,2025-06,123,0.18699186991869918,0.44827586206896552,0.25203252032520324,16,3.9122314466722363,0.13333333333333333,0,19.562818736331433,0.078378378378378383
DSNY,10,2025-07,150,0.13333333333333333,0.46938775510204084,0.18666666666666668,27,2.5535688116173727,0.14492753623188406,0,14.841941639282792,0.078378378378378383
DSNY,10,2025-08,138,0.14492753623188406,0.36296296296296299,0.20289855072463769,16,2.9659799123788217,0.033898305084745763,0,15.299996739231863,0.078378378378378383
DSNY,10,2025-09,118,0.033898305084745763,0.51754385964912286,0.13559322033898305,14,2.2680124421296299,0.086206896551724144,0,6.6665314493789865,0
DSNY,10,2025-10,116,0.086206896551724144,0.44347826086956521,0.060344827586206899,13,2.739989217315606,0.125,0,10.206465673598125,0.017391304347826087
DSNY,10,2025-11,88,0.125,0.55294117647058827,0.056818181818181816,12,2.4414308936745734,0.06363636363636363,0,13.75783910864682,0.078378378378378383
DSNY,11,2022-01,112,0.4375,0.053571428571428568,0.0089285714285714281,32,4.6590049189814815,0.30927835051546393,0,36.76212721170134,0.3271604938271605
DSNY,11,2022-02,97,0.30927835051546393,0.092783505154639179,0.010309278350515464,5,7.1404496154420549,0.30508474576271188,0,27.011971040532547,0.17582417582417584
DSNY,11,2022-03,177,0.30508474576271188,0.15819209039548024,0.0056497175141242938,28,4.9078497775372778,0.22012578616352202,0,26.692468862518144,0.1702127659574468
DSNY,11,2022-04,159,0.22012578616352202,0.17088607594936708,0.0062893081761006293,15,3.9354133021102498,0.29032258064516131,0,19.592748970153508,0.078378378378378383
DSNY,11,2022-05,186,0.29032258064516131,0.25806451612903225,0.010752688172043012,61,2.950424933862434,0.33526011560693642,0,25.920334872520808,0.13513513513513514
DSNY,11,2022-06,173,0.33526011560693642,0.2774566473988439,0.0057803468208092483,63,8.763334483972276,0.54260089686098656,1,30.993594713256854,0.23474178403755869
DSNY,11,2022-07,223,0.54260089686098656,0.24324324324324326,0.017937219730941704,41,12.25468466553288,0.40462427745664742,1,48.068806153583097,0.625
DSNY,11,2022-08,173,0.40462427745664742,0.32369942196531792,0.0057803468208092483,24,7.0915656067251458,0.36879432624113473,1,35.961611713192752,0.3271604938271605
DSNY,11,2022-09,141,0.36879432624113473,0.33333333333333331,0.0070921985815602835,22,6.9656753431753433,0.29139072847682118,0,33.098727139408723,0.23474178403755869
DSNY,11,2022-10,151,0.29139072847682118,0.35761589403973509,0.0066225165562913907,19,4.705283113876864,0.40384615384615385,1,26.455130354189016,0.1702127659574468
DSNY,11,2022-11,156,0.40384615384615385,0.37820512820512819,0.032051282051282048,45,8.3488872863247856,0.58974358974358976,1,36.825736537674423,0.3271604938271605
DSNY,11,2022-12,117,0.58974358974358976,0.41880341880341881,0.0085470085470085479,53,14.164674651715936,0.47741935483870968,1,53.25350819559538,0.66666666666666663
DSNY,11,2023-01,155,0.47741935483870968,0.40645161290322579,0.025806451612903226,29,10.759330061555969,0.46774193548387094,1,43.226025788010197,0.54559020573669081
DSNY,11,2023-02,124,0.46774193548387094,0.28455284552845528,0,22,6.2148158750353399,0.19847328244274809,0,40.556257128013577,0.45238095238095238
DSNY,11,2023-03,131,0.19847328244274809,0.41221374045801529,0.0076335877862595417,23,3.8238453525641027,0.16,0,19.132257863500286,0.078378378378378383
DSNY,11,2023-04,175,0.16,0.47126436781609193,0.057142857142857141,41,3.5158600200518988,0.016853932584269662,0,16.714911520986217,0.078378378378378383
DSNY,11,2023-05,178,0.016853932584269662,0.3559322033898305,0.016853932584269662,21,3.205779788627011,0.0053191489361702126,0,4.1989564828088817,0
DSNY,11,2023-06,188,0.0053191489361702126,0.38172043010752688,0.037234042553191488,15,2.3407104333715161,0.043010752688172046,0,3.2372207554691563,0
DSNY,11,2023-07,186,0.043010752688172046,0.33695652173913043,0.048387096774193547,10,2.2443568814233079,0.017964071856287425,0,6.0084525194915992,0
DSNY,11,2023-08,167,0.017964071856287425,0.43712574850299402,0.029940119760479042,11,2.1962296407853636,0.080645161290322578,0,4.412482706673436,0
DSNY,11,2023-09,186,0.080645161290322578,0.40659340659340659,0.026881720430107527,16,2.8285839344178432,0.0449438202247191,0,9.46274073667872,0.017391304347826087
DSNY,11,2023-10,178,0.0449438202247191,0.44318181818181818,0.02247191011235955,18,2.7034303319654884,0.052023121387283239,0,6.7589471355369986,0
DSNY,11,2023-11,173,0.052023121387283239,0.4913294797687861,0.0057803468208092483,13,2.8497404936537665,0,0,7.4643491134582103,0
DSNY,11,2023-12,138,0,0.52941176470588236,0.079710144927536225,11,1.911414517195767,0.035460992907801421,0,3.6177870270171177,0
DSNY,11,2024-01,141,0.035460992907801421,0.5539568345323741,0.085106382978723402,13,1.6969206301625366,0.050505050505050504,0,6.5744937433476309,0
DSNY,11,2024-02,99,0.050505050505050504,0.42424242424242425,0.10101010101010101,6,2.0499118841719075,0.023255813953488372,0,7.2187534993694751,0
DSNY,11,2024-03,129,0.023255813953488372,0.5078125,0.046511627906976744,5,1.4635869836182338,0.0071942446043165471,0,5.0338657512210156,0
DSNY,11,2024-04,139,0.0071942446043165471,0.43884892086330934,0.057553956834532377,12,1.2319262941919191,0,0,3.4784545464500365,0
DSNY,11,2024-05,133,0,0.5,0.045112781954887216,7,1.5588421732420827,0.069767441860465115,0,3.1712749098948598,0
DSNY,11,2024-06,129,0.069767441860465115,0.52713178294573648,0.10852713178294573,17,1.6811341619981326,0.021739130434782608,0,9.3406842556999834,0.017391304347826087
DSNY,11,2024-07,138,0.021739130434782608,0.53333333333333333,0.057971014492753624,8,2.1475714915595869,0.051470588235294115,0,5.292241110964385,0
DSNY,11,2024-08,136,0.051470588235294115,0.42748091603053434,0.051470588235294115,21,1.6795534101174345,0.037313432835820892,0,7.1354847504964569,0
DSNY,11,2024-09,134,0.037313432835820892,0.41666666666666669,0.074626865671641784,23,1.9275749684343435,0.019230769230769232,0,6.1449502041808879,0
DSNY,11,2024-10,156,0.019230769230769232,0.43243243243243246,0.02564102564102564,13,2.1175100401606426,0.015503875968992248,0,4.4713322001129656,0
DSNY,11,2024-11,129,0.015503875968992248,0.49206349206349204,0.03875968992248062,6,1.5709482230392156,0.011049723756906077,0,4.332401779275143,0
DSNY,11,2024-12,181,0.011049723756906077,0.54545454545454541,0.033149171270718231,13,1.4965166693273733,0.013605442176870748,0,4.2715494502818991,0
DSNY,11,2025-01,147,0.013605442176870748,0.54166666666666663,0.061224489795918366,18,1.6039185576421491,0.027777777777777776,0,4.6761129378809612,0
DSNY,11,2025-02,108,0.027777777777777776,0.580952380952381,0.07407407407407407,12,1.6318440342755034,0.012345679012345678,0,6.013533235605963,0
DSNY,11,2025-03,162,0.012345679012345678,0.50624999999999998,0.067901234567901231,11,1.5868415558963873,0.015544041450777202,0,4.3532543325939113,0
DSNY,11,2025-04,193,0.015544041450777202,0.53125,0.036269430051813469,16,2.0860324935973207,0.038834951456310676,0,4.7479730933430293,0
DSNY,11,2025-05,206,0.038834951456310676,0.59223300970873782,0.048543689320388349,25,1.7055412789058095,0.036363636363636362,0,6.9824169833090641,0
DSNY,11,2025-06,165,0.036363636363636362,0.55555555555555558,0.12727272727272726,19,1.9742893789257094,0.058823529411764705,0,6.9953113990751437,0
DSNY,11,2025-07,170,0.058823529411764705,0.50887573964497046,0.076470588235294124,20,2.0528781777339469,0.030927835051546393,0,8.3340241376999558,0
DSNY,11,2025-08,194,0.030927835051546393,0.52380952380952384,0.087628865979381437,21,1.988377410765688,0.031055900621118012,0,6.2280839678753397,0
DSNY,11,2025-09,161,0.031055900621118012,0.51249999999999996,0.12422360248447205,12,1.7881610157952068,0.021276595744680851,0,6.2215145291335077,0
DSNY,11,2025-10,141,0.021276595744680851,0.52517985611510787,0.092198581560283682,23,1.4671312321937322,0.0099009900990099011,0,5.382731017525046,0
DSNY,11,2025-11,101,0.0099009900990099011,0.51546391752577314,0.089108910891089105,12,2.1222704819775133,0.081081081081081086,0,4.4479719436228251,0
DSNY,12,2022-01,182,0.60439560439560436,0.043956043956043959,0,51,5.7729482082273114,0.35678391959798994,1,50.48811731356183,0.65714285714285714
DSNY,12,2022-02,199,0.35678391959798994,0.10101010101010101,0,20,8.1158463164251202,0.29487179487179488,0,31.19361816439449,0.23474178403755869
DSNY,12,2022-03,390,0.29487179487179488,0.2454780361757106,0,76,4.4831664795409187,0.26027397260273971,0,26.691988720295438,0.1702127659574468
DSNY,12,2022-04,292,0.26027397260273971,0.25684931506849318,0,42,5.9721860088616223,0.25423728813559321,0,23.974853949768423,0.11846689895470383
DSNY,12,2022-05,354,0.25423728813559321,0.31728045325779036,0,102,3.7096807287729909,0.21637426900584794,0,23.891973272965732,0.11846689895470383
DSNY,12,2022-06,342,0.21637426900584794,0.3235294117647059,0.0029239766081871343,63,8.3283728249246618,0.54807692307692313,1,21.595203683748331,0.11846689895470383
DSNY,12,2022-07,312,0.54807692307692313,0.32371794871794873,0.0096153846153846159,88,7.4764900309717373,0.2089041095890411,0,48.228175911181673,0.63963732904564397
DSNY,12,2022-08,292,0.2089041095890411,0.38620689655172413,0.010273972602739725,43,5.4260482607978897,0.3473684210526316,1,20.44393190350176,0.11846689895470383
DSNY,12,2022-09,380,0.3473684210526316,0.4244031830238727,0.002631578947368421,73,5.2201813161375661,0.26886792452830188,0,31.943239673619406,0.23474178403755869
DSNY,12,2022-10,424,0.26886792452830188,0.42890995260663506,0.0070754716981132077,49,5.5974958922371032,0.32571428571428573,0,25.54308895451997,0.11846689895470383
DSNY,12,2022-11,350,0.32571428571428573,0.46802325581395349,0.0057142857142857143,100,6.9122396413972504,0.40939597315436244,1,31.134188108049262,0.23474178403755869
DSNY,12,2022-12,298,0.40939597315436244,0.50671140939597314,0.0067114093959731542,93,7.8020802216150571,0.28664495114006516,0,38.164827938679075,0.35869565217391303
DSNY,12,2023-01,307,0.28664495114006516,0.4524590163934426,0.016286644951140065,69,9.2809235481705272,0.1674641148325359,0,28.218947096871631,0.19
DSNY,12,2023-02,209,0.1674641148325359,0.51674641148325362,0.014354066985645933,12,4.5733408173210801,0.044270833333333336,0,17.269593210257586,0.078378378378378383
DSNY,12,2023-03,384,0.044270833333333336,0.578125,0.0078125,118,2.8499079070077271,0.2303370786516854,0,8.4029967308100826,0
DSNY,12,2023-04,356,0.2303370786516854,0.50422535211267605,0.011235955056179775,112,3.147272131420094,0.20942408376963351,0,22.943029209027056,0.11846689895470383
DSNY,12,2023-05,382,0.20942408376963351,0.55000000000000004,0.015706806282722512,51,4.3606153854192797,0.15659340659340659,0,21.162744382104318,0.11846689895470383
DSNY,12,2023-06,364,0.15659340659340659,0.53038674033149169,0.027472527472527472,20,5.1917038209095177,0.020833333333333332,0,16.765985688918793,0.078378378378378383
DSNY,12,2023-07,288,0.020833333333333332,0.47386759581881532,0.1736111111111111,17,1.9617412816596667,0.017587939698492462,0,5.5519248555692169,0
DSNY,12,2023-08,398,0.017587939698492462,0.62755102040816324,0.20603015075376885,30,1.7430537217412216,0.0098684210526315784,0,6.3087105718113303,0
DSNY,12,2023-09,304,0.0098684210526315784,0.5629139072847682,0.013157894736842105,12,2.0953088336783989,0.16455696202531644,0,4.2964320934747695,0
DSNY,12,2023-10,316,0.16455696202531644,0.5641025641025641,0.037974683544303799,37,3.6334314544355353,0.38349514563106796,1,17.43336506016459,0.078378378378378383
DSNY,12,2023-11,206,0.38349514563106796,0.59708737864077666,0.038834951456310676,71,3.7285463097545222,0.032258064516129031,0,35.50119438855878,0.3271604938271605
DSNY,12,2023-12,186,0.032258064516129031,0.63978494623655913,0.026881720430107527,22,4.0786337667454688,0.081300813008130079,0,7.1192622910626753,0
DSNY,12,2024-01,123,0.081300813008130079,0.5934959349593496,0.097560975609756101,15,2.2486152065527065,0.043478260869565216,0,10.654312722220357,0.017391304347826087
DSNY,12,2024-02,138,0.043478260869565216,0.60869565217391308,0.10869565217391304,25,1.7135874204282409,0.023529411764705882,0,7.738875231700745,0
DSNY,12,2024-03,170,0.023529411764705882,0.54705882352941182,0.094117647058823528,24,1.6207665285899935,0.11392405063291139,0,5.729165766521791,0
DSNY,12,2024-04,158,0.11392405063291139,0.6387096774193548,0.10759493670886076,9,2.3504526600299722,0.14999999999999999,0,13.500972744495709,0.027397260273972601
DSNY,12,2024-05,160,0.14999999999999999,0.51875000000000004,0.11874999999999999,27,2.6277790818988001,0.17543859649122806,0,16.100175106404922,0.078378378378378383
DSNY,12,2024-06,171,0.17543859649122806,0.53939393939393943,0.10526315789473684,26,3.8254688172911284,0.064748201438848921,0,18.445778026013627,0.078378378378378383
DSNY,12,2024-07,139,0.064748201438848921,0.60869565217391308,0.1079136690647482,16,2.6147784613472531,0.030120481927710843,0,9.5557249536226241,0.017391304347826087
DSNY,12,2024-08,166,0.030120481927710843,0.5662650602409639,0.084337349397590355,19,1.7171414877300615,0.078602620087336247,0,6.273461892151321,0
DSNY,12,2024-09,229,0.078602620087336247,0.5752212389380531,0.10043668122270742,32,2.4514559220679013,0.17241379310344829,0,10.590257506121755,0.017391304347826087
DSNY,12,2024-10,203,0.17241379310344829,0.61928934010152281,0.049261083743842367,26,4.7425466839447106,0.10067114093959731,0,18.541752516671956,0.078378378378378383
DSNY,12,2024-11,149,0.10067114093959731,0.54794520547945202,0.060402684563758392,15,4.0354020543981486,0.1328125,0,12.216092247151972,0.027397260273972601
DSNY,12,2024-12,128,0.1328125,0.5703125,0.0625,18,2.6947713888888889,0.05737704918032787,0,14.622156753721137,0.078378378378378383
DSNY,12,2025-01,122,0.05737704918032787,0.61157024793388426,0.081967213114754092,14,2.8824839248971195,0.0086206896551724137,0,8.8932230228773896,0
DSNY,12,2025-02,116,0.0086206896551724137,0.58260869565217388,0.10344827586206896,27,1.5908258045667025,0.079207920792079209,0,4.7855881291330302,0
DSNY,12,2025-03,202,0.079207920792079209,0.64676616915422891,0.12871287128712872,14,2.7040059216192938,0.026200873362445413,0,11.006876766239575,0.017391304347826087
DSNY,12,2025-04,229,0.026200873362445413,0.56756756756756754,0.17903930131004367,24,2.0579802447995941,0.03608247422680412,0,6.5742073802756638,0
DSNY,12,2025-05,194,0.03608247422680412,0.50785340314136129,0.11855670103092783,23,1.3328238960113958,0.036842105263157891,0,6.5803594232114264,0
DSNY,12,2025-06,190,0.036842105263157891,0.62841530054644812,0.10000000000000001,19,2.5027976446162659,0.040229885057471264,0,7.3874400563675922,0
DSNY,12,2025-07,174,0.040229885057471264,0.63742690058479534,0.14942528735632185,19,1.9623347701149427,0.041176470588235294,0,7.8218835157854389,0
DSNY,12,2025-08,170,0.041176470588235294,0.61309523809523814,0.14117647058823529,13,1.7043483664772727,0.017441860465116279,0,7.6095470669517349,0
DSNY,12,2025-09,172,0.017441860465116279,0.55151515151515151,0.10465116279069768,18,1.9597074600798403,0.043478260869565216,0,5.3341719541430148,0
DSNY,12,2025-10,161,0.043478260869565216,0.5741935483870968,0.11801242236024845,22,2.1135346632460483,0.03048780487804878,0,7.6763902306615925,0
DSNY,12,2025-11,164,0.03048780487804878,0.62962962962962965,0.13414634146341464,15,2.1490597249296077,0.045454545454545456,0,6.9291616502690871,0
DSNY,13,2022-01,46,0.71739130434782605,0.065217391304347824,0,26,7.1901539351851849,0.5757575757575758,1,59.706314948482557,0.92105263157894735
DSNY,13,2022-02,33,0.5757575757575758,0.090909090909090912,0,8,13.477500907770516,0.44155844155844154,1,49.810994572101905,0.65714285714285714
DSNY,13,2022-03,77,0.44155844155844154,0.24675324675324675,0,8,4.8632314213564207,0.28947368421052633,0,37.801947560592907,0.35869565217391303
DSNY,13,2022-04,38,0.28947368421052633,0.23684210526315788,0,1,5.0912062757201646,0.56923076923076921,1,25.565649036892744,0.11846689895470383
DSNY,13,2022-05,65,0.56923076923076921,0.234375,0,22,4.8201662457912455,0.78021978021978022,1,48.092175051397064,0.625
DSNY,13,2022-06,91,0.78021978021978022,0.30769230769230771,0,53,12.344890432098765,0.64000000000000001,1,67.459704528304343,1
DSNY,13,2022-07,100,0.64000000000000001,0.25,0,29,15.519760771356035,0.66666666666666663,1,56.455331895594334,0.92105263157894735
DSNY,13,2022-08,84,0.66666666666666663,0.42857142857142855,0.023809523809523808,36,10.152833092833093,0.67368421052631577,1,58.396195755137612,0.92105263157894735
DSNY,13,2022-09,95,0.67368421052631577,0.46739130434782611,0.052631578947368418,21,11.365384259259258,0.28985507246376813,0,59.425466387728093,0.92105263157894735
DSNY,13,2022-10,69,0.28985507246376813,0.37681159420289856,0.057971014492753624,11,6.6706998652133143,0.47540983606557374,1,27.068341457057496,0.17582417582417584
DSNY,13,2022-11,61,0.47540983606557374,0.42622950819672129,0.032786885245901641,32,7.9020535300925925,0.5,1,42.550152577751248,0.46666666666666667
DSNY,13,2022-12,62,0.5,0.46774193548387094,0,13,12.77651734682213,0.38596491228070173,1,45.520637254776048,0.57692307692307687
DSNY,13,2023-01,57,0.38596491228070173,0.375,0.035087719298245612,5,6.4700445156695157,0.37704918032786883,1,34.522131217660245,0.3271604938271605
DSNY,13,2023-02,61,0.37704918032786883,0.32786885245901637,0.032786885245901641,6,4.8405619212962963,0.041095890410958902,0,33.184102872153822,0.23474178403755869
DSNY,13,2023-03,73,0.041095890410958902,0.46575342465753422,0.013698630136986301,7,2.7144187242798354,0.26829268292682928,0,6.4059496771591018,0
DSNY,13,2023-04,82,0.26829268292682928,0.36708860759493672,0.036585365853658534,10,7.4552462787154239,0.081395348837209308,0,25.364114053235202,0.11846689895470383
DSNY,13,2023-05,86,0.081395348837209308,0.50588235294117645,0.023255813953488372,11,2.8377566721132896,0.039473684210526314,0,9.9501774549167408,0.017391304347826087
DSNY,13,2023-06,76,0.039473684210526314,0.48648648648648651,0.065789473684210523,2,1.8052967047930284,0.095238095238095233,0,6.3706182975046772,0
DSNY,13,2023-07,84,0.095238095238095233,0.46987951807228917,0.13095238095238096,7,2.1004509493670884,0.013157894736842105,0,11.197943426509948,0.017391304347826087
DSNY,13,2023-08,76,0.013157894736842105,0.42105263157894735,0.078947368421052627,10,1.9268821347031964,0.095890410958904104,0,4.1178755436317527,0
DSNY,13,2023-09,73,0.095890410958904104,0.56164383561643838,0.041095890410958902,11,1.9831695280349793,0.10000000000000001,0,11.274181528059149,0.017391304347826087
DSNY,13,2023-10,60,0.10000000000000001,0.46551724137931033,0.14999999999999999,2,2.1137647611379493,0.059999999999999998,0,11.602416348029758,0.017391304347826087
DSNY,13,2023-11,50,0.059999999999999998,0.52000000000000002,0.059999999999999998,6,2.6688944243156199,0.032258064516129031,0,8.3995556496417141,0
DSNY,13,2023-12,62,0.032258064516129031,0.61403508771929827,0.11290322580645161,5,1.4924691358024691,0.13333333333333333,0,6.6240010474457032,0
DSNY,13,2024-01,45,0.13333333333333333,0.47619047619047616,0.044444444444444446,2,2.0645372781635802,0.10416666666666667,0,13.782928012496324,0.078378378378378383
DSNY,13,2024-02,48,0.10416666666666667,0.58695652173913049,0.041666666666666664,2,1.779855082947531,0.033898305084745763,0,11.921716087246553,0.017491122382576853
DSNY,13,2024-03,59,0.033898305084745763,0.64814814814814814,0.067796610169491525,4,1.3328419428200129,0.013157894736842105,0,6.6516016891598602,0
DSNY,13,2024-04,76,0.013157894736842105,0.72857142857142854,0.078947368421052627,6,1.314870651901902,0.028985507246376812,0,5.4671941300905535,0
DSNY,13,2024-05,69,0.028985507246376812,0.68181818181818177,0.057971014492753624,2,1.5707841831557585,0,0,6.4132591590207539,0
DSNY,13,2024-06,59,0,0.64912280701754388,0.11864406779661017,0,1.2272191863995141,0.032967032967032968,0,4.1312311326648743,0
DSNY,13,2024-07,91,0.032967032967032968,0.59036144578313254,0.054945054945054944,8,1.2338444053993753,0,0,6.2427843444419722,0
DSNY,13,2024-08,52,0,0.5490196078431373,0.11538461538461539,2,1.176512212643678,0.016393442622950821,0,3.6235679251172614,0
DSNY,13,2024-09,61,0.016393442622950821,0.48214285714285715,0.13114754098360656,3,1.0908692129629631,0,0,4.669682916357571,0
DSNY,13,2024-10,79,0,0.52702702702702697,0.29113924050632911,2,0.87921238425925929,0,0,4.321558824795904,0
DSNY,13,2024-11,33,0,0.63636363636363635,0.12121212121212122,1,1.1102491830065357,0.018518518518518517,0,4.0630231178781555,0
DSNY,13,2024-12,54,0.018518518518518517,0.5957446808510638,0.16666666666666666,2,0.89839054856743539,0.034482758620689655,0,5.5288219098034226,0
DSNY,13,2025-01,58,0.034482758620689655,0.53448275862068961,0.22413793103448276,1,1.2832360326428123,0.022222222222222223,0,6.8680830277715224,0
DSNY,13,2025-02,45,0.022222222222222223,0.46666666666666667,0.13333333333333333,3,1.1319401378122309,0,0,5.079317420204621,0
DSNY,13,2025-03,55,0,0.72727272727272729,0.29090909090909089,4,0.84736304012345676,0.011627906976744186,0,5.3352800665740761,0
DSNY,13,2025-04,86,0.011627906976744186,0.60240963855421692,0.27906976744186046,4,1.1841295219638244,0.026666666666666668,0,5.6622323146414146,0
DSNY,13,2025-05,75,0.026666666666666668,0.61111111111111116,0.22666666666666666,12,0.96592419845218347,0.056338028169014086,0,6.6797558241845847,0
DSNY,13,2025-06,71,0.056338028169014086,0.62857142857142856,0.15492957746478872,7,1.5081754081384016,0.05434782608695652,0,8.8581830741315706,0
DSNY,13,2025-07,92,0.05434782608695652,0.55555555555555558,0.17391304347826086,10,1.63899123491469,0.073529411764705885,0,8.4918208820195922,0
DSNY,13,2025-08,68,0.073529411764705885,0.53731343283582089,0.22058823529411764,11,1.4468753454947485,0.050000000000000003,0,10.133356163122945,0.017391304347826087
DSNY,13,2025-09,80,0.050000000000000003,0.59740259740259738,0.21249999999999999,10,1.5556810128029264,0.058823529411764705,0,8.5263197869563321,0
DSNY,13,2025-10,51,0.058823529411764705,0.55102040816326525,0.29411764705882354,8,1.1676664046121594,0.081081081081081086,0,9.294706863130072,0.017391304347826087
DSNY,13,2025-11,37,0.081081081081081086,0.54285714285714282,0.29729729729729731,10,1.6542781084656084,0,0,11.187555993358144,0.017391304347826087
DSNY,14,2022-01,93,0.5161290322580645,0.043010752688172046,0.010752688172043012,19,5.417360172672673,0.41592920353982299,1,43.05142558561316,0.5
DSNY,14,2022-02,113,0.41592920353982299,0.16814159292035399,0.079646017699115043,8,7.0689342517921148,0.41095890410958902,1,36.282304392457583,0.3271604938271605
DSNY,14,2022-03,146,0.41095890410958902,0.32191780821917809,0.0068493150684931503,32,4.2909828476016996,0.2620689655172414,0,35.882499020636381,0.3271604938271605
DSNY,14,2022-04,145,0.2620689655172414,0.25874125874125875,0,12,7.4916359427609427,0.34499999999999997,0,24.171452935322584,0.11846689895470383
DSNY,14,2022-05,200,0.34499999999999997,0.38,0,50,2.4084726508916323,0.44329896907216493,1,30.604536052742983,0.23474178403755869
DSNY,14,2022-06,194,0.44329896907216493,0.32474226804123713,0.0051546391752577319,106,9.3588781535158336,0.50423728813559321,1,40.468344875420563,0.45238095238095238
DSNY,14,2022-07,236,0.50423728813559321,0.34893617021276596,0.046610169491525424,74,13.342602007324489,0.40080971659919029,1,46.281074313446638,0.57692307692307687
DSNY,14,2022-08,247,0.40080971659919029,0.46153846153846156,0.03643724696356275,56,7.675143998951782,0.24271844660194175,0,36.977671428097295,0.3271604938271605
DSNY,14,2022-09,206,0.24271844660194175,0.48529411764705882,0,34,7.1489583840968161,0.22051282051282051,0,23.908082351848762,0.11846689895470383
DSNY,14,2022-10,195,0.22051282051282051,0.517948717948718,0.020512820512820513,12,2.8582802099334357,0.22142857142857142,0,21.141667728523121,0.11846689895470383
DSNY,14,2022-11,140,0.22142857142857142,0.42142857142857143,0.014285714285714285,38,3.8803267137751787,0.27848101265822783,0,21.220703959326048,0.11846689895470383
DSNY,14,2022-12,158,0.27848101265822783,0.44936708860759494,0.012658227848101266,12,10.308821583132046,0.34302325581395349,0,27.172034400413125,0.17582417582417584
DSNY,14,2023-01,172,0.34302325581395349,0.43859649122807015,0.034883720930232558,30,4.7496344396344394,0.29496402877697842,0,31.259272427541781,0.23474178403755869
DSNY,14,2023-02,139,0.29496402877697842,0.46762589928057552,0.0071942446043165471,25,4.0034108957047323,0.080536912751677847,0,27.190374400492743,0.17582417582417584
DSNY,14,2023-03,149,0.080536912751677847,0.4563758389261745,0.0067114093959731542,21,3.3775472797143546,0.1095890410958904,0,9.7860101944709488,0.017391304347826087
DSNY,14,2023-04,146,0.1095890410958904,0.54794520547945202,0.0068493150684931503,24,2.7156411875161877,0.016949152542372881,0,12.44285754755451,0.027397260273972601
DSNY,14,2023-05,177,0.016949152542372881,0.4576271186440678,0.022598870056497175,11,2.0788660453216372,0.037634408602150539,0,4.3691273670125836,0
DSNY,14,2023-06,186,0.037634408602150539,0.47826086956521741,0.021505376344086023,19,1.5791835726175614,0.021505376344086023,0,6.0875201466608662,0
DSNY,14,2023-07,186,0.021505376344086023,0.52747252747252749,0.043010752688172046,10,1.7628845560303894,0.0058479532163742687,0,5.0990134432217697,0
DSNY,14,2023-08,171,0.0058479532163742687,0.56140350877192979,0.023391812865497075,5,1.3115521753998316,0.060085836909871244,0,3.7573723497510896,0
DSNY,14,2023-09,233,0.060085836909871244,0.53648068669527893,0.034334763948497854,23,2.1457509689922478,0.03482587064676617,0,8.4163252850608448,0
DSNY,14,2023-10,201,0.03482587064676617,0.52500000000000002,0.029850746268656716,13,2.1376032890117607,0.0053191489361702126,0,6.2076111057466656,0
DSNY,14,2023-11,188,0.0053191489361702126,0.63636363636363635,0.026595744680851064,15,1.7147334851652729,0.098837209302325577,0,4.3081046320857581,0
DSNY,14,2023-12,172,0.098837209302325577,0.55882352941176472,0.058139534883720929,32,2.1763995669056153,0,0,11.850010230729467,0.017391304347826087
DSNY,14,2024-01,129,0,0.70078740157480313,0.054263565891472867,7,1.8038265091390093,0.017699115044247787,0,4.2793347210761397,0
DSNY,14,2024-02,113,0.017699115044247787,0.69369369369369371,0.11504424778761062,13,1.0913164157147803,0.0070422535211267607,0,5.857636947102816,0
DSNY,14,2024-03,142,0.0070422535211267607,0.5714285714285714,0.035211267605633804,12,1.1425756766381767,0,0,3.9961906560041776,0
DSNY,14,2024-04,139,0,0.51449275362318836,0.057553956834532377,8,1.3024564555814557,0,0,3.2554768280839603,0
DSNY,14,2024-05,182,0,0.67403314917127077,0.12087912087912088,9,1.3483241891753632,0.0051546391752577319,0,4.391353267769512,0
DSNY,14,2024-06,194,0.0051546391752577319,0.66298342541436461,0.08247422680412371,27,1.1371697443181819,0.0097560975609756097,0,4.6972223766562173,0
DSNY,14,2024-07,205,0.0097560975609756097,0.68965517241379315,0.097560975609756101,10,1.153874082415749,0.030042918454935622,0,5.0976443037972317,0
DSNY,14,2024-08,233,0.030042918454935622,0.6116071428571429,0.068669527896995708,19,1.3544004732969577,0.019138755980861243,0,6.3292033104764567,0
DSNY,14,2024-09,209,0.019138755980861243,0.64500000000000002,0.11004784688995216,24,1.0641572485475672,0.035087719298245612,0,5.8146592057972297,0
DSNY,14,2024-10,171,0.035087719298245612,0.63414634146341464,0.11695906432748537,20,1.184754761904762,0,0,7.0571308727848061,0
DSNY,14,2024-11,120,0,0.71666666666666667,0.083333333333333329,13,1.4830838983668706,0.09420289855072464,0,4.4913588311279922,0
DSNY,14,2024-12,138,0.09420289855072464,0.77372262773722633,0.15217391304347827,24,1.9746435731991834,0.029850746268656716,0,12.89094641954711,0.027397260273972601
DSNY,14,2025-01,134,0.029850746268656716,0.66917293233082709,0.21641791044776118,20,1.2880189881910897,0,0,7.3352115909029321,0
DSNY,14,2025-02,117,0,0.62068965517241381,0.13675213675213677,20,1.1088929447610003,0,0,4.2637299526809826,0
DSNY,14,2025-03,175,0,0.59302325581395354,0.21142857142857144,18,1.1917953546767106,0.01015228426395939,0,4.4973058126353482,0
DSNY,14,2025-04,197,0.01015228426395939,0.62176165803108807,0.20812182741116753,26,1.1284039413090339,0.005208333333333333,0,5.5064671032110324,0
DSNY,14,2025-05,192,0.005208333333333333,0.63350785340314131,0.13020833333333334,25,1.161380253310305,0.019512195121951219,0,4.7773508123976072,0
DSNY,14,2025-06,205,0.019512195121951219,0.65656565656565657,0.10731707317073171,26,1.4352915078068265,0.040358744394618833,0,5.9983633534873979,0
DSNY,14,2025-07,223,0.040358744394618833,0.57407407407407407,0.18385650224215247,22,1.4617788892967858,0.034482758620689655,0,7.6001754221313513,0
DSNY,14,2025-08,174,0.034482758620689655,0.65697674418604646,0.18390804597701149,33,1.7302154339922744,0.090452261306532666,0,7.725597399689522,0
DSNY,14,2025-09,199,0.090452261306532666,0.63775510204081631,0.135678391959799,33,1.744100653731621,0.020547945205479451,0,11.869193822065061,0.017391304347826087
DSNY,14,2025-10,146,0.020547945205479451,0.57746478873239437,0.17808219178082191,29,1.4823793981481481,0.072368421052631582,0,6.0826154482926542,0
DSNY,14,2025-11,152,0.072368421052631582,0.75172413793103443,0.25657894736842107,26,2.0724011350059737,0.017857142857142856,0,11.600755614775478,0.017391304347826087
DSNY,15,2022-01,130,0.53846153846153844,0.053846153846153849,0,20,6.2074941077441075,0.34653465346534651,1,45.037300718843511,0.57692307692307687
DSNY,15,2022-02,101,0.34653465346534651,0.14141414141414141,0.0099009900990099011,6,6.4447953904991948,0.40782122905027934,1,30.078453910020123,0.19
DSNY,15,2022-03,179,0.40782122905027934,0.16759776536312848,0.039106145251396648,43,4.7632016986176318,0.29192546583850931,0,35.250451750902386,0.3271604938271605
DSNY,15,2022-04,161,0.29192546583850931,0.21118012422360249,0.024844720496894408,24,6.821297646604938,0.41142857142857142,1,26.414065585370828,0.1702127659574468
DSNY,15,2022-05,175,0.41142857142857142,0.21142857142857144,0,73,3.2058556547619048,0.39393939393939392,1,35.510089815096329,0.3271604938271605
DSNY,15,2022-06,198,0.39393939393939392,0.26262626262626265,0,82,13.024252400548697,0.67500000000000004,1,36.801740707631978,0.3271604938271605
DSNY,15,2022-07,240,0.67500000000000004,0.23749999999999999,0,93,13.257232381125668,0.55102040816326525,1,59.333178833288159,0.92105263157894735
DSNY,15,2022-08,196,0.55102040816326525,0.33673469387755101,0,56,9.3143218983468437,0.47619047619047616,1,48.578824067760934,0.65714285714285714
DSNY,15,2022-09,294,0.47619047619047616,0.27891156462585032,0.0068027210884353739,77,8.8629523215981543,0.47802197802197804,1,42.452734291351284,0.46666666666666667
DSNY,15,2022-10,182,0.47802197802197804,0.34065934065934067,0.0054945054945054949,38,8.23295290765879,0.50889679715302494,1,42.337340242080352,0.46666666666666667
DSNY,15,2022-11,281,0.50889679715302494,0.32740213523131673,0,78,8.4977670201321658,0.52000000000000002,1,45.20128144591839,0.57692307692307687
DSNY,15,2022-12,150,0.52000000000000002,0.41333333333333333,0.02,47,12.275154619398405,0.46153846153846156,1,47.190075237964166,0.57692307692307687
DSNY,15,2023-01,156,0.46153846153846156,0.4838709677419355,0.044871794871794872,20,7.3921561930783239,0.35810810810810811,1,41.540205748847818,0.45238095238095238
DSNY,15,2023-02,148,0.35810810810810811,0.41216216216216217,0.027027027027027029,34,4.8976864807904921,0.091503267973856203,0,32.372338227045624,0.23474178403755869
DSNY,15,2023-03,153,0.091503267973856203,0.36842105263157893,0.052287581699346407,14,3.9374758483194174,0.18902439024390244,0,10.510520455980295,0.017391304347826087
DSNY,15,2023-04,164,0.18902439024390244,0.43902439024390244,0.054878048780487805,41,2.6859680825898891,0.15311004784688995,0,18.666609121087141,0.078378378378378383
DSNY,15,2023-05,209,0.15311004784688995,0.41062801932367149,0.066985645933014357,53,2.9227986346117696,0.16666666666666666,0,15.895840317070119,0.078378378378378383
DSNY,15,2023-06,390,0.16666666666666666,0.35051546391752575,0.076923076923076927,24,3.9358980266065591,0.10424710424710425,0,16.66300894590287,0.078378378378378383
DSNY,15,2023-07,259,0.10424710424710425,0.46825396825396826,0.073359073359073365,20,2.5051729069849316,0.098765432098765427,0,11.856993810063202,0.017391304347826087
DSNY,15,2023-08,243,0.098765432098765427,0.46666666666666667,0.06584362139917696,26,2.7117493456008748,0.18394648829431437,0,11.485858419649105,0.017391304347826087
DSNY,15,2023-09,299,0.18394648829431437,0.41414141414141414,0.080267558528428096,38,3.1854178361724093,0.10909090909090909,0,18.350060235591876,0.078378378378378383
DSNY,15,2023-10,275,0.10909090909090909,0.49450549450549453,0.072727272727272724,33,2.7524174933862433,0.084112149532710276,0,12.569506611750027,0.027397260273972601
DSNY,15,2023-11,214,0.084112149532710276,0.42452830188679247,0.02336448598130841,20,2.7013884809920055,0.032432432432432434,0,9.8243454458252,0.017391304347826087
DSNY,15,2023-12,185,0.032432432432432434,0.51098901098901095,0.048648648648648651,20,2.2421512762762763,0.061538461538461542,0,6.1392912803467867,0
DSNY,15,2024-01,130,0.061538461538461542,0.59999999999999998,0.069230769230769235,18,1.8380107498597082,0.044117647058823532,0,8.8982159047798657,0
DSNY,15,2024-02,136,0.044117647058823532,0.54074074074074074,0.058823529411764705,20,1.858893984936429,0.031088082901554404,0,7.1824280328341334,0
DSNY,15,2024-03,193,0.031088082901554404,0.5803108808290155,0.056994818652849742,29,1.8054502566425119,0.12206572769953052,0,6.4115811363386923,0
DSNY,15,2024-04,213,0.12206572769953052,0.54285714285714282,0.070422535211267609,28,2.490573295257875,0.34782608695652173,1,13.722260313288526,0.078378378378378383
DSNY,15,2024-05,184,0.34782608695652173,0.58888888888888891,0.092391304347826081,71,2.6319216246388235,0.13372093023255813,0,32.613197658190906,0.23474178403755869
DSNY,15,2024-06,172,0.13372093023255813,0.55882352941176472,0.093023255813953487,37,3.6883958670442287,0.039215686274509803,0,15.228436192234591,0.078378378378378383
DSNY,15,2024-07,204,0.039215686274509803,0.58499999999999996,0.10784313725490197,22,5.9740284119736176,0.025510204081632654,0,8.2583401197060287,0
DSNY,15,2024-08,196,0.025510204081632654,0.58549222797927458,0.13775510204081631,24,1.4653775892516228,0.017467248908296942,0,6.2609645804509197,0
DSNY,15,2024-09,229,0.017467248908296942,0.64912280701754388,0.25327510917030566,32,1.7874031653259597,0.064000000000000001,0,6.6749403400109886,0
DSNY,15,2024-10,250,0.064000000000000001,0.57999999999999996,0.184,43,1.8720651247481792,0.025477707006369428,0,9.8424995367771206,0.017391304347826087
DSNY,15,2024-11,157,0.025477707006369428,0.66025641025641024,0.22929936305732485,20,1.6987166923868313,0.16384180790960451,0,7.1030444678197062,0
DSNY,15,2024-12,177,0.16384180790960451,0.60451977401129942,0.1751412429378531,39,2.0347122597280825,0.028169014084507043,0,17.904415479781633,0.078378378378378383
DSNY,15,2025-01,142,0.028169014084507043,0.57746478873239437,0.24647887323943662,32,2.9191992915734524,0.057142857142857141,0,7.408459963500218,0
DSNY,15,2025-02,140,0.057142857142857141,0.53956834532374098,0.25714285714285712,33,1.7754339861444179,0.024242424242424242,0,9.3283111796431637,0.017391304347826087
DSNY,15,2025-03,165,0.024242424242424242,0.55757575757575761,0.28484848484848485,30,1.698206707451499,0.011235955056179775,0,6.8746041130143283,0
DSNY,15,2025-04,178,0.011235955056179775,0.58757062146892658,0.21910112359550563,32,1.2924183896254209,0.028571428571428571,0,5.5798736663712498,0
DSNY,15,2025-05,175,0.028571428571428571,0.56000000000000005,0.29142857142857143,34,1.6476649807321773,0.036458333333333336,0,7.2963668856212145,0
DSNY,15,2025-06,192,0.036458333333333336,0.60846560846560849,0.21354166666666666,48,1.840545867145235,0.097872340425531917,0,7.9747797255061394,0
DSNY,15,2025-07,235,0.097872340425531917,0.56837606837606836,0.27659574468085107,49,2.2587889759417541,0.077272727272727271,0,13.112977425063958,0.027397260273972601
DSNY,15,2025-08,220,0.077272727272727271,0.6398104265402843,0.25909090909090909,49,1.9393662668350169,0.057851239669421489,0,11.65855610810806,0.017391304347826087
DSNY,15,2025-09,242,0.057851239669421489,0.58227848101265822,0.30578512396694213,57,3.6164685224754667,0.015267175572519083,0,10.535154454347865,0.017391304347826087
DSNY,15,2025-10,262,0.015267175572519083,0.64453125,0.30152671755725191,68,1.5267893702965913,0.099447513812154692,0,7.0373129107936965,0
DSNY,15,2025-11,181,0.099447513812154692,0.65730337078651691,0.18232044198895028,52,2.0875468838127467,0.068965517241379309,0,13.2032925284235,0.027397260273972601
DSNY,16,2022-01,42,0.76190476190476186,0.023809523809523808,0,11,7.756064814814815,0.65517241379310343,1,63.035936228002612,0.92307692307692313
DSNY,16,2022-02,29,0.65517241379310343,0.034482758620689655,0.034482758620689655,4,8.4517611882716057,0.40000000000000002,1,54.814594551265245,0.81818181818181823
DSNY,16,2022-03,40,0.40000000000000002,0.10000000000000001,0.025000000000000001,6,6.2620879020467841,0.7142857142857143,1,34.180565254557862,0.3271604938271605
DSNY,16,2022-04,70,0.7142857142857143,0.19402985074626866,0.014285714285714285,40,7.4921093750000001,0.73737373737373735,1,60.393921991007268,0.92105263157894735
DSNY,16,2022-05,99,0.73737373737373735,0.23232323232323232,0,45,9.1841808264381406,0.68181818181818177,1,62.817214033334842,0.92307692307692313
DSNY,16,2022-06,88,0.68181818181818177,0.19318181818181818,0,34,16.560757458847736,0.69473684210526321,1,59.817784564486232,0.92105263157894735
DSNY,16,2022-07,95,0.69473684210526321,0.30526315789473685,0,46,14.624036005131639,0.54794520547945202,1,61.077642588106691,0.92105263157894735
DSNY,16,2022-08,73,0.54794520547945202,0.36986301369863012,0.027397260273972601,21,10.67150498393802,0.55769230769230771,1,48.587239703041888,0.65714285714285714
DSNY,16,2022-09,52,0.55769230769230771,0.30769230769230771,0.076923076923076927,3,9.6352901785714291,0.15217391304347827,0,48.865821874363071,0.65714285714285714
DSNY,16,2022-10,46,0.15217391304347827,0.34782608695652173,0,9,3.8477528935185186,0.46666666666666667,1,14.925287274746312,0.078378378378378383
DSNY,16,2022-11,60,0.46666666666666667,0.31666666666666665,0.033333333333333333,22,6.9321111603624903,0.46808510638297873,1,40.968371058910499,0.45238095238095238
DSNY,16,2022-12,47,0.46808510638297873,0.31914893617021278,0,18,11.475957244008715,0.40000000000000002,1,41.9677051108348,0.45238095238095238
DSNY,16,2023-01,35,0.40000000000000002,0.37142857142857144,0.028571428571428571,2,8.7563076434277409,0.5,1,36.107355473380721,0.3271604938271605
DSNY,16,2023-02,52,0.5,0.26923076923076922,0.076923076923076927,19,4.4168478835978835,0.15789473684210525,0,42.984689678732209,0.46666666666666667
DSNY,16,2023-03,38,0.15789473684210525,0.39473684210526316,0.18421052631578946,9,5.3053373360339506,0.24615384615384617,0,16.885844207298536,0.078378378378378383
DSNY,16,2023-04,65,0.24615384615384617,0.390625,0.12307692307692308,7,2.9804950939745716,0.12820512820512819,0,23.045192977759143,0.11846689895470383
DSNY,16,2023-05,39,0.12820512820512819,0.41025641025641024,0.10256410256410256,6,3.1689389467592592,0.22950819672131148,0,13.639193497304323,0.078378378378378383
DSNY,16,2023-06,61,0.22950819672131148,0.37704918032786883,0.081967213114754092,16,2.0894891521423382,0.34246575342465752,0,21.323371516397227,0.11846689895470383
DSNY,16,2023-07,73,0.34246575342465752,0.40845070422535212,0.082191780821917804,21,6.0543285334967321,0.18965517241379309,0,31.515791503518319,0.23474178403755869
DSNY,16,2023-08,58,0.18965517241379309,0.18181818181818182,0.068965517241379309,9,5.1601927910052909,0.1702127659574468,0,17.751264249488361,0.078378378378378383
DSNY,16,2023-09,47,0.1702127659574468,0.26666666666666666,0.1276595744680851,5,3.0363026506899056,0.017241379310344827,0,16.365109331322191,0.078378378378378383
DSNY,16,2023-10,58,0.017241379310344827,0.39655172413793105,0.17241379310344829,8,2.0131746632996634,0.22972972972972974,0,4.7887157992435094,0
DSNY,16,2023-11,74,0.22972972972972974,0.50724637681159424,0.32432432432432434,7,2.9469242283950616,0.18666666666666668,0,23.312627686470393,0.11846689895470383
DSNY,16,2023-12,75,0.18666666666666668,0.45333333333333331,0.20000000000000001,10,2.9141846707818932,0.11267605633802817,0,19.000442649100943,0.078378378378378383
DSNY,16,2024-01,71,0.11267605633802817,0.41428571428571431,0.23943661971830985,7,1.835145145145145,0.033333333333333333,0,12.794227097443795,0.027397260273972601
DSNY,16,2024-02,30,0.033333333333333333,0.56666666666666665,0.26666666666666666,8,1.8660396711366538,0.055555555555555552,0,7.3628597276610019,0
DSNY,16,2024-03,36,0.055555555555555552,0.33333333333333331,0.027777777777777776,13,2.0558471475507765,0.14285714285714285,0,6.8778043796563431,0
DSNY,16,2024-04,49,0.14285714285714285,0.34042553191489361,0.16326530612244897,19,1.5687785314384151,0.055555555555555552,0,14.522470702998294,0.078378378378378383
DSNY,16,2024-05,72,0.055555555555555552,0.36619718309859156,0.1388888888888889,12,2.2809380860290669,0.13559322033898305,0,7.6407000229893836,0
DSNY,16,2024-06,59,0.13559322033898305,0.36842105263157893,0.16949152542372881,22,2.1961541005291005,0.21126760563380281,0,14.293788198937406,0.078378378378378383
DSNY,16,2024-07,71,0.21126760563380281,0.5,0.18309859154929578,16,2.9572975288600292,0.050632911392405063,0,21.191303662854516,0.11846689895470383
DSNY,16,2024-08,79,0.050632911392405063,0.39240506329113922,0.16455696202531644,22,1.4743577181633689,0.026666666666666668,0,7.4202591361266208,0
DSNY,16,2024-09,75,0.026666666666666668,0.36486486486486486,0.22666666666666666,24,1.6904783422120753,0.078947368421052627,0,5.7485393150374762,0
DSNY,16,2024-10,76,0.078947368421052627,0.45333333333333331,0.10526315789473684,23,1.6419161856661857,0.14285714285714285,0,9.7441145406972502,0.017391304347826087
DSNY,16,2024-11,35,0.14285714285714285,0.55882352941176472,0.14285714285714285,22,2.2740007716049382,0.14814814814814814,0,15.712286299821312,0.078378378378378383
DSNY,16,2024-12,54,0.14814814814814814,0.5,0.25925925925925924,32,2.7589459701178454,0.023255813953488372,0,16.645163326899848,0.078378378378378383
DSNY,16,2025-01,43,0.023255813953488372,0.55813953488372092,0.20930232558139536,26,2.0179291855631143,0.16216216216216217,0,6.4544696288247891,0
DSNY,16,2025-02,37,0.16216216216216217,0.1891891891891892,0.16216216216216217,35,1.6846903935185185,0.25490196078431371,0,15.502638169962093,0.078378378378378383
DSNY,16,2025-03,51,0.25490196078431371,0.26530612244897961,0.078431372549019607,42,3.2656042192760939,0.23376623376623376,0,23.334692662395952,0.11846689895470383
DSNY,16,2025-04,77,0.23376623376623376,0.43421052631578949,0.1038961038961039,42,4.3107870370370369,0.098360655737704916,0,22.864703509471699,0.11846689895470383
DSNY,16,2025-05,61,0.098360655737704916,0.42622950819672129,0.22950819672131148,30,19.467339231354643,0.10256410256410256,0,16.104138978975136,0.078378378378378383
DSNY,16,2025-06,78,0.10256410256410256,0.36363636363636365,0.11538461538461539,30,3.1405675747863246,0.33027522935779818,0,11.666937852680778,0.017391304347826087
DSNY,16,2025-07,109,0.33027522935779818,0.38532110091743121,0.064220183486238536,59,1.9764402488425925,0.079545454545454544,0,29.766877638858926,0.19
DSNY,16,2025-08,88,0.079545454545454544,0.47619047619047616,0.090909090909090912,31,5.8344575151660276,0.066666666666666666,0,10.918282214810105,0.017391304347826087
DSNY,16,2025-09,90,0.066666666666666666,0.56666666666666665,0.055555555555555552,41,2.0954399594907409,0.071428571428571425,0,9.378921972228909,0.017391304347826087
DSNY,16,2025-10,70,0.071428571428571425,0.40000000000000002,0.071428571428571425,36,1.8449520061728393,0.16,0,8.8931482416078165,0
DSNY,16,2025-11,50,0.16,0.46000000000000002,0.080000000000000002,39,2.3763499802994485,0.080645161290322578,0,16.480155230898148,0.078378378378378383
DSNY,17,2022-01,67,0.68656716417910446,0,0,13,6.4957855366941022,0.6875,1,56.610864348059167,0.92105263157894735
DSNY,17,2022-02,48,0.6875,0.083333333333333329,0.020833333333333332,15,7.4668065619967798,0.41592920353982299,1,57.458904992565927,0.92105263157894735
DSNY,17,2022-03,113,0.41592920353982299,0.097345132743362831,0.0088495575221238937,17,6.129689793960627,0.54736842105263162,1,35.446099218404974,0.3271604938271605
DSNY,17,2022-04,95,0.54736842105263162,0.15789473684210525,0.021052631578947368,20,6.8178686090982286,0.7192982456140351,1,46.520780040155024,0.57692307692307687
DSNY,17,2022-05,114,0.7192982456140351,0.15789473684210525,0.017543859649122806,30,7.2325541978276355,0.89240506329113922,1,60.462542087878475,0.92105263157894735
DSNY,17,2022-06,158,0.89240506329113922,0.13375796178343949,0.012658227848101266,84,13.912856236645299,0.82978723404255317,1,76.330781503950945,1
DSNY,17,2022-07,141,0.82978723404255317,0.15602836879432624,0.021276595744680851,70,16.869616711469536,0.57608695652173914,1,72.031646674981346,1
DSNY,17,2022-08,184,0.57608695652173914,0.23369565217391305,0.010869565217391304,61,8.6091969511610049,0.78873239436619713,1,50.008377156117028,0.65714285714285714
DSNY,17,2022-09,142,0.78873239436619713,0.28169014084507044,0.021126760563380281,25,13.744279351331668,0.52287581699346408,1,68.152503232790934,1
DSNY,17,2022-10,153,0.52287581699346408,0.29333333333333333,0,35,6.5576541051541053,0.69444444444444442,1,45.230544556730877,0.57692307692307687
DSNY,17,2022-11,180,0.69444444444444442,0.28333333333333333,0,66,10.328104648272435,0.45528455284552843,1,60.133402394338177,0.92105263157894735
DSNY,17,2022-12,123,0.45528455284552843,0.29268292682926828,0.008130081300813009,36,11.559589006899055,0.71544715447154472,1,41.062992848942166,0.45238095238095238
DSNY,17,2023-01,123,0.71544715447154472,0.36885245901639346,0.008130081300813009,44,8.4539001610305959,0.24390243902439024,0,61.601782914428426,0.92105263157894735
DSNY,17,2023-02,82,0.24390243902439024,0.37037037037037035,0.04878048780487805,7,6.193847650171179,0.36283185840707965,1,23.157907320959414,0.11846689895470383
DSNY,17,2023-03,113,0.36283185840707965,0.3392857142857143,0.079646017699115043,26,4.6290430457052798,0.18248175182481752,0,32.500023196004555,0.23474178403755869
DSNY,17,2023-04,137,0.18248175182481752,0.42962962962962964,0.051094890510948905,17,4.1727502695332319,0.078787878787878782,0,18.176760933545154,0.078378378378378383
DSNY,17,2023-05,165,0.078787878787878782,0.41358024691358025,0.066666666666666666,25,2.3436523207124322,0.26865671641791045,0,9.5280260113177384,0.017391304347826087
DSNY,17,2023-06,134,0.26865671641791045,0.43181818181818182,0.097014925373134331,45,2.3334588206627682,0.50761421319796951,1,25.170311581260755,0.11846689895470383
DSNY,17,2023-07,197,0.50761421319796951,0.40101522842639592,0.12690355329949238,73,6.4546142203594128,0.30813953488372092,0,45.561404096898947,0.57692307692307687
DSNY,17,2023-08,172,0.30813953488372092,0.45930232558139533,0.098837209302325577,75,5.7043929738562085,0.10052910052910052,0,29.597063893935751,0.19
DSNY,17,2023-09,189,0.10052910052910052,0.45454545454545453,0.12698412698412698,55,3.0999370348219033,0.14438502673796791,0,12.272394771474621,0.027397260273972601
DSNY,17,2023-10,187,0.14438502673796791,0.45405405405405408,0.074866310160427801,68,2.8101686222860791,0.12101910828025478,0,15.586776087468026,0.078378378378378383
DSNY,17,2023-11,157,0.12101910828025478,0.40645161290322579,0.057324840764331211,47,3.3352852554099042,0,0,13.293966604085217,0.027397260273972601
DSNY,17,2023-12,105,0,0.33000000000000002,0.066666666666666666,47,2.0356449514991182,0.17073170731707318,0,2.9672736407739655,0
DSNY,17,2024-01,123,0.17073170731707318,0.50413223140495866,0.04065040650406504,5,46.957453984287319,0.040540540540540543,0,21.435630005522096,0.11846689895470383
DSNY,17,2024-02,74,0.040540540540540543,0.54054054054054057,0.1891891891891892,7,1.7263078703703705,0.021739130434782608,0,7.3775039334677892,0
DSNY,17,2024-03,138,0.021739130434782608,0.49264705882352944,0.17391304347826086,17,1.504465964988426,0.019047619047619049,0,5.6108487526953557,0
DSNY,17,2024-04,105,0.019047619047619049,0.55769230769230771,0.095238095238095233,8,1.6857727217348928,0.046153846153846156,0,5.2750294012635504,0
DSNY,17,2024-05,130,0.046153846153846156,0.47244094488188976,0.11538461538461539,11,1.7027111585010206,0.11382113821138211,0,7.1538817410900952,0
DSNY,17,2024-06,123,0.11382113821138211,0.51639344262295084,0.065040650406504072,17,2.6162389205444763,0.10303030303030303,0,12.816633717236027,0.027397260273972601
DSNY,17,2024-07,165,0.10303030303030303,0.51219512195121952,0.15151515151515152,24,2.5099571466244726,0.1134020618556701,0,12.413744668591043,0.027397260273972601
DSNY,17,2024-08,194,0.1134020618556701,0.47894736842105262,0.20618556701030927,25,2.0301692933218192,0.02072538860103627,0,13.246905829775434,0.027397260273972601
DSNY,17,2024-09,193,0.02072538860103627,0.44270833333333331,0.14507772020725387,21,2.1473248613461178,0.10000000000000001,0,5.3315024066436427,0
DSNY,17,2024-10,140,0.10000000000000001,0.58992805755395683,0.07857142857142857,37,1.8301302083333335,0.11290322580645161,0,12.171296162570474,0.027397260273972601
DSNY,17,2024-11,124,0.11290322580645161,0.5,0.11290322580645161,4,3.5044094273413537,0.15322580645161291,0,12.974154025218196,0.027397260273972601
DSNY,17,2024-12,124,0.15322580645161291,0.59677419354838712,0.072580645161290328,19,3.3525584012911991,0.06741573033707865,0,16.605264094785948,0.078378378378378383
DSNY,17,2025-01,89,0.06741573033707865,0.51136363636363635,0.16853932584269662,14,2.6919609436564227,0.079545454545454544,0,9.5827566864091107,0.017391304347826087
DSNY,17,2025-02,88,0.079545454545454544,0.65476190476190477,0.10227272727272728,14,1.5573221801346799,0.20000000000000001,0,10.668455869546856,0.017391304347826087
DSNY,17,2025-03,150,0.20000000000000001,0.53378378378378377,0.093333333333333338,60,3.3222672943376068,0.53179190751445082,1,20.564030037399004,0.11846689895470383
DSNY,17,2025-04,173,0.53179190751445082,0.52325581395348841,0.046242774566473986,70,6.4847033344694394,0.61818181818181817,1,47.678829360563292,0.61504342188841521
DSNY,17,2025-05,165,0.61818181818181817,0.46951219512195119,0.10303030303030303,107,9.3846216724537044,0.17241379310344829,0,55.688920060369561,0.81818181818181823
DSNY,17,2025-06,232,0.17241379310344829,0.52586206896551724,0.10344827586206896,17,8.4333232689210949,0.44270833333333331,1,19.129348952855334,0.078378378378378383
DSNY,17,2025-07,192,0.44270833333333331,0.53125,0.125,95,1.6582227704678363,0.28846153846153844,0,40.101400220745141,0.35869565217391303
DSNY,17,2025-08,208,0.28846153846153844,0.58048780487804874,0.125,39,9.2394266449214371,0.1079136690647482,0,29.219634280650677,0.19
DSNY,17,2025-09,139,0.1079136690647482,0.56204379562043794,0.17266187050359713,31,2.7410829239103047,0.053435114503816793,0,13.288767672583274,0.027397260273972601
DSNY,17,2025-10,131,0.053435114503816793,0.60769230769230764,0.17557251908396945,26,3.1894744008714597,0.051020408163265307,0,9.2270424900413257,0.017391304347826087
DSNY,17,2025-11,98,0.051020408163265307,0.61855670103092786,0.18367346938775511,16,2.0310324502743486,0.10784313725490197,0,8.746535672816016,0
DSNY,18,2022-01,111,0.24324324324324326,0.027027027027027029,0.018018018018018018,12,4.121798657875047,0.35398230088495575,1,20.79404911747363,0.11846689895470383
DSNY,18,2022-02,113,0.35398230088495575,0.10619469026548672,0.026548672566371681,17,4.7693051268861453,0.22535211267605634,0,30.298990682068204,0.19
DSNY,18,2022-03,213,0.22535211267605634,0.21126760563380281,0.023474178403755867,36,3.8047526489117982,0.19101123595505617,0,20.490487246994107,0.11846689895470383
DSNY,18,2022-04,178,0.19101123595505617,0.1875,0.011235955056179775,21,6.6569753886010359,0.26229508196721313,0,18.083505960571621,0.078378378378378383
DSNY,18,2022-05,183,0.26229508196721313,0.21428571428571427,0.01092896174863388,62,3.4055882400886799,0.25,0,23.579187494310364,0.11846689895470383
DSNY,18,2022-06,204,0.25,0.24752475247524752,0.0049019607843137254,67,8.8246976782058439,0.53333333333333333,1,24.075834886023138,0.11846689895470383
DSNY,18,2022-07,180,0.53333333333333333,0.18435754189944134,0.011111111111111112,63,11.180179649758454,0.37967914438502676,1,46.976386415200309,0.57692307692307687
DSNY,18,2022-08,187,0.37967914438502676,0.24064171122994651,0.0106951871657754,37,8.2042722461311079,0.41346153846153844,1,33.978401077607487,0.3271604938271605
DSNY,18,2022-09,208,0.41346153846153844,0.25961538461538464,0.028846153846153848,49,7.3002967923280426,0.28947368421052633,0,36.778624757478362,0.3271604938271605
DSNY,18,2022-10,152,0.28947368421052633,0.25,0.039473684210526314,37,6.1070625141147241,0.2332155477031802,0,26.453005390029471,0.1702127659574468
DSNY,18,2022-11,283,0.2332155477031802,0.25441696113074203,0.010600706713780919,61,5.3110996710996705,0.29090909090909089,0,21.895221868044665,0.11846689895470383
DSNY,18,2022-12,165,0.29090909090909089,0.24074074074074073,0.0060606060606060606,39,11.617033756684492,0.30630630630630629,0,27.688465849459291,0.18181818181818182
DSNY,18,2023-01,111,0.30630630630630629,0.3963963963963964,0.072072072072072071,13,6.9989291024601243,0.25773195876288657,0,28.652299689463778,0.19
DSNY,18,2023-02,97,0.25773195876288657,0.32989690721649484,0.041237113402061855,4,4.3111439771139066,0.027777777777777776,0,23.543776337867527,0.11846689895470383
DSNY,18,2023-03,144,0.027777777777777776,0.30555555555555558,0.069444444444444448,12,2.0782980153867103,0.12213740458015267,0,4.7197687946666953,0
DSNY,18,2023-04,131,0.12213740458015267,0.26923076923076922,0.053435114503816793,28,2.1946293276972626,0.043478260869565216,0,12.20441470376187,0.027397260273972601
DSNY,18,2023-05,161,0.043478260869565216,0.33544303797468356,0.031055900621118012,11,2.784879382542655,0.056250000000000001,0,6.0910246122544667,0
DSNY,18,2023-06,160,0.056250000000000001,0.34177215189873417,0.068750000000000006,15,2.2156456255935422,0.018404907975460124,0,7.239721742924317,0
DSNY,18,2023-07,163,0.018404907975460124,0.29559748427672955,0.067484662576687116,9,1.9664940828402366,0.025316455696202531,0,3.8518671312003345,0
DSNY,18,2023-08,158,0.025316455696202531,0.33757961783439489,0.0949367088607595,8,2.1806088399720474,0.087301587301587297,0,4.7923599691353305,0
DSNY,18,2023-09,126,0.087301587301587297,0.312,0.047619047619047616,10,2.3399554771505375,0.012121212121212121,0,9.4458634623047626,0.017391304347826087
DSNY,18,2023-10,165,0.012121212121212121,0.3575757575757576,0.018181818181818181,15,2.230013454861111,0.013071895424836602,0,3.539024684168679,0
DSNY,18,2023-11,153,0.013071895424836602,0.36842105263157893,0.039215686274509803,14,2.3770706319143819,0.047619047619047616,0,3.7988974517159235,0
DSNY,18,2023-12,147,0.047619047619047616,0.37414965986394561,0.068027210884353748,24,2.2161863848337386,0.054054054054054057,0,6.8031912777456913,0
DSNY,18,2024-01,111,0.054054054054054057,0.40540540540540543,0.045045045045045043,13,2.2368761384335154,0.033057851239669422,0,7.2475131269902171,0
DSNY,18,2024-02,121,0.033057851239669422,0.43220338983050849,0.12396694214876033,10,1.5720908938172042,0.025210084033613446,0,5.9061931387567759,0
DSNY,18,2024-03,119,0.025210084033613446,0.44827586206896552,0.12605042016806722,15,1.1663121345029241,0.030303030303030304,0,5.3255544041864935,0
DSNY,18,2024-04,99,0.030303030303030304,0.40206185567010311,0.090909090909090912,11,1.4277878910463861,0.020270270270270271,0,5.3460439126387689,0
DSNY,18,2024-05,148,0.020270270270270271,0.4206896551724138,0.040540540540540543,14,1.6470940293742018,0,0,4.4688150588613587,0
DSNY,18,2024-06,173,0,0.38690476190476192,0.057803468208092484,18,1.6020349139820296,0.045161290322580643,0,2.7963166151529562,0
DSNY,18,2024-07,155,0.045161290322580643,0.4370860927152318,0.051612903225806452,13,1.537248119212963,0.039408866995073892,0,6.560649486382311,0
DSNY,18,2024-08,203,0.039408866995073892,0.42999999999999999,0.068965517241379309,16,1.4945571180555555,0.036809815950920248,0,6.1734666676880234,0
DSNY,18,2024-09,163,0.036809815950920248,0.5,0.11042944785276074,26,1.4760533163882836,0.025000000000000001,0,6.6246145515086319,0
DSNY,18,2024-10,160,0.025000000000000001,0.45806451612903226,0.074999999999999997,26,1.8973465711805555,0.050505050505050504,0,5.3933783788629723,0
DSNY,18,2024-11,99,0.050505050505050504,0.5,0.18181818181818182,20,1.5969000220458553,0.011976047904191617,0,8.0422769660823938,0
DSNY,18,2024-12,167,0.011976047904191617,0.43373493975903615,0.17365269461077845,27,1.789374565972222,0.093333333333333338,0,4.7079789995418446,0
DSNY,18,2025-01,75,0.093333333333333338,0.46666666666666667,0.21333333333333335,24,2.6320934235517566,0.035714285714285712,0,11.748541486168792,0.017391304347826087
DSNY,18,2025-02,84,0.035714285714285712,0.42857142857142855,0.15476190476190477,24,2.1468794091710759,0.071895424836601302,0,6.5400891075293943,0
DSNY,18,2025-03,153,0.071895424836601302,0.40789473684210525,0.19607843137254902,39,1.6393700516639829,0.33739837398373984,0,9.5760954602949102,0.017391304347826087
DSNY,18,2025-04,246,0.33739837398373984,0.33196721311475408,0.13008130081300814,28,5.1119135502233757,0.12345679012345678,0,30.817213711620344,0.23474178403755869
DSNY,18,2025-05,162,0.12345679012345678,0.38364779874213839,0.12962962962962962,34,2.9510966435185182,0.1111111111111111,0,13.506952800981246,0.027397260273972601
DSNY,18,2025-06,144,0.1111111111111111,0.41726618705035973,0.2361111111111111,35,2.4229819832944832,0.23456790123456789,0,13.104599752644486,0.027397260273972601
DSNY,18,2025-07,162,0.23456790123456789,0.45911949685534592,0.20370370370370369,38,4.6485622670626601,0.11578947368421053,0,23.590439671005985,0.11846689895470383
DSNY,18,2025-08,190,0.11578947368421053,0.43243243243243246,0.12631578947368421,39,3.1770238095238095,0.078431372549019607,0,13.227829063986135,0.027397260273972601
DSNY,18,2025-09,153,0.078431372549019607,0.44,0.12418300653594772,35,2.5563801899032788,0.16326530612244897,0,10.076030323158292,0.017391304347826087
DSNY,18,2025-10,147,0.16326530612244897,0.4589041095890411,0.16326530612244897,45,3.5616318599621519,0.1951219512195122,0,17.498322173312758,0.078378378378378383
DSNY,18,2025-11,123,0.1951219512195122,0.45528455284552843,0.2032520325203252,36,2.8482674838664424,0.22435897435897437,0,19.963183918880556,0.11846689895470383
